solid OpenSCAD_Model
  facet normal 0.972382 0.233394 0
    outer loop
      vertex 61.4223 25.052 5
      vertex 61.3399 25.3953 2.4
      vertex 61.3399 25.3953 5
    endloop
  endfacet
  facet normal 0.972382 0.233394 0
    outer loop
      vertex 61.3399 25.3953 2.4
      vertex 61.4223 25.052 5
      vertex 61.4223 25.052 2.4
    endloop
  endfacet
  facet normal 0.996918 0.0784506 0
    outer loop
      vertex 61.45 24.7 5
      vertex 61.4223 25.052 2.4
      vertex 61.4223 25.052 5
    endloop
  endfacet
  facet normal 0.996918 0.0784506 0
    outer loop
      vertex 61.4223 25.052 2.4
      vertex 61.45 24.7 5
      vertex 61.45 24.7 2.4
    endloop
  endfacet
  facet normal 0.923896 0.382644 0
    outer loop
      vertex 61.3399 25.3953 5
      vertex 61.2048 25.7215 2.4
      vertex 61.2048 25.7215 5
    endloop
  endfacet
  facet normal 0.923896 0.382644 0
    outer loop
      vertex 61.2048 25.7215 2.4
      vertex 61.3399 25.3953 5
      vertex 61.3399 25.3953 2.4
    endloop
  endfacet
  facet normal -0.852581 -0.522595 0
    outer loop
      vertex 57.3797 23.3775 2.4
      vertex 57.1952 23.6785 5
      vertex 57.1952 23.6785 2.4
    endloop
  endfacet
  facet normal -0.852581 -0.522595 0
    outer loop
      vertex 57.1952 23.6785 5
      vertex 57.3797 23.3775 2.4
      vertex 57.3797 23.3775 5
    endloop
  endfacet
  facet normal 0.852581 -0.522595 0
    outer loop
      vertex 61.0203 23.3775 5
      vertex 61.2048 23.6785 2.4
      vertex 61.2048 23.6785 5
    endloop
  endfacet
  facet normal 0.852581 -0.522595 0
    outer loop
      vertex 61.2048 23.6785 2.4
      vertex 61.0203 23.3775 5
      vertex 61.0203 23.3775 2.4
    endloop
  endfacet
  facet normal -0.760435 -0.649414 0
    outer loop
      vertex 57.609 23.109 2.4
      vertex 57.3797 23.3775 5
      vertex 57.3797 23.3775 2.4
    endloop
  endfacet
  facet normal -0.760435 -0.649414 0
    outer loop
      vertex 57.3797 23.3775 5
      vertex 57.609 23.109 2.4
      vertex 57.609 23.109 5
    endloop
  endfacet
  facet normal -0.852581 0.522595 0
    outer loop
      vertex 57.1952 25.7215 2.4
      vertex 57.3797 26.0225 5
      vertex 57.3797 26.0225 2.4
    endloop
  endfacet
  facet normal -0.852581 0.522595 0
    outer loop
      vertex 57.3797 26.0225 5
      vertex 57.1952 25.7215 2.4
      vertex 57.1952 25.7215 5
    endloop
  endfacet
  facet normal 0.649414 -0.760435 0
    outer loop
      vertex 60.5225 22.8797 2.4
      vertex 60.791 23.109 5
      vertex 60.5225 22.8797 5
    endloop
  endfacet
  facet normal 0.649414 -0.760435 0
    outer loop
      vertex 60.791 23.109 5
      vertex 60.5225 22.8797 2.4
      vertex 60.791 23.109 2.4
    endloop
  endfacet
  facet normal 0.0784506 0.996918 -0
    outer loop
      vertex 59.552 26.9223 2.4
      vertex 59.2 26.95 5
      vertex 59.552 26.9223 5
    endloop
  endfacet
  facet normal 0.0784506 0.996918 0
    outer loop
      vertex 59.2 26.95 5
      vertex 59.552 26.9223 2.4
      vertex 59.2 26.95 2.4
    endloop
  endfacet
  facet normal 0.923896 -0.382644 0
    outer loop
      vertex 61.2048 23.6785 5
      vertex 61.3399 24.0047 2.4
      vertex 61.3399 24.0047 5
    endloop
  endfacet
  facet normal 0.923896 -0.382644 0
    outer loop
      vertex 61.3399 24.0047 2.4
      vertex 61.2048 23.6785 5
      vertex 61.2048 23.6785 2.4
    endloop
  endfacet
  facet normal 0.233394 0.972382 -0
    outer loop
      vertex 59.8953 26.8399 2.4
      vertex 59.552 26.9223 5
      vertex 59.8953 26.8399 5
    endloop
  endfacet
  facet normal 0.233394 0.972382 0
    outer loop
      vertex 59.552 26.9223 5
      vertex 59.8953 26.8399 2.4
      vertex 59.552 26.9223 2.4
    endloop
  endfacet
  facet normal 0.382644 0.923896 -0
    outer loop
      vertex 60.2215 26.7048 2.4
      vertex 59.8953 26.8399 5
      vertex 60.2215 26.7048 5
    endloop
  endfacet
  facet normal 0.382644 0.923896 0
    outer loop
      vertex 59.8953 26.8399 5
      vertex 60.2215 26.7048 2.4
      vertex 59.8953 26.8399 2.4
    endloop
  endfacet
  facet normal -0.233394 -0.972382 0
    outer loop
      vertex 58.5047 22.5601 2.4
      vertex 58.848 22.4777 5
      vertex 58.5047 22.5601 5
    endloop
  endfacet
  facet normal -0.233394 -0.972382 -0
    outer loop
      vertex 58.848 22.4777 5
      vertex 58.5047 22.5601 2.4
      vertex 58.848 22.4777 2.4
    endloop
  endfacet
  facet normal 0.996918 -0.0784506 0
    outer loop
      vertex 61.4223 24.348 5
      vertex 61.45 24.7 2.4
      vertex 61.45 24.7 5
    endloop
  endfacet
  facet normal 0.996918 -0.0784506 0
    outer loop
      vertex 61.45 24.7 2.4
      vertex 61.4223 24.348 5
      vertex 61.4223 24.348 2.4
    endloop
  endfacet
  facet normal 0.522595 -0.852581 0
    outer loop
      vertex 60.2215 22.6952 2.4
      vertex 60.5225 22.8797 5
      vertex 60.2215 22.6952 5
    endloop
  endfacet
  facet normal 0.522595 -0.852581 0
    outer loop
      vertex 60.5225 22.8797 5
      vertex 60.2215 22.6952 2.4
      vertex 60.5225 22.8797 2.4
    endloop
  endfacet
  facet normal -0.522595 0.852581 0
    outer loop
      vertex 58.1785 26.7048 2.4
      vertex 57.8775 26.5203 5
      vertex 58.1785 26.7048 5
    endloop
  endfacet
  facet normal -0.522595 0.852581 0
    outer loop
      vertex 57.8775 26.5203 5
      vertex 58.1785 26.7048 2.4
      vertex 57.8775 26.5203 2.4
    endloop
  endfacet
  facet normal -0.522595 -0.852581 0
    outer loop
      vertex 57.8775 22.8797 2.4
      vertex 58.1785 22.6952 5
      vertex 57.8775 22.8797 5
    endloop
  endfacet
  facet normal -0.522595 -0.852581 -0
    outer loop
      vertex 58.1785 22.6952 5
      vertex 57.8775 22.8797 2.4
      vertex 58.1785 22.6952 2.4
    endloop
  endfacet
  facet normal -0.972382 0.233394 0
    outer loop
      vertex 56.9777 25.052 2.4
      vertex 57.0601 25.3953 5
      vertex 57.0601 25.3953 2.4
    endloop
  endfacet
  facet normal -0.972382 0.233394 0
    outer loop
      vertex 57.0601 25.3953 5
      vertex 56.9777 25.052 2.4
      vertex 56.9777 25.052 5
    endloop
  endfacet
  facet normal 0.972382 -0.233394 0
    outer loop
      vertex 61.3399 24.0047 5
      vertex 61.4223 24.348 2.4
      vertex 61.4223 24.348 5
    endloop
  endfacet
  facet normal 0.972382 -0.233394 0
    outer loop
      vertex 61.4223 24.348 2.4
      vertex 61.3399 24.0047 5
      vertex 61.3399 24.0047 2.4
    endloop
  endfacet
  facet normal 0.233394 -0.972382 0
    outer loop
      vertex 59.552 22.4777 2.4
      vertex 59.8953 22.5601 5
      vertex 59.552 22.4777 5
    endloop
  endfacet
  facet normal 0.233394 -0.972382 0
    outer loop
      vertex 59.8953 22.5601 5
      vertex 59.552 22.4777 2.4
      vertex 59.8953 22.5601 2.4
    endloop
  endfacet
  facet normal -0.923896 -0.382644 0
    outer loop
      vertex 57.1952 23.6785 2.4
      vertex 57.0601 24.0047 5
      vertex 57.0601 24.0047 2.4
    endloop
  endfacet
  facet normal -0.923896 -0.382644 0
    outer loop
      vertex 57.0601 24.0047 5
      vertex 57.1952 23.6785 2.4
      vertex 57.1952 23.6785 5
    endloop
  endfacet
  facet normal -0.649414 0.760435 0
    outer loop
      vertex 57.8775 26.5203 2.4
      vertex 57.609 26.291 5
      vertex 57.8775 26.5203 5
    endloop
  endfacet
  facet normal -0.649414 0.760435 0
    outer loop
      vertex 57.609 26.291 5
      vertex 57.8775 26.5203 2.4
      vertex 57.609 26.291 2.4
    endloop
  endfacet
  facet normal -0.382644 0.923896 0
    outer loop
      vertex 58.5047 26.8399 2.4
      vertex 58.1785 26.7048 5
      vertex 58.5047 26.8399 5
    endloop
  endfacet
  facet normal -0.382644 0.923896 0
    outer loop
      vertex 58.1785 26.7048 5
      vertex 58.5047 26.8399 2.4
      vertex 58.1785 26.7048 2.4
    endloop
  endfacet
  facet normal 0.760435 0.649414 0
    outer loop
      vertex 61.0203 26.0225 5
      vertex 60.791 26.291 2.4
      vertex 60.791 26.291 5
    endloop
  endfacet
  facet normal 0.760435 0.649414 0
    outer loop
      vertex 60.791 26.291 2.4
      vertex 61.0203 26.0225 5
      vertex 61.0203 26.0225 2.4
    endloop
  endfacet
  facet normal 0.0784506 -0.996918 0
    outer loop
      vertex 59.2 22.45 2.4
      vertex 59.552 22.4777 5
      vertex 59.2 22.45 5
    endloop
  endfacet
  facet normal 0.0784506 -0.996918 0
    outer loop
      vertex 59.552 22.4777 5
      vertex 59.2 22.45 2.4
      vertex 59.552 22.4777 2.4
    endloop
  endfacet
  facet normal -0.996918 0.0784506 0
    outer loop
      vertex 56.95 24.7 2.4
      vertex 56.9777 25.052 5
      vertex 56.9777 25.052 2.4
    endloop
  endfacet
  facet normal -0.996918 0.0784506 0
    outer loop
      vertex 56.9777 25.052 5
      vertex 56.95 24.7 2.4
      vertex 56.95 24.7 5
    endloop
  endfacet
  facet normal -0.760435 0.649414 0
    outer loop
      vertex 57.3797 26.0225 2.4
      vertex 57.609 26.291 5
      vertex 57.609 26.291 2.4
    endloop
  endfacet
  facet normal -0.760435 0.649414 0
    outer loop
      vertex 57.609 26.291 5
      vertex 57.3797 26.0225 2.4
      vertex 57.3797 26.0225 5
    endloop
  endfacet
  facet normal 0.649414 0.760435 -0
    outer loop
      vertex 60.791 26.291 2.4
      vertex 60.5225 26.5203 5
      vertex 60.791 26.291 5
    endloop
  endfacet
  facet normal 0.649414 0.760435 0
    outer loop
      vertex 60.5225 26.5203 5
      vertex 60.791 26.291 2.4
      vertex 60.5225 26.5203 2.4
    endloop
  endfacet
  facet normal 0.382644 -0.923896 0
    outer loop
      vertex 59.8953 22.5601 2.4
      vertex 60.2215 22.6952 5
      vertex 59.8953 22.5601 5
    endloop
  endfacet
  facet normal 0.382644 -0.923896 0
    outer loop
      vertex 60.2215 22.6952 5
      vertex 59.8953 22.5601 2.4
      vertex 60.2215 22.6952 2.4
    endloop
  endfacet
  facet normal 0.522595 0.852581 -0
    outer loop
      vertex 60.5225 26.5203 2.4
      vertex 60.2215 26.7048 5
      vertex 60.5225 26.5203 5
    endloop
  endfacet
  facet normal 0.522595 0.852581 0
    outer loop
      vertex 60.2215 26.7048 5
      vertex 60.5225 26.5203 2.4
      vertex 60.2215 26.7048 2.4
    endloop
  endfacet
  facet normal -0.649414 -0.760435 0
    outer loop
      vertex 57.609 23.109 2.4
      vertex 57.8775 22.8797 5
      vertex 57.609 23.109 5
    endloop
  endfacet
  facet normal -0.649414 -0.760435 -0
    outer loop
      vertex 57.8775 22.8797 5
      vertex 57.609 23.109 2.4
      vertex 57.8775 22.8797 2.4
    endloop
  endfacet
  facet normal -0.233394 0.972382 0
    outer loop
      vertex 58.848 26.9223 2.4
      vertex 58.5047 26.8399 5
      vertex 58.848 26.9223 5
    endloop
  endfacet
  facet normal -0.233394 0.972382 0
    outer loop
      vertex 58.5047 26.8399 5
      vertex 58.848 26.9223 2.4
      vertex 58.5047 26.8399 2.4
    endloop
  endfacet
  facet normal 0 0 -1
    outer loop
      vertex 13.1992 26.0753 0
      vertex 11.1483 30.343 0
      vertex 11.2 31 0
    endloop
  endfacet
  facet normal 0 0 -1
    outer loop
      vertex 9.4687 27.6021 0
      vertex 11.2008 26.0753 0
      vertex 10.9979 25.9021 0
    endloop
  endfacet
  facet normal 0 0 -1
    outer loop
      vertex 11.4282 26.2147 0
      vertex 10.9944 29.7021 0
      vertex 11.1483 30.343 0
    endloop
  endfacet
  facet normal 0 0 -1
    outer loop
      vertex 9.4687 27.6021 0
      vertex 10.9979 25.9021 0
      vertex 10.8247 25.6992 0
    endloop
  endfacet
  facet normal 0 0 -1
    outer loop
      vertex 11.4282 26.2147 0
      vertex 10.7422 29.0932 0
      vertex 10.9944 29.7021 0
    endloop
  endfacet
  facet normal 0 0 -1
    outer loop
      vertex 8.90676 27.2578 0
      vertex 10.8247 25.6992 0
      vertex 10.6853 25.4718 0
    endloop
  endfacet
  facet normal 0 0 -1
    outer loop
      vertex 8.90676 27.2578 0
      vertex 10.6853 25.4718 0
      vertex 10.5832 25.2253 0
    endloop
  endfacet
  facet normal 0 0 -1
    outer loop
      vertex 8.29787 27.0056 0
      vertex 10.5832 25.2253 0
      vertex 10.5209 24.9659 0
    endloop
  endfacet
  facet normal 0 0 -1
    outer loop
      vertex 8.29787 27.0056 0
      vertex 10.5209 24.9659 0
      vertex 10.5 24.7 0
    endloop
  endfacet
  facet normal 0 0 -1
    outer loop
      vertex 11.4282 26.2147 0
      vertex 10.3979 28.5313 0
      vertex 10.7422 29.0932 0
    endloop
  endfacet
  facet normal -0 0 -1
    outer loop
      vertex 10.5209 13.0341 0
      vertex 8.29787 10.9944 0
      vertex 10.5 13.3 0
    endloop
  endfacet
  facet normal 0 0 -1
    outer loop
      vertex 7.65702 11.1483 0
      vertex 10.5 13.3 0
      vertex 8.29787 10.9944 0
    endloop
  endfacet
  facet normal 0 0 -1
    outer loop
      vertex 11.4282 26.2147 0
      vertex 9.96985 28.0302 0
      vertex 10.3979 28.5313 0
    endloop
  endfacet
  facet normal -0 0 -1
    outer loop
      vertex 10.5 13.3 0
      vertex 7.65702 11.1483 0
      vertex 10.5209 13.5659 0
    endloop
  endfacet
  facet normal 0 0 -1
    outer loop
      vertex 11.2008 26.0753 0
      vertex 9.4687 27.6021 0
      vertex 9.96985 28.0302 0
    endloop
  endfacet
  facet normal 0 0 -1
    outer loop
      vertex 7 11.2 0
      vertex 10.5209 13.5659 0
      vertex 7.65702 11.1483 0
    endloop
  endfacet
  facet normal 0 0 -1
    outer loop
      vertex 10.8247 25.6992 0
      vertex 8.90676 27.2578 0
      vertex 9.4687 27.6021 0
    endloop
  endfacet
  facet normal 0 0 -1
    outer loop
      vertex 6.34297 11.1483 0
      vertex 10.5209 13.5659 0
      vertex 7 11.2 0
    endloop
  endfacet
  facet normal 0 0 -1
    outer loop
      vertex 10.5832 25.2253 0
      vertex 8.29787 27.0056 0
      vertex 8.90676 27.2578 0
    endloop
  endfacet
  facet normal -0 0 -1
    outer loop
      vertex 10.5209 13.5659 0
      vertex 6.34297 11.1483 0
      vertex 10.5209 24.4341 0
    endloop
  endfacet
  facet normal 0 0 -1
    outer loop
      vertex 10.5 24.7 0
      vertex 7.65702 26.8517 0
      vertex 8.29787 27.0056 0
    endloop
  endfacet
  facet normal 0 0 -1
    outer loop
      vertex 6.34297 26.8517 0
      vertex 10.5209 24.4341 0
      vertex 6.34297 11.1483 0
    endloop
  endfacet
  facet normal 0 0 -1
    outer loop
      vertex 10.5209 24.4341 0
      vertex 7.65702 26.8517 0
      vertex 10.5 24.7 0
    endloop
  endfacet
  facet normal -0 -0 -1
    outer loop
      vertex 7 26.8 0
      vertex 10.5209 24.4341 0
      vertex 6.34297 26.8517 0
    endloop
  endfacet
  facet normal 0 -0 -1
    outer loop
      vertex 7.65702 26.8517 0
      vertex 10.5209 24.4341 0
      vertex 7 26.8 0
    endloop
  endfacet
  facet normal 0 0 -1
    outer loop
      vertex 5.70213 10.9944 0
      vertex 6.34297 26.8517 0
      vertex 6.34297 11.1483 0
    endloop
  endfacet
  facet normal 0 0 -1
    outer loop
      vertex 5.70213 10.9944 0
      vertex 5.70213 27.0056 0
      vertex 6.34297 26.8517 0
    endloop
  endfacet
  facet normal 0 0 -1
    outer loop
      vertex 5.09324 10.7422 0
      vertex 5.70213 27.0056 0
      vertex 5.70213 10.9944 0
    endloop
  endfacet
  facet normal 0 0 -1
    outer loop
      vertex 5.09324 10.7422 0
      vertex 5.09324 27.2578 0
      vertex 5.70213 27.0056 0
    endloop
  endfacet
  facet normal 0 0 -1
    outer loop
      vertex 4.5313 10.3979 0
      vertex 5.09324 27.2578 0
      vertex 5.09324 10.7422 0
    endloop
  endfacet
  facet normal 0 0 -1
    outer loop
      vertex 4.5313 10.3979 0
      vertex 4.5313 27.6021 0
      vertex 5.09324 27.2578 0
    endloop
  endfacet
  facet normal 0 0 -1
    outer loop
      vertex 4.03015 9.96985 0
      vertex 4.5313 27.6021 0
      vertex 4.5313 10.3979 0
    endloop
  endfacet
  facet normal 0 0 -1
    outer loop
      vertex 4.03015 9.96985 0
      vertex 4.03015 28.0302 0
      vertex 4.5313 27.6021 0
    endloop
  endfacet
  facet normal 0 0 -1
    outer loop
      vertex 3.60213 9.4687 0
      vertex 4.03015 28.0302 0
      vertex 4.03015 9.96985 0
    endloop
  endfacet
  facet normal 0 0 -1
    outer loop
      vertex 3.60213 9.4687 0
      vertex 3.60213 28.5313 0
      vertex 4.03015 28.0302 0
    endloop
  endfacet
  facet normal 0 0 -1
    outer loop
      vertex 3.25777 8.90676 0
      vertex 3.60213 28.5313 0
      vertex 3.60213 9.4687 0
    endloop
  endfacet
  facet normal 0 0 -1
    outer loop
      vertex 3.25777 8.90676 0
      vertex 3.25777 29.0932 0
      vertex 3.60213 28.5313 0
    endloop
  endfacet
  facet normal 0 0 -1
    outer loop
      vertex 3.00556 8.29787 0
      vertex 3.25777 29.0932 0
      vertex 3.25777 8.90676 0
    endloop
  endfacet
  facet normal 0 0 -1
    outer loop
      vertex 3.00556 8.29787 0
      vertex 3.00556 29.7021 0
      vertex 3.25777 29.0932 0
    endloop
  endfacet
  facet normal 0 0 -1
    outer loop
      vertex 2.85171 7.65702 0
      vertex 3.00556 29.7021 0
      vertex 3.00556 8.29787 0
    endloop
  endfacet
  facet normal 0 0 -1
    outer loop
      vertex 2.85171 7.65702 0
      vertex 2.85171 30.343 0
      vertex 3.00556 29.7021 0
    endloop
  endfacet
  facet normal 0 0 -1
    outer loop
      vertex 2.05 3.25 0
      vertex 2.85171 7.65702 0
      vertex 2.8 7 0
    endloop
  endfacet
  facet normal -0 0 -1
    outer loop
      vertex 2.85171 7.65702 0
      vertex 2.05 3.25 0
      vertex 2.85171 30.343 0
    endloop
  endfacet
  facet normal 0 0 -1
    outer loop
      vertex 53.2578 8.90676 0
      vertex 13.8168 13.8253 0
      vertex 53.2578 29.0932 0
    endloop
  endfacet
  facet normal 0 0 -1
    outer loop
      vertex 53.2578 29.0932 0
      vertex 13.8791 24.4341 0
      vertex 13.9 24.7 0
    endloop
  endfacet
  facet normal 0 0 -1
    outer loop
      vertex 13.8168 24.1747 0
      vertex 53.2578 29.0932 0
      vertex 13.8168 13.8253 0
    endloop
  endfacet
  facet normal 0 0 -1
    outer loop
      vertex 53.2578 29.0932 0
      vertex 13.8168 24.1747 0
      vertex 13.8791 24.4341 0
    endloop
  endfacet
  facet normal 0 0 -1
    outer loop
      vertex 13.7147 14.0718 0
      vertex 13.8168 24.1747 0
      vertex 13.8168 13.8253 0
    endloop
  endfacet
  facet normal 0 0 -1
    outer loop
      vertex 13.7147 14.0718 0
      vertex 13.7147 23.9282 0
      vertex 13.8168 24.1747 0
    endloop
  endfacet
  facet normal 0 0 -1
    outer loop
      vertex 13.5753 14.2992 0
      vertex 13.7147 23.9282 0
      vertex 13.7147 14.0718 0
    endloop
  endfacet
  facet normal 0 0 -1
    outer loop
      vertex 13.5753 14.2992 0
      vertex 13.5753 23.7008 0
      vertex 13.7147 23.9282 0
    endloop
  endfacet
  facet normal 0 0 -1
    outer loop
      vertex 13.4021 14.5021 0
      vertex 13.5753 23.7008 0
      vertex 13.5753 14.2992 0
    endloop
  endfacet
  facet normal 0 0 -1
    outer loop
      vertex 13.4021 14.5021 0
      vertex 13.4021 23.4979 0
      vertex 13.5753 23.7008 0
    endloop
  endfacet
  facet normal 0 0 -1
    outer loop
      vertex 13.1992 14.6753 0
      vertex 13.4021 23.4979 0
      vertex 13.4021 14.5021 0
    endloop
  endfacet
  facet normal 0 0 -1
    outer loop
      vertex 13.1992 14.6753 0
      vertex 13.1992 23.3247 0
      vertex 13.4021 23.4979 0
    endloop
  endfacet
  facet normal 0 0 -1
    outer loop
      vertex 12.9718 14.8147 0
      vertex 13.1992 23.3247 0
      vertex 13.1992 14.6753 0
    endloop
  endfacet
  facet normal 0 0 -1
    outer loop
      vertex 12.9718 14.8147 0
      vertex 12.9718 23.1853 0
      vertex 13.1992 23.3247 0
    endloop
  endfacet
  facet normal 0 0 -1
    outer loop
      vertex 12.7253 14.9168 0
      vertex 12.9718 23.1853 0
      vertex 12.9718 14.8147 0
    endloop
  endfacet
  facet normal 0 0 -1
    outer loop
      vertex 12.7253 14.9168 0
      vertex 12.7253 23.0832 0
      vertex 12.9718 23.1853 0
    endloop
  endfacet
  facet normal 0 0 -1
    outer loop
      vertex 12.4659 14.9791 0
      vertex 12.7253 23.0832 0
      vertex 12.7253 14.9168 0
    endloop
  endfacet
  facet normal 0 0 -1
    outer loop
      vertex 12.4659 14.9791 0
      vertex 12.4659 23.0209 0
      vertex 12.7253 23.0832 0
    endloop
  endfacet
  facet normal 0 0 -1
    outer loop
      vertex 12.2 15 0
      vertex 12.4659 23.0209 0
      vertex 12.4659 14.9791 0
    endloop
  endfacet
  facet normal 0 0 -1
    outer loop
      vertex 12.2 15 0
      vertex 12.2 23 0
      vertex 12.4659 23.0209 0
    endloop
  endfacet
  facet normal 0 0 -1
    outer loop
      vertex 11.9341 14.9791 0
      vertex 12.2 23 0
      vertex 12.2 15 0
    endloop
  endfacet
  facet normal 0 0 -1
    outer loop
      vertex 11.9341 14.9791 0
      vertex 11.9341 23.0209 0
      vertex 12.2 23 0
    endloop
  endfacet
  facet normal 0 0 -1
    outer loop
      vertex 11.6747 14.9168 0
      vertex 11.9341 23.0209 0
      vertex 11.9341 14.9791 0
    endloop
  endfacet
  facet normal 0 0 -1
    outer loop
      vertex 11.6747 14.9168 0
      vertex 11.6747 23.0832 0
      vertex 11.9341 23.0209 0
    endloop
  endfacet
  facet normal 0 0 -1
    outer loop
      vertex 11.4282 14.8147 0
      vertex 11.6747 23.0832 0
      vertex 11.6747 14.9168 0
    endloop
  endfacet
  facet normal 0 0 -1
    outer loop
      vertex 11.4282 14.8147 0
      vertex 11.4282 23.1853 0
      vertex 11.6747 23.0832 0
    endloop
  endfacet
  facet normal 0 0 -1
    outer loop
      vertex 11.2008 14.6753 0
      vertex 11.4282 23.1853 0
      vertex 11.4282 14.8147 0
    endloop
  endfacet
  facet normal 0 0 -1
    outer loop
      vertex 11.2008 14.6753 0
      vertex 11.2008 23.3247 0
      vertex 11.4282 23.1853 0
    endloop
  endfacet
  facet normal 0 0 -1
    outer loop
      vertex 10.9979 14.5021 0
      vertex 11.2008 23.3247 0
      vertex 11.2008 14.6753 0
    endloop
  endfacet
  facet normal 0 0 -1
    outer loop
      vertex 10.9979 14.5021 0
      vertex 10.9979 23.4979 0
      vertex 11.2008 23.3247 0
    endloop
  endfacet
  facet normal 0 0 -1
    outer loop
      vertex 10.8247 14.2992 0
      vertex 10.9979 23.4979 0
      vertex 10.9979 14.5021 0
    endloop
  endfacet
  facet normal 0 0 -1
    outer loop
      vertex 10.8247 14.2992 0
      vertex 10.8247 23.7008 0
      vertex 10.9979 23.4979 0
    endloop
  endfacet
  facet normal 0 0 -1
    outer loop
      vertex 10.6853 14.0718 0
      vertex 10.8247 23.7008 0
      vertex 10.8247 14.2992 0
    endloop
  endfacet
  facet normal 0 0 -1
    outer loop
      vertex 10.6853 14.0718 0
      vertex 10.6853 23.9282 0
      vertex 10.8247 23.7008 0
    endloop
  endfacet
  facet normal 0 0 -1
    outer loop
      vertex 10.5832 13.8253 0
      vertex 10.6853 23.9282 0
      vertex 10.6853 14.0718 0
    endloop
  endfacet
  facet normal 0 0 -1
    outer loop
      vertex 10.5832 13.8253 0
      vertex 10.5832 24.1747 0
      vertex 10.6853 23.9282 0
    endloop
  endfacet
  facet normal 0 0 -1
    outer loop
      vertex 10.5209 13.5659 0
      vertex 10.5832 24.1747 0
      vertex 10.5832 13.8253 0
    endloop
  endfacet
  facet normal 0 0 -1
    outer loop
      vertex 10.5209 13.5659 0
      vertex 10.5209 24.4341 0
      vertex 10.5832 24.1747 0
    endloop
  endfacet
  facet normal 0 0 -1
    outer loop
      vertex 8.29787 10.9944 0
      vertex 10.5832 12.7747 0
      vertex 8.90676 10.7422 0
    endloop
  endfacet
  facet normal -0 0 -1
    outer loop
      vertex 10.5832 12.7747 0
      vertex 8.29787 10.9944 0
      vertex 10.5209 13.0341 0
    endloop
  endfacet
  facet normal 0 0 -1
    outer loop
      vertex 10.3979 9.4687 0
      vertex 11.9341 11.6209 0
      vertex 10.7422 8.90676 0
    endloop
  endfacet
  facet normal -0 0 -1
    outer loop
      vertex 11.9341 11.6209 0
      vertex 10.3979 9.4687 0
      vertex 11.6747 11.6832 0
    endloop
  endfacet
  facet normal 0 0 -1
    outer loop
      vertex 9.96985 9.96985 0
      vertex 11.6747 11.6832 0
      vertex 10.3979 9.4687 0
    endloop
  endfacet
  facet normal -0 0 -1
    outer loop
      vertex 11.6747 11.6832 0
      vertex 9.96985 9.96985 0
      vertex 11.4282 11.7853 0
    endloop
  endfacet
  facet normal -0 0 -1
    outer loop
      vertex 11.4282 11.7853 0
      vertex 9.96985 9.96985 0
      vertex 11.2008 11.9247 0
    endloop
  endfacet
  facet normal 0 0 -1
    outer loop
      vertex 9.4687 10.3979 0
      vertex 11.2008 11.9247 0
      vertex 9.96985 9.96985 0
    endloop
  endfacet
  facet normal -0 0 -1
    outer loop
      vertex 11.2008 11.9247 0
      vertex 9.4687 10.3979 0
      vertex 10.9979 12.0979 0
    endloop
  endfacet
  facet normal -0 0 -1
    outer loop
      vertex 10.9979 12.0979 0
      vertex 9.4687 10.3979 0
      vertex 10.8247 12.3008 0
    endloop
  endfacet
  facet normal 0 0 -1
    outer loop
      vertex 8.90676 10.7422 0
      vertex 10.8247 12.3008 0
      vertex 9.4687 10.3979 0
    endloop
  endfacet
  facet normal -0 0 -1
    outer loop
      vertex 10.6853 12.5282 0
      vertex 8.90676 10.7422 0
      vertex 10.5832 12.7747 0
    endloop
  endfacet
  facet normal -0 0 -1
    outer loop
      vertex 10.8247 12.3008 0
      vertex 8.90676 10.7422 0
      vertex 10.6853 12.5282 0
    endloop
  endfacet
  facet normal 0 0 -1
    outer loop
      vertex 60.8791 13.5659 0
      vertex 60.9 24.7 0
      vertex 60.9 13.3 0
    endloop
  endfacet
  facet normal 0 0 -1
    outer loop
      vertex 60.8791 13.5659 0
      vertex 60.8791 24.4341 0
      vertex 60.9 24.7 0
    endloop
  endfacet
  facet normal 0 0 -1
    outer loop
      vertex 60.8168 13.8253 0
      vertex 60.8791 24.4341 0
      vertex 60.8791 13.5659 0
    endloop
  endfacet
  facet normal 0 0 -1
    outer loop
      vertex 60.8168 13.8253 0
      vertex 60.8168 24.1747 0
      vertex 60.8791 24.4341 0
    endloop
  endfacet
  facet normal 0 0 -1
    outer loop
      vertex 60.7147 14.0718 0
      vertex 60.8168 24.1747 0
      vertex 60.8168 13.8253 0
    endloop
  endfacet
  facet normal 0 0 -1
    outer loop
      vertex 60.7147 14.0718 0
      vertex 60.7147 23.9282 0
      vertex 60.8168 24.1747 0
    endloop
  endfacet
  facet normal 0 0 -1
    outer loop
      vertex 60.5753 14.2992 0
      vertex 60.7147 23.9282 0
      vertex 60.7147 14.0718 0
    endloop
  endfacet
  facet normal 0 0 -1
    outer loop
      vertex 60.5753 14.2992 0
      vertex 60.5753 23.7008 0
      vertex 60.7147 23.9282 0
    endloop
  endfacet
  facet normal 0 0 -1
    outer loop
      vertex 60.4021 14.5021 0
      vertex 60.5753 23.7008 0
      vertex 60.5753 14.2992 0
    endloop
  endfacet
  facet normal 0 0 -1
    outer loop
      vertex 60.4021 14.5021 0
      vertex 60.4021 23.4979 0
      vertex 60.5753 23.7008 0
    endloop
  endfacet
  facet normal 0 0 -1
    outer loop
      vertex 60.1992 14.6753 0
      vertex 60.4021 23.4979 0
      vertex 60.4021 14.5021 0
    endloop
  endfacet
  facet normal 0 0 -1
    outer loop
      vertex 60.1992 14.6753 0
      vertex 60.1992 23.3247 0
      vertex 60.4021 23.4979 0
    endloop
  endfacet
  facet normal 0 0 -1
    outer loop
      vertex 59.9718 14.8147 0
      vertex 60.1992 23.3247 0
      vertex 60.1992 14.6753 0
    endloop
  endfacet
  facet normal 0 0 -1
    outer loop
      vertex 59.9718 14.8147 0
      vertex 59.9718 23.1853 0
      vertex 60.1992 23.3247 0
    endloop
  endfacet
  facet normal 0 0 -1
    outer loop
      vertex 59.7253 14.9168 0
      vertex 59.9718 23.1853 0
      vertex 59.9718 14.8147 0
    endloop
  endfacet
  facet normal 0 0 -1
    outer loop
      vertex 59.7253 14.9168 0
      vertex 59.7253 23.0832 0
      vertex 59.9718 23.1853 0
    endloop
  endfacet
  facet normal 0 0 -1
    outer loop
      vertex 59.4659 14.9791 0
      vertex 59.7253 23.0832 0
      vertex 59.7253 14.9168 0
    endloop
  endfacet
  facet normal 0 0 -1
    outer loop
      vertex 59.4659 14.9791 0
      vertex 59.4659 23.0209 0
      vertex 59.7253 23.0832 0
    endloop
  endfacet
  facet normal 0 0 -1
    outer loop
      vertex 59.2 15 0
      vertex 59.4659 23.0209 0
      vertex 59.4659 14.9791 0
    endloop
  endfacet
  facet normal 0 0 -1
    outer loop
      vertex 59.2 15 0
      vertex 59.2 23 0
      vertex 59.4659 23.0209 0
    endloop
  endfacet
  facet normal 0 0 -1
    outer loop
      vertex 58.9341 14.9791 0
      vertex 59.2 23 0
      vertex 59.2 15 0
    endloop
  endfacet
  facet normal 0 0 -1
    outer loop
      vertex 58.9341 14.9791 0
      vertex 58.9341 23.0209 0
      vertex 59.2 23 0
    endloop
  endfacet
  facet normal 0 0 -1
    outer loop
      vertex 58.6747 14.9168 0
      vertex 58.9341 23.0209 0
      vertex 58.9341 14.9791 0
    endloop
  endfacet
  facet normal 0 0 -1
    outer loop
      vertex 58.6747 14.9168 0
      vertex 58.6747 23.0832 0
      vertex 58.9341 23.0209 0
    endloop
  endfacet
  facet normal 0 0 -1
    outer loop
      vertex 58.4282 14.8147 0
      vertex 58.6747 23.0832 0
      vertex 58.6747 14.9168 0
    endloop
  endfacet
  facet normal 0 0 -1
    outer loop
      vertex 58.4282 14.8147 0
      vertex 58.4282 23.1853 0
      vertex 58.6747 23.0832 0
    endloop
  endfacet
  facet normal 0 0 -1
    outer loop
      vertex 58.2008 14.6753 0
      vertex 58.4282 23.1853 0
      vertex 58.4282 14.8147 0
    endloop
  endfacet
  facet normal 0 0 -1
    outer loop
      vertex 58.2008 14.6753 0
      vertex 58.2008 23.3247 0
      vertex 58.4282 23.1853 0
    endloop
  endfacet
  facet normal 0 0 -1
    outer loop
      vertex 57.9979 14.5021 0
      vertex 58.2008 23.3247 0
      vertex 58.2008 14.6753 0
    endloop
  endfacet
  facet normal 0 0 -1
    outer loop
      vertex 57.9979 14.5021 0
      vertex 57.9979 23.4979 0
      vertex 58.2008 23.3247 0
    endloop
  endfacet
  facet normal 0 0 -1
    outer loop
      vertex 57.8247 14.2992 0
      vertex 57.9979 23.4979 0
      vertex 57.9979 14.5021 0
    endloop
  endfacet
  facet normal 0 0 -1
    outer loop
      vertex 57.8247 14.2992 0
      vertex 57.8247 23.7008 0
      vertex 57.9979 23.4979 0
    endloop
  endfacet
  facet normal 0 0 -1
    outer loop
      vertex 57.6853 14.0718 0
      vertex 57.8247 23.7008 0
      vertex 57.8247 14.2992 0
    endloop
  endfacet
  facet normal 0 0 -1
    outer loop
      vertex 57.6853 14.0718 0
      vertex 57.6853 23.9282 0
      vertex 57.8247 23.7008 0
    endloop
  endfacet
  facet normal 0 0 -1
    outer loop
      vertex 54.5313 10.3979 0
      vertex 57.6853 14.0718 0
      vertex 57.5832 13.8253 0
    endloop
  endfacet
  facet normal -0 0 -1
    outer loop
      vertex 57.6853 14.0718 0
      vertex 54.5313 10.3979 0
      vertex 57.6853 23.9282 0
    endloop
  endfacet
  facet normal 0 0 -1
    outer loop
      vertex 55.0932 10.7422 0
      vertex 57.5832 13.8253 0
      vertex 57.5209 13.5659 0
    endloop
  endfacet
  facet normal 0 0 -1
    outer loop
      vertex 54.5313 27.6021 0
      vertex 57.6853 23.9282 0
      vertex 54.5313 10.3979 0
    endloop
  endfacet
  facet normal 0 0 -1
    outer loop
      vertex 55.7021 10.9944 0
      vertex 57.5209 13.5659 0
      vertex 57.5 13.3 0
    endloop
  endfacet
  facet normal 0 0 -1
    outer loop
      vertex 57.6853 23.9282 0
      vertex 54.5313 27.6021 0
      vertex 57.5832 24.1747 0
    endloop
  endfacet
  facet normal 0 0 -1
    outer loop
      vertex 61.95 3.25 0
      vertex 60.9 13.3 0
      vertex 61.95 34.75 0
    endloop
  endfacet
  facet normal 0 0 -1
    outer loop
      vertex 60.9 24.7 0
      vertex 61.95 34.75 0
      vertex 60.9 13.3 0
    endloop
  endfacet
  facet normal 0 0 -1
    outer loop
      vertex 60.8791 13.0341 0
      vertex 61.1483 7.65702 0
      vertex 60.9944 8.29787 0
    endloop
  endfacet
  facet normal 0 -0 -1
    outer loop
      vertex 61.1483 30.343 0
      vertex 61.95 34.75 0
      vertex 60.9 24.7 0
    endloop
  endfacet
  facet normal 0 0 -1
    outer loop
      vertex 61.95 34.75 0
      vertex 61.1483 30.343 0
      vertex 61.2 31 0
    endloop
  endfacet
  facet normal 0 0 -1
    outer loop
      vertex 61.1483 7.65702 0
      vertex 60.8791 13.0341 0
      vertex 60.9 13.3 0
    endloop
  endfacet
  facet normal 0 0 -1
    outer loop
      vertex 60.9944 8.29787 0
      vertex 60.8168 12.7747 0
      vertex 60.8791 13.0341 0
    endloop
  endfacet
  facet normal 0 0 -1
    outer loop
      vertex 60.7422 8.90676 0
      vertex 60.8168 12.7747 0
      vertex 60.9944 8.29787 0
    endloop
  endfacet
  facet normal 0 0 -1
    outer loop
      vertex 60.7422 8.90676 0
      vertex 60.7147 12.5282 0
      vertex 60.8168 12.7747 0
    endloop
  endfacet
  facet normal 0 0 -1
    outer loop
      vertex 60.7422 8.90676 0
      vertex 60.5753 12.3008 0
      vertex 60.7147 12.5282 0
    endloop
  endfacet
  facet normal 0 0 -1
    outer loop
      vertex 60.3979 9.4687 0
      vertex 60.5753 12.3008 0
      vertex 60.7422 8.90676 0
    endloop
  endfacet
  facet normal 0 0 -1
    outer loop
      vertex 60.5753 12.3008 0
      vertex 60.3979 9.4687 0
      vertex 60.4021 12.0979 0
    endloop
  endfacet
  facet normal 0 0 -1
    outer loop
      vertex 59.9698 9.96985 0
      vertex 60.4021 12.0979 0
      vertex 60.3979 9.4687 0
    endloop
  endfacet
  facet normal 0 0 -1
    outer loop
      vertex 60.4021 12.0979 0
      vertex 59.9698 9.96985 0
      vertex 60.1992 11.9247 0
    endloop
  endfacet
  facet normal 0 0 -1
    outer loop
      vertex 60.1992 11.9247 0
      vertex 59.9698 9.96985 0
      vertex 59.9718 11.7853 0
    endloop
  endfacet
  facet normal 0 0 -1
    outer loop
      vertex 59.4687 10.3979 0
      vertex 59.9718 11.7853 0
      vertex 59.9698 9.96985 0
    endloop
  endfacet
  facet normal 0 0 -1
    outer loop
      vertex 59.9718 11.7853 0
      vertex 59.4687 10.3979 0
      vertex 59.7253 11.6832 0
    endloop
  endfacet
  facet normal 0 0 -1
    outer loop
      vertex 59.4687 10.3979 0
      vertex 59.4659 11.6209 0
      vertex 59.7253 11.6832 0
    endloop
  endfacet
  facet normal 0 0 -1
    outer loop
      vertex 58.9068 10.7422 0
      vertex 59.4659 11.6209 0
      vertex 59.4687 10.3979 0
    endloop
  endfacet
  facet normal 0 0 -1
    outer loop
      vertex 59.4659 11.6209 0
      vertex 58.9068 10.7422 0
      vertex 59.2 11.6 0
    endloop
  endfacet
  facet normal -0 0 -1
    outer loop
      vertex 59.2 11.6 0
      vertex 58.9068 10.7422 0
      vertex 58.9341 11.6209 0
    endloop
  endfacet
  facet normal 0 0 -1
    outer loop
      vertex 58.2979 10.9944 0
      vertex 58.9341 11.6209 0
      vertex 58.9068 10.7422 0
    endloop
  endfacet
  facet normal -0 0 -1
    outer loop
      vertex 58.9341 11.6209 0
      vertex 58.2979 10.9944 0
      vertex 58.6747 11.6832 0
    endloop
  endfacet
  facet normal -0 0 -1
    outer loop
      vertex 58.6747 11.6832 0
      vertex 58.2979 10.9944 0
      vertex 58.4282 11.7853 0
    endloop
  endfacet
  facet normal 0 0 -1
    outer loop
      vertex 57.657 11.1483 0
      vertex 58.4282 11.7853 0
      vertex 58.2979 10.9944 0
    endloop
  endfacet
  facet normal -0 0 -1
    outer loop
      vertex 58.4282 11.7853 0
      vertex 57.657 11.1483 0
      vertex 58.2008 11.9247 0
    endloop
  endfacet
  facet normal -0 0 -1
    outer loop
      vertex 58.2008 11.9247 0
      vertex 57.657 11.1483 0
      vertex 57.9979 12.0979 0
    endloop
  endfacet
  facet normal -0 0 -1
    outer loop
      vertex 57.9979 12.0979 0
      vertex 57.657 11.1483 0
      vertex 57.8247 12.3008 0
    endloop
  endfacet
  facet normal 0 0 -1
    outer loop
      vertex 57 11.2 0
      vertex 57.8247 12.3008 0
      vertex 57.657 11.1483 0
    endloop
  endfacet
  facet normal -0 0 -1
    outer loop
      vertex 57.8247 12.3008 0
      vertex 57 11.2 0
      vertex 57.6853 12.5282 0
    endloop
  endfacet
  facet normal -0 0 -1
    outer loop
      vertex 57.6853 12.5282 0
      vertex 57 11.2 0
      vertex 57.5832 12.7747 0
    endloop
  endfacet
  facet normal 0 0 -1
    outer loop
      vertex 56.343 11.1483 0
      vertex 57.5832 12.7747 0
      vertex 57 11.2 0
    endloop
  endfacet
  facet normal 0 0 -1
    outer loop
      vertex 55.7021 10.9944 0
      vertex 57.5209 13.0341 0
      vertex 56.343 11.1483 0
    endloop
  endfacet
  facet normal -0 0 -1
    outer loop
      vertex 57.5832 12.7747 0
      vertex 56.343 11.1483 0
      vertex 57.5209 13.0341 0
    endloop
  endfacet
  facet normal 0 0 -1
    outer loop
      vertex 59.9698 4.03015 0
      vertex 61.95 3.25 0
      vertex 61.9352 3.06228 0
    endloop
  endfacet
  facet normal 0 0 -1
    outer loop
      vertex 61.1483 7.65702 0
      vertex 61.95 3.25 0
      vertex 61.2 7 0
    endloop
  endfacet
  facet normal 0 0 -1
    outer loop
      vertex 59.9698 4.03015 0
      vertex 61.9352 3.06228 0
      vertex 61.8913 2.87918 0
    endloop
  endfacet
  facet normal 0 0 -1
    outer loop
      vertex 60.9 13.3 0
      vertex 61.95 3.25 0
      vertex 61.1483 7.65702 0
    endloop
  endfacet
  facet normal 0 0 -1
    outer loop
      vertex 59.9698 4.03015 0
      vertex 61.8913 2.87918 0
      vertex 61.8192 2.70521 0
    endloop
  endfacet
  facet normal 0 0 -1
    outer loop
      vertex 61.1483 31.657 0
      vertex 61.95 34.75 0
      vertex 61.2 31 0
    endloop
  endfacet
  facet normal 0 0 -1
    outer loop
      vertex 59.9698 4.03015 0
      vertex 61.8192 2.70521 0
      vertex 61.7208 2.54466 0
    endloop
  endfacet
  facet normal 0 0 -1
    outer loop
      vertex 60.9944 32.2979 0
      vertex 61.95 34.75 0
      vertex 61.1483 31.657 0
    endloop
  endfacet
  facet normal 0 0 -1
    outer loop
      vertex 59.9698 4.03015 0
      vertex 61.7208 2.54466 0
      vertex 61.5985 2.40147 0
    endloop
  endfacet
  facet normal 0 0 -1
    outer loop
      vertex 60.7422 32.9068 0
      vertex 61.95 34.75 0
      vertex 60.9944 32.2979 0
    endloop
  endfacet
  facet normal 0 0 -1
    outer loop
      vertex 59.9698 4.03015 0
      vertex 61.5985 2.40147 0
      vertex 61.4553 2.27918 0
    endloop
  endfacet
  facet normal 0 0 -1
    outer loop
      vertex 60.3979 33.4687 0
      vertex 61.95 34.75 0
      vertex 60.7422 32.9068 0
    endloop
  endfacet
  facet normal 0 0 -1
    outer loop
      vertex 59.9698 4.03015 0
      vertex 61.4553 2.27918 0
      vertex 61.2948 2.18079 0
    endloop
  endfacet
  facet normal 0 0 -1
    outer loop
      vertex 59.9698 33.9698 0
      vertex 61.95 34.75 0
      vertex 60.3979 33.4687 0
    endloop
  endfacet
  facet normal -0 0 -1
    outer loop
      vertex 61.95 34.75 0
      vertex 59.9698 33.9698 0
      vertex 61.9352 34.9377 0
    endloop
  endfacet
  facet normal 0 0 -1
    outer loop
      vertex 61.95 3.25 0
      vertex 61.1483 6.34297 0
      vertex 61.2 7 0
    endloop
  endfacet
  facet normal 0 0 -1
    outer loop
      vertex 59.9698 4.03015 0
      vertex 61.2948 2.18079 0
      vertex 61.1208 2.10873 0
    endloop
  endfacet
  facet normal 0 0 -1
    outer loop
      vertex 61.95 3.25 0
      vertex 60.9944 5.70213 0
      vertex 61.1483 6.34297 0
    endloop
  endfacet
  facet normal 0 0 -1
    outer loop
      vertex 59.9698 4.03015 0
      vertex 61.1208 2.10873 0
      vertex 60.9377 2.06477 0
    endloop
  endfacet
  facet normal 0 0 -1
    outer loop
      vertex 59.9698 4.03015 0
      vertex 60.9377 2.06477 0
      vertex 60.75 2.05 0
    endloop
  endfacet
  facet normal 0 0 -1
    outer loop
      vertex 61.95 3.25 0
      vertex 60.7422 5.09324 0
      vertex 60.9944 5.70213 0
    endloop
  endfacet
  facet normal 0 0 -1
    outer loop
      vertex 61.95 3.25 0
      vertex 60.3979 4.5313 0
      vertex 60.7422 5.09324 0
    endloop
  endfacet
  facet normal 0 0 -1
    outer loop
      vertex 61.95 3.25 0
      vertex 59.9698 4.03015 0
      vertex 60.3979 4.5313 0
    endloop
  endfacet
  facet normal 0 0 -1
    outer loop
      vertex 60.75 2.05 0
      vertex 59.4687 3.60213 0
      vertex 59.9698 4.03015 0
    endloop
  endfacet
  facet normal 0 0 -1
    outer loop
      vertex 60.75 2.05 0
      vertex 58.9068 3.25777 0
      vertex 59.4687 3.60213 0
    endloop
  endfacet
  facet normal 0 0 -1
    outer loop
      vertex 60.75 2.05 0
      vertex 58.2979 3.00556 0
      vertex 58.9068 3.25777 0
    endloop
  endfacet
  facet normal 0 0 -1
    outer loop
      vertex 60.75 2.05 0
      vertex 57.657 2.85171 0
      vertex 58.2979 3.00556 0
    endloop
  endfacet
  facet normal 0 0 -1
    outer loop
      vertex 60.75 2.05 0
      vertex 57 2.8 0
      vertex 57.657 2.85171 0
    endloop
  endfacet
  facet normal 0 0 -1
    outer loop
      vertex 60.75 2.05 0
      vertex 56.343 2.85171 0
      vertex 57 2.8 0
    endloop
  endfacet
  facet normal -0 0 -1
    outer loop
      vertex 53.0056 29.7021 0
      vertex 13.9 24.7 0
      vertex 52.8517 30.343 0
    endloop
  endfacet
  facet normal 0 0 -1
    outer loop
      vertex 13.8168 12.7747 0
      vertex 52.8 7 0
      vertex 52.8517 6.34297 0
    endloop
  endfacet
  facet normal 0 0 -1
    outer loop
      vertex 11.1483 6.34297 0
      vertex 52.8517 6.34297 0
      vertex 53.0056 5.70213 0
    endloop
  endfacet
  facet normal 0 0 -1
    outer loop
      vertex 10.9944 5.70213 0
      vertex 53.0056 5.70213 0
      vertex 53.2578 5.09324 0
    endloop
  endfacet
  facet normal 0 0 -1
    outer loop
      vertex 10.7422 5.09324 0
      vertex 53.2578 5.09324 0
      vertex 53.6021 4.5313 0
    endloop
  endfacet
  facet normal 0 0 -1
    outer loop
      vertex 10.3979 4.5313 0
      vertex 53.6021 4.5313 0
      vertex 54.0302 4.03015 0
    endloop
  endfacet
  facet normal 0 0 -1
    outer loop
      vertex 9.96985 4.03015 0
      vertex 54.0302 4.03015 0
      vertex 54.5313 3.60213 0
    endloop
  endfacet
  facet normal 0 0 -1
    outer loop
      vertex 9.4687 3.60213 0
      vertex 54.5313 3.60213 0
      vertex 55.0932 3.25777 0
    endloop
  endfacet
  facet normal 0 0 -1
    outer loop
      vertex 8.90676 3.25777 0
      vertex 55.0932 3.25777 0
      vertex 55.7021 3.00556 0
    endloop
  endfacet
  facet normal 0 0 -1
    outer loop
      vertex 52.8517 7.65702 0
      vertex 13.8791 13.0341 0
      vertex 13.9 13.3 0
    endloop
  endfacet
  facet normal 0 0 -1
    outer loop
      vertex 8.29787 3.00556 0
      vertex 55.7021 3.00556 0
      vertex 56.343 2.85171 0
    endloop
  endfacet
  facet normal 0 0 -1
    outer loop
      vertex 52.8 7 0
      vertex 13.8168 12.7747 0
      vertex 13.8791 13.0341 0
    endloop
  endfacet
  facet normal 0 0 -1
    outer loop
      vertex 52.8517 6.34297 0
      vertex 13.7147 12.5282 0
      vertex 13.8168 12.7747 0
    endloop
  endfacet
  facet normal 0 0 -1
    outer loop
      vertex 52.8517 6.34297 0
      vertex 11.1483 6.34297 0
      vertex 13.7147 12.5282 0
    endloop
  endfacet
  facet normal 0 0 -1
    outer loop
      vertex 13.7147 12.5282 0
      vertex 11.1483 6.34297 0
      vertex 13.5753 12.3008 0
    endloop
  endfacet
  facet normal 0 0 -1
    outer loop
      vertex 13.5753 12.3008 0
      vertex 11.1483 6.34297 0
      vertex 13.4021 12.0979 0
    endloop
  endfacet
  facet normal 0 -0 -1
    outer loop
      vertex 11.2 7 0
      vertex 13.4021 12.0979 0
      vertex 11.1483 6.34297 0
    endloop
  endfacet
  facet normal 0 0 -1
    outer loop
      vertex 13.4021 12.0979 0
      vertex 11.2 7 0
      vertex 13.1992 11.9247 0
    endloop
  endfacet
  facet normal 0 0 -1
    outer loop
      vertex 11.1483 7.65702 0
      vertex 13.1992 11.9247 0
      vertex 11.2 7 0
    endloop
  endfacet
  facet normal 0 0 -1
    outer loop
      vertex 13.1992 11.9247 0
      vertex 11.1483 7.65702 0
      vertex 12.9718 11.7853 0
    endloop
  endfacet
  facet normal 0 0 -1
    outer loop
      vertex 10.9944 8.29787 0
      vertex 12.9718 11.7853 0
      vertex 11.1483 7.65702 0
    endloop
  endfacet
  facet normal -0 0 -1
    outer loop
      vertex 12.2 11.6 0
      vertex 10.7422 8.90676 0
      vertex 11.9341 11.6209 0
    endloop
  endfacet
  facet normal 0 0 -1
    outer loop
      vertex 12.4659 11.6209 0
      vertex 10.7422 8.90676 0
      vertex 12.2 11.6 0
    endloop
  endfacet
  facet normal 0 0 -1
    outer loop
      vertex 10.7422 8.90676 0
      vertex 12.4659 11.6209 0
      vertex 10.9944 8.29787 0
    endloop
  endfacet
  facet normal 0 0 -1
    outer loop
      vertex 12.7253 11.6832 0
      vertex 10.9944 8.29787 0
      vertex 12.4659 11.6209 0
    endloop
  endfacet
  facet normal 0 0 -1
    outer loop
      vertex 7.65702 2.85171 0
      vertex 56.343 2.85171 0
      vertex 60.75 2.05 0
    endloop
  endfacet
  facet normal 0 0 -1
    outer loop
      vertex 12.9718 11.7853 0
      vertex 10.9944 8.29787 0
      vertex 12.7253 11.6832 0
    endloop
  endfacet
  facet normal 0 0 -1
    outer loop
      vertex 53.0056 5.70213 0
      vertex 10.9944 5.70213 0
      vertex 11.1483 6.34297 0
    endloop
  endfacet
  facet normal 0 0 -1
    outer loop
      vertex 53.2578 5.09324 0
      vertex 10.7422 5.09324 0
      vertex 10.9944 5.70213 0
    endloop
  endfacet
  facet normal 0 0 -1
    outer loop
      vertex 53.6021 4.5313 0
      vertex 10.3979 4.5313 0
      vertex 10.7422 5.09324 0
    endloop
  endfacet
  facet normal 0 0 -1
    outer loop
      vertex 54.0302 4.03015 0
      vertex 9.96985 4.03015 0
      vertex 10.3979 4.5313 0
    endloop
  endfacet
  facet normal 0 0 -1
    outer loop
      vertex 54.5313 3.60213 0
      vertex 9.4687 3.60213 0
      vertex 9.96985 4.03015 0
    endloop
  endfacet
  facet normal 0 0 -1
    outer loop
      vertex 55.0932 3.25777 0
      vertex 8.90676 3.25777 0
      vertex 9.4687 3.60213 0
    endloop
  endfacet
  facet normal 0 0 -1
    outer loop
      vertex 55.7021 3.00556 0
      vertex 8.29787 3.00556 0
      vertex 8.90676 3.25777 0
    endloop
  endfacet
  facet normal 0 0 -1
    outer loop
      vertex 56.343 2.85171 0
      vertex 7.65702 2.85171 0
      vertex 8.29787 3.00556 0
    endloop
  endfacet
  facet normal 0 0 -1
    outer loop
      vertex 3.25 2.05 0
      vertex 7.65702 2.85171 0
      vertex 60.75 2.05 0
    endloop
  endfacet
  facet normal 0 0 -1
    outer loop
      vertex 7.65702 2.85171 0
      vertex 3.25 2.05 0
      vertex 7 2.8 0
    endloop
  endfacet
  facet normal 0 0 -1
    outer loop
      vertex 3.25 2.05 0
      vertex 6.34297 2.85171 0
      vertex 7 2.8 0
    endloop
  endfacet
  facet normal 0 0 -1
    outer loop
      vertex 3.25 2.05 0
      vertex 5.70213 3.00556 0
      vertex 6.34297 2.85171 0
    endloop
  endfacet
  facet normal 0 0 -1
    outer loop
      vertex 3.25 2.05 0
      vertex 5.09324 3.25777 0
      vertex 5.70213 3.00556 0
    endloop
  endfacet
  facet normal 0 0 -1
    outer loop
      vertex 3.25 2.05 0
      vertex 4.5313 3.60213 0
      vertex 5.09324 3.25777 0
    endloop
  endfacet
  facet normal 0 0 -1
    outer loop
      vertex 3.25 2.05 0
      vertex 4.03015 4.03015 0
      vertex 4.5313 3.60213 0
    endloop
  endfacet
  facet normal 0 0 -1
    outer loop
      vertex 3.06228 2.06477 0
      vertex 4.03015 4.03015 0
      vertex 3.25 2.05 0
    endloop
  endfacet
  facet normal -0 0 -1
    outer loop
      vertex 4.03015 4.03015 0
      vertex 2.05 3.25 0
      vertex 3.60213 4.5313 0
    endloop
  endfacet
  facet normal 0 0 -1
    outer loop
      vertex 2.87918 2.10873 0
      vertex 4.03015 4.03015 0
      vertex 3.06228 2.06477 0
    endloop
  endfacet
  facet normal -0 0 -1
    outer loop
      vertex 3.60213 4.5313 0
      vertex 2.05 3.25 0
      vertex 3.25777 5.09324 0
    endloop
  endfacet
  facet normal 0 0 -1
    outer loop
      vertex 2.70521 2.18079 0
      vertex 4.03015 4.03015 0
      vertex 2.87918 2.10873 0
    endloop
  endfacet
  facet normal -0 0 -1
    outer loop
      vertex 3.25777 5.09324 0
      vertex 2.05 3.25 0
      vertex 3.00556 5.70213 0
    endloop
  endfacet
  facet normal -0 0 -1
    outer loop
      vertex 3.00556 5.70213 0
      vertex 2.05 3.25 0
      vertex 2.85171 6.34297 0
    endloop
  endfacet
  facet normal -0 0 -1
    outer loop
      vertex 2.85171 6.34297 0
      vertex 2.05 3.25 0
      vertex 2.8 7 0
    endloop
  endfacet
  facet normal 0 0 -1
    outer loop
      vertex 2.54466 2.27918 0
      vertex 4.03015 4.03015 0
      vertex 2.70521 2.18079 0
    endloop
  endfacet
  facet normal -0 0 -1
    outer loop
      vertex 61.9352 34.9377 0
      vertex 59.9698 33.9698 0
      vertex 61.8913 35.1208 0
    endloop
  endfacet
  facet normal -0 0 -1
    outer loop
      vertex 61.8913 35.1208 0
      vertex 59.9698 33.9698 0
      vertex 61.8192 35.2948 0
    endloop
  endfacet
  facet normal -0 0 -1
    outer loop
      vertex 61.8192 35.2948 0
      vertex 59.9698 33.9698 0
      vertex 61.7208 35.4553 0
    endloop
  endfacet
  facet normal -0 0 -1
    outer loop
      vertex 61.7208 35.4553 0
      vertex 59.9698 33.9698 0
      vertex 61.5985 35.5985 0
    endloop
  endfacet
  facet normal -0 0 -1
    outer loop
      vertex 61.5985 35.5985 0
      vertex 59.9698 33.9698 0
      vertex 61.4553 35.7208 0
    endloop
  endfacet
  facet normal -0 0 -1
    outer loop
      vertex 61.4553 35.7208 0
      vertex 59.9698 33.9698 0
      vertex 61.2948 35.8192 0
    endloop
  endfacet
  facet normal -0 0 -1
    outer loop
      vertex 61.2948 35.8192 0
      vertex 59.9698 33.9698 0
      vertex 61.1208 35.8913 0
    endloop
  endfacet
  facet normal -0 0 -1
    outer loop
      vertex 61.1208 35.8913 0
      vertex 59.9698 33.9698 0
      vertex 60.9377 35.9352 0
    endloop
  endfacet
  facet normal -0 0 -1
    outer loop
      vertex 60.9377 35.9352 0
      vertex 59.9698 33.9698 0
      vertex 60.75 35.95 0
    endloop
  endfacet
  facet normal 0 0 -1
    outer loop
      vertex 59.4687 34.3979 0
      vertex 60.75 35.95 0
      vertex 59.9698 33.9698 0
    endloop
  endfacet
  facet normal 0 0 -1
    outer loop
      vertex 58.9068 34.7422 0
      vertex 60.75 35.95 0
      vertex 59.4687 34.3979 0
    endloop
  endfacet
  facet normal 0 0 -1
    outer loop
      vertex 58.2979 34.9944 0
      vertex 60.75 35.95 0
      vertex 58.9068 34.7422 0
    endloop
  endfacet
  facet normal 0 0 -1
    outer loop
      vertex 57.657 35.1483 0
      vertex 60.75 35.95 0
      vertex 58.2979 34.9944 0
    endloop
  endfacet
  facet normal 0 0 -1
    outer loop
      vertex 57 35.2 0
      vertex 60.75 35.95 0
      vertex 57.657 35.1483 0
    endloop
  endfacet
  facet normal 0 0 -1
    outer loop
      vertex 56.343 35.1483 0
      vertex 60.75 35.95 0
      vertex 57 35.2 0
    endloop
  endfacet
  facet normal 0 0 -1
    outer loop
      vertex 13.8791 24.9659 0
      vertex 52.8517 30.343 0
      vertex 13.9 24.7 0
    endloop
  endfacet
  facet normal -0 0 -1
    outer loop
      vertex 52.8517 30.343 0
      vertex 13.8791 24.9659 0
      vertex 52.8 31 0
    endloop
  endfacet
  facet normal 0 0 -1
    outer loop
      vertex 13.8168 25.2253 0
      vertex 52.8 31 0
      vertex 13.8791 24.9659 0
    endloop
  endfacet
  facet normal -0 0 -1
    outer loop
      vertex 52.8 31 0
      vertex 13.8168 25.2253 0
      vertex 52.8517 31.657 0
    endloop
  endfacet
  facet normal 0 0 -1
    outer loop
      vertex 13.7147 25.4718 0
      vertex 52.8517 31.657 0
      vertex 13.8168 25.2253 0
    endloop
  endfacet
  facet normal 0 0 -1
    outer loop
      vertex 11.1483 31.657 0
      vertex 52.8517 31.657 0
      vertex 13.7147 25.4718 0
    endloop
  endfacet
  facet normal 0 0 -1
    outer loop
      vertex 52.8517 31.657 0
      vertex 11.1483 31.657 0
      vertex 53.0056 32.2979 0
    endloop
  endfacet
  facet normal 0 0 -1
    outer loop
      vertex 10.9944 32.2979 0
      vertex 53.0056 32.2979 0
      vertex 11.1483 31.657 0
    endloop
  endfacet
  facet normal 0 0 -1
    outer loop
      vertex 53.0056 32.2979 0
      vertex 10.9944 32.2979 0
      vertex 53.2578 32.9068 0
    endloop
  endfacet
  facet normal 0 0 -1
    outer loop
      vertex 10.7422 32.9068 0
      vertex 53.2578 32.9068 0
      vertex 10.9944 32.2979 0
    endloop
  endfacet
  facet normal 0 0 -1
    outer loop
      vertex 53.2578 32.9068 0
      vertex 10.7422 32.9068 0
      vertex 53.6021 33.4687 0
    endloop
  endfacet
  facet normal 0 0 -1
    outer loop
      vertex 10.3979 33.4687 0
      vertex 53.6021 33.4687 0
      vertex 10.7422 32.9068 0
    endloop
  endfacet
  facet normal 0 0 -1
    outer loop
      vertex 53.6021 33.4687 0
      vertex 10.3979 33.4687 0
      vertex 54.0302 33.9698 0
    endloop
  endfacet
  facet normal 0 0 -1
    outer loop
      vertex 11.1483 31.657 0
      vertex 13.7147 25.4718 0
      vertex 13.5753 25.6992 0
    endloop
  endfacet
  facet normal 0 0 -1
    outer loop
      vertex 11.1483 31.657 0
      vertex 13.5753 25.6992 0
      vertex 13.4021 25.9021 0
    endloop
  endfacet
  facet normal 0 0 -1
    outer loop
      vertex 11.2 31 0
      vertex 13.4021 25.9021 0
      vertex 13.1992 26.0753 0
    endloop
  endfacet
  facet normal 0 0 -1
    outer loop
      vertex 11.1483 30.343 0
      vertex 13.1992 26.0753 0
      vertex 12.9718 26.2147 0
    endloop
  endfacet
  facet normal 0 0 -1
    outer loop
      vertex 11.1483 30.343 0
      vertex 12.9718 26.2147 0
      vertex 12.7253 26.3168 0
    endloop
  endfacet
  facet normal 0 0 -1
    outer loop
      vertex 11.1483 30.343 0
      vertex 12.7253 26.3168 0
      vertex 12.4659 26.3791 0
    endloop
  endfacet
  facet normal 0 0 -1
    outer loop
      vertex 11.1483 30.343 0
      vertex 12.4659 26.3791 0
      vertex 12.2 26.4 0
    endloop
  endfacet
  facet normal 0 0 -1
    outer loop
      vertex 11.1483 30.343 0
      vertex 12.2 26.4 0
      vertex 11.9341 26.3791 0
    endloop
  endfacet
  facet normal 0 0 -1
    outer loop
      vertex 9.96985 28.0302 0
      vertex 11.4282 26.2147 0
      vertex 11.2008 26.0753 0
    endloop
  endfacet
  facet normal 0 0 -1
    outer loop
      vertex 11.1483 30.343 0
      vertex 11.6747 26.3168 0
      vertex 11.4282 26.2147 0
    endloop
  endfacet
  facet normal 0 0 -1
    outer loop
      vertex 11.1483 30.343 0
      vertex 11.9341 26.3791 0
      vertex 11.6747 26.3168 0
    endloop
  endfacet
  facet normal 0 0 -1
    outer loop
      vertex 13.4021 25.9021 0
      vertex 11.2 31 0
      vertex 11.1483 31.657 0
    endloop
  endfacet
  facet normal 0 0 -1
    outer loop
      vertex 9.96985 33.9698 0
      vertex 54.0302 33.9698 0
      vertex 10.3979 33.4687 0
    endloop
  endfacet
  facet normal 0 0 -1
    outer loop
      vertex 54.0302 33.9698 0
      vertex 9.96985 33.9698 0
      vertex 54.5313 34.3979 0
    endloop
  endfacet
  facet normal 0 0 -1
    outer loop
      vertex 9.4687 34.3979 0
      vertex 54.5313 34.3979 0
      vertex 9.96985 33.9698 0
    endloop
  endfacet
  facet normal 0 0 -1
    outer loop
      vertex 54.5313 34.3979 0
      vertex 9.4687 34.3979 0
      vertex 55.0932 34.7422 0
    endloop
  endfacet
  facet normal 0 0 -1
    outer loop
      vertex 8.90676 34.7422 0
      vertex 55.0932 34.7422 0
      vertex 9.4687 34.3979 0
    endloop
  endfacet
  facet normal 0 0 -1
    outer loop
      vertex 55.0932 34.7422 0
      vertex 8.90676 34.7422 0
      vertex 55.7021 34.9944 0
    endloop
  endfacet
  facet normal 0 0 -1
    outer loop
      vertex 8.29787 34.9944 0
      vertex 55.7021 34.9944 0
      vertex 8.90676 34.7422 0
    endloop
  endfacet
  facet normal 0 0 -1
    outer loop
      vertex 55.7021 34.9944 0
      vertex 8.29787 34.9944 0
      vertex 56.343 35.1483 0
    endloop
  endfacet
  facet normal 0 0 -1
    outer loop
      vertex 7.65702 35.1483 0
      vertex 56.343 35.1483 0
      vertex 8.29787 34.9944 0
    endloop
  endfacet
  facet normal 0 0 -1
    outer loop
      vertex 56.343 35.1483 0
      vertex 7.65702 35.1483 0
      vertex 60.75 35.95 0
    endloop
  endfacet
  facet normal 0 0 -1
    outer loop
      vertex 3.25 35.95 0
      vertex 7.65702 35.1483 0
      vertex 7 35.2 0
    endloop
  endfacet
  facet normal 0 0 -1
    outer loop
      vertex 7.65702 35.1483 0
      vertex 3.25 35.95 0
      vertex 60.75 35.95 0
    endloop
  endfacet
  facet normal 0 0 -1
    outer loop
      vertex 6.34297 35.1483 0
      vertex 3.25 35.95 0
      vertex 7 35.2 0
    endloop
  endfacet
  facet normal 0 0 -1
    outer loop
      vertex 5.70213 34.9944 0
      vertex 3.25 35.95 0
      vertex 6.34297 35.1483 0
    endloop
  endfacet
  facet normal 0 0 -1
    outer loop
      vertex 5.09324 34.7422 0
      vertex 3.25 35.95 0
      vertex 5.70213 34.9944 0
    endloop
  endfacet
  facet normal 0 0 -1
    outer loop
      vertex 4.5313 34.3979 0
      vertex 3.25 35.95 0
      vertex 5.09324 34.7422 0
    endloop
  endfacet
  facet normal 0 0 -1
    outer loop
      vertex 4.03015 33.9698 0
      vertex 3.25 35.95 0
      vertex 4.5313 34.3979 0
    endloop
  endfacet
  facet normal 0 0 -1
    outer loop
      vertex 2.05 34.75 0
      vertex 4.03015 33.9698 0
      vertex 3.60213 33.4687 0
    endloop
  endfacet
  facet normal 0 0 -1
    outer loop
      vertex 2.05 34.75 0
      vertex 3.60213 33.4687 0
      vertex 3.25777 32.9068 0
    endloop
  endfacet
  facet normal 0 -0 -1
    outer loop
      vertex 2.10873 35.1208 0
      vertex 4.03015 33.9698 0
      vertex 2.05 34.75 0
    endloop
  endfacet
  facet normal 0 0 -1
    outer loop
      vertex 2.05 34.75 0
      vertex 3.25777 32.9068 0
      vertex 3.00556 32.2979 0
    endloop
  endfacet
  facet normal 0 0 -1
    outer loop
      vertex 4.03015 33.9698 0
      vertex 3.06228 35.9352 0
      vertex 3.25 35.95 0
    endloop
  endfacet
  facet normal 0 0 -1
    outer loop
      vertex 2.05 34.75 0
      vertex 3.00556 32.2979 0
      vertex 2.85171 31.657 0
    endloop
  endfacet
  facet normal 0 0 -1
    outer loop
      vertex 2.05 34.75 0
      vertex 2.85171 31.657 0
      vertex 2.8 31 0
    endloop
  endfacet
  facet normal 0 0 -1
    outer loop
      vertex 4.03015 33.9698 0
      vertex 2.87918 35.8913 0
      vertex 3.06228 35.9352 0
    endloop
  endfacet
  facet normal 0 0 -1
    outer loop
      vertex 2.05 34.75 0
      vertex 2.85171 30.343 0
      vertex 2.05 3.25 0
    endloop
  endfacet
  facet normal 0 0 -1
    outer loop
      vertex 2.40147 2.40147 0
      vertex 4.03015 4.03015 0
      vertex 2.54466 2.27918 0
    endloop
  endfacet
  facet normal 0 0 -1
    outer loop
      vertex 2.85171 30.343 0
      vertex 2.05 34.75 0
      vertex 2.8 31 0
    endloop
  endfacet
  facet normal 0 0 -1
    outer loop
      vertex 2.27918 2.54466 0
      vertex 4.03015 4.03015 0
      vertex 2.40147 2.40147 0
    endloop
  endfacet
  facet normal 0 0 -1
    outer loop
      vertex 4.03015 33.9698 0
      vertex 2.70521 35.8192 0
      vertex 2.87918 35.8913 0
    endloop
  endfacet
  facet normal 0 0 -1
    outer loop
      vertex 2.18079 2.70521 0
      vertex 4.03015 4.03015 0
      vertex 2.27918 2.54466 0
    endloop
  endfacet
  facet normal 0 0 -1
    outer loop
      vertex 4.03015 33.9698 0
      vertex 2.54466 35.7208 0
      vertex 2.70521 35.8192 0
    endloop
  endfacet
  facet normal 0 0 -1
    outer loop
      vertex 2.10873 2.87918 0
      vertex 4.03015 4.03015 0
      vertex 2.18079 2.70521 0
    endloop
  endfacet
  facet normal 0 0 -1
    outer loop
      vertex 4.03015 33.9698 0
      vertex 2.40147 35.5985 0
      vertex 2.54466 35.7208 0
    endloop
  endfacet
  facet normal 0 0 -1
    outer loop
      vertex 4.03015 4.03015 0
      vertex 2.10873 2.87918 0
      vertex 2.05 3.25 0
    endloop
  endfacet
  facet normal 0 0 -1
    outer loop
      vertex 4.03015 33.9698 0
      vertex 2.27918 35.4553 0
      vertex 2.40147 35.5985 0
    endloop
  endfacet
  facet normal 0 0 -1
    outer loop
      vertex 2.05 3.25 0
      vertex 2.10873 2.87918 0
      vertex 2.06477 3.06228 0
    endloop
  endfacet
  facet normal 0 0 -1
    outer loop
      vertex 4.03015 33.9698 0
      vertex 2.18079 35.2948 0
      vertex 2.27918 35.4553 0
    endloop
  endfacet
  facet normal 0 0 -1
    outer loop
      vertex 4.03015 33.9698 0
      vertex 2.10873 35.1208 0
      vertex 2.18079 35.2948 0
    endloop
  endfacet
  facet normal 0 0 -1
    outer loop
      vertex 2.10873 35.1208 0
      vertex 2.05 34.75 0
      vertex 2.06477 34.9377 0
    endloop
  endfacet
  facet normal 0 0 -1
    outer loop
      vertex 60.8791 24.9659 0
      vertex 61.1483 30.343 0
      vertex 60.9 24.7 0
    endloop
  endfacet
  facet normal 0 0 -1
    outer loop
      vertex 61.1483 30.343 0
      vertex 60.8791 24.9659 0
      vertex 60.9944 29.7021 0
    endloop
  endfacet
  facet normal 0 0 -1
    outer loop
      vertex 60.8168 25.2253 0
      vertex 60.9944 29.7021 0
      vertex 60.8791 24.9659 0
    endloop
  endfacet
  facet normal 0 0 -1
    outer loop
      vertex 60.8168 25.2253 0
      vertex 60.7422 29.0932 0
      vertex 60.9944 29.7021 0
    endloop
  endfacet
  facet normal 0 0 -1
    outer loop
      vertex 60.7147 25.4718 0
      vertex 60.7422 29.0932 0
      vertex 60.8168 25.2253 0
    endloop
  endfacet
  facet normal 0 0 -1
    outer loop
      vertex 60.5753 25.6992 0
      vertex 60.7422 29.0932 0
      vertex 60.7147 25.4718 0
    endloop
  endfacet
  facet normal 0 0 -1
    outer loop
      vertex 60.3979 28.5313 0
      vertex 60.5753 25.6992 0
      vertex 60.4021 25.9021 0
    endloop
  endfacet
  facet normal 0 0 -1
    outer loop
      vertex 60.5753 25.6992 0
      vertex 60.3979 28.5313 0
      vertex 60.7422 29.0932 0
    endloop
  endfacet
  facet normal 0 0 -1
    outer loop
      vertex 59.9698 28.0302 0
      vertex 60.4021 25.9021 0
      vertex 60.1992 26.0753 0
    endloop
  endfacet
  facet normal 0 0 -1
    outer loop
      vertex 59.9698 28.0302 0
      vertex 60.1992 26.0753 0
      vertex 59.9718 26.2147 0
    endloop
  endfacet
  facet normal 0 0 -1
    outer loop
      vertex 60.4021 25.9021 0
      vertex 59.9698 28.0302 0
      vertex 60.3979 28.5313 0
    endloop
  endfacet
  facet normal 0 0 -1
    outer loop
      vertex 59.4687 27.6021 0
      vertex 59.9718 26.2147 0
      vertex 59.7253 26.3168 0
    endloop
  endfacet
  facet normal 0 0 -1
    outer loop
      vertex 59.9718 26.2147 0
      vertex 59.4687 27.6021 0
      vertex 59.9698 28.0302 0
    endloop
  endfacet
  facet normal 0 0 -1
    outer loop
      vertex 59.4659 26.3791 0
      vertex 59.4687 27.6021 0
      vertex 59.7253 26.3168 0
    endloop
  endfacet
  facet normal 0 0 -1
    outer loop
      vertex 58.9068 27.2578 0
      vertex 59.4659 26.3791 0
      vertex 59.2 26.4 0
    endloop
  endfacet
  facet normal 0 0 -1
    outer loop
      vertex 58.9068 27.2578 0
      vertex 59.2 26.4 0
      vertex 58.9341 26.3791 0
    endloop
  endfacet
  facet normal 0 0 -1
    outer loop
      vertex 59.4659 26.3791 0
      vertex 58.9068 27.2578 0
      vertex 59.4687 27.6021 0
    endloop
  endfacet
  facet normal 0 0 -1
    outer loop
      vertex 58.2979 27.0056 0
      vertex 58.9341 26.3791 0
      vertex 58.6747 26.3168 0
    endloop
  endfacet
  facet normal 0 0 -1
    outer loop
      vertex 58.2979 27.0056 0
      vertex 58.6747 26.3168 0
      vertex 58.4282 26.2147 0
    endloop
  endfacet
  facet normal 0 0 -1
    outer loop
      vertex 58.9341 26.3791 0
      vertex 58.2979 27.0056 0
      vertex 58.9068 27.2578 0
    endloop
  endfacet
  facet normal 0 0 -1
    outer loop
      vertex 57.657 26.8517 0
      vertex 58.4282 26.2147 0
      vertex 58.2008 26.0753 0
    endloop
  endfacet
  facet normal 0 0 -1
    outer loop
      vertex 57.657 26.8517 0
      vertex 58.2008 26.0753 0
      vertex 57.9979 25.9021 0
    endloop
  endfacet
  facet normal 0 0 -1
    outer loop
      vertex 57.657 26.8517 0
      vertex 57.9979 25.9021 0
      vertex 57.8247 25.6992 0
    endloop
  endfacet
  facet normal 0 0 -1
    outer loop
      vertex 57 26.8 0
      vertex 57.8247 25.6992 0
      vertex 57.6853 25.4718 0
    endloop
  endfacet
  facet normal 0 0 -1
    outer loop
      vertex 58.4282 26.2147 0
      vertex 57.657 26.8517 0
      vertex 58.2979 27.0056 0
    endloop
  endfacet
  facet normal 0 0 -1
    outer loop
      vertex 57 26.8 0
      vertex 57.6853 25.4718 0
      vertex 57.5832 25.2253 0
    endloop
  endfacet
  facet normal 0 0 -1
    outer loop
      vertex 56.343 26.8517 0
      vertex 57.5832 25.2253 0
      vertex 57.5209 24.9659 0
    endloop
  endfacet
  facet normal 0 0 -1
    outer loop
      vertex 55.7021 27.0056 0
      vertex 57.5209 24.9659 0
      vertex 57.5 24.7 0
    endloop
  endfacet
  facet normal 0 0 -1
    outer loop
      vertex 57.8247 25.6992 0
      vertex 57 26.8 0
      vertex 57.657 26.8517 0
    endloop
  endfacet
  facet normal -0 0 -1
    outer loop
      vertex 57.5209 13.0341 0
      vertex 55.7021 10.9944 0
      vertex 57.5 13.3 0
    endloop
  endfacet
  facet normal 0 0 -1
    outer loop
      vertex 57.5209 13.5659 0
      vertex 55.7021 10.9944 0
      vertex 55.0932 10.7422 0
    endloop
  endfacet
  facet normal 0 0 -1
    outer loop
      vertex 57.5832 25.2253 0
      vertex 56.343 26.8517 0
      vertex 57 26.8 0
    endloop
  endfacet
  facet normal 0 0 -1
    outer loop
      vertex 57.5832 13.8253 0
      vertex 55.0932 10.7422 0
      vertex 54.5313 10.3979 0
    endloop
  endfacet
  facet normal 0 0 -1
    outer loop
      vertex 57.5209 24.9659 0
      vertex 55.7021 27.0056 0
      vertex 56.343 26.8517 0
    endloop
  endfacet
  facet normal -0 -0 -1
    outer loop
      vertex 55.0932 27.2578 0
      vertex 57.5832 24.1747 0
      vertex 54.5313 27.6021 0
    endloop
  endfacet
  facet normal 0 0 -1
    outer loop
      vertex 57.5209 24.4341 0
      vertex 55.7021 27.0056 0
      vertex 57.5 24.7 0
    endloop
  endfacet
  facet normal 0 0 -1
    outer loop
      vertex 57.5832 24.1747 0
      vertex 55.0932 27.2578 0
      vertex 57.5209 24.4341 0
    endloop
  endfacet
  facet normal -0 -0 -1
    outer loop
      vertex 55.7021 27.0056 0
      vertex 57.5209 24.4341 0
      vertex 55.0932 27.2578 0
    endloop
  endfacet
  facet normal 0 0 -1
    outer loop
      vertex 54.0302 9.96985 0
      vertex 54.5313 27.6021 0
      vertex 54.5313 10.3979 0
    endloop
  endfacet
  facet normal 0 0 -1
    outer loop
      vertex 54.0302 9.96985 0
      vertex 54.0302 28.0302 0
      vertex 54.5313 27.6021 0
    endloop
  endfacet
  facet normal 0 0 -1
    outer loop
      vertex 53.6021 9.4687 0
      vertex 54.0302 28.0302 0
      vertex 54.0302 9.96985 0
    endloop
  endfacet
  facet normal 0 0 -1
    outer loop
      vertex 53.6021 9.4687 0
      vertex 53.6021 28.5313 0
      vertex 54.0302 28.0302 0
    endloop
  endfacet
  facet normal 0 0 -1
    outer loop
      vertex 53.2578 8.90676 0
      vertex 53.6021 28.5313 0
      vertex 53.6021 9.4687 0
    endloop
  endfacet
  facet normal 0 0 -1
    outer loop
      vertex 53.2578 8.90676 0
      vertex 53.2578 29.0932 0
      vertex 53.6021 28.5313 0
    endloop
  endfacet
  facet normal 0 0 -1
    outer loop
      vertex 13.8791 13.5659 0
      vertex 53.0056 8.29787 0
      vertex 13.9 13.3 0
    endloop
  endfacet
  facet normal 0 0 -1
    outer loop
      vertex 53.0056 8.29787 0
      vertex 13.8791 13.5659 0
      vertex 53.2578 8.90676 0
    endloop
  endfacet
  facet normal 0 0 -1
    outer loop
      vertex 13.9 13.3 0
      vertex 53.0056 8.29787 0
      vertex 52.8517 7.65702 0
    endloop
  endfacet
  facet normal 0 0 -1
    outer loop
      vertex 13.8168 13.8253 0
      vertex 53.2578 8.90676 0
      vertex 13.8791 13.5659 0
    endloop
  endfacet
  facet normal 0 0 -1
    outer loop
      vertex 13.8791 13.0341 0
      vertex 52.8517 7.65702 0
      vertex 52.8 7 0
    endloop
  endfacet
  facet normal -0 0 -1
    outer loop
      vertex 53.2578 29.0932 0
      vertex 13.9 24.7 0
      vertex 53.0056 29.7021 0
    endloop
  endfacet
  facet normal 0.760435 -0.649414 0
    outer loop
      vertex 60.791 23.109 5
      vertex 61.0203 23.3775 2.4
      vertex 61.0203 23.3775 5
    endloop
  endfacet
  facet normal 0.760435 -0.649414 0
    outer loop
      vertex 61.0203 23.3775 2.4
      vertex 60.791 23.109 5
      vertex 60.791 23.109 2.4
    endloop
  endfacet
  facet normal 0.852581 0.522595 0
    outer loop
      vertex 61.2048 25.7215 5
      vertex 61.0203 26.0225 2.4
      vertex 61.0203 26.0225 5
    endloop
  endfacet
  facet normal 0.852581 0.522595 0
    outer loop
      vertex 61.0203 26.0225 2.4
      vertex 61.2048 25.7215 5
      vertex 61.2048 25.7215 2.4
    endloop
  endfacet
  facet normal -0.0784506 -0.996918 0
    outer loop
      vertex 58.848 22.4777 2.4
      vertex 59.2 22.45 5
      vertex 58.848 22.4777 5
    endloop
  endfacet
  facet normal -0.0784506 -0.996918 -0
    outer loop
      vertex 59.2 22.45 5
      vertex 58.848 22.4777 2.4
      vertex 59.2 22.45 2.4
    endloop
  endfacet
  facet normal -0.923896 0.382644 0
    outer loop
      vertex 57.0601 25.3953 2.4
      vertex 57.1952 25.7215 5
      vertex 57.1952 25.7215 2.4
    endloop
  endfacet
  facet normal -0.923896 0.382644 0
    outer loop
      vertex 57.1952 25.7215 5
      vertex 57.0601 25.3953 2.4
      vertex 57.0601 25.3953 5
    endloop
  endfacet
  facet normal -0.0784506 0.996918 0
    outer loop
      vertex 59.2 26.95 2.4
      vertex 58.848 26.9223 5
      vertex 59.2 26.95 5
    endloop
  endfacet
  facet normal -0.0784506 0.996918 0
    outer loop
      vertex 58.848 26.9223 5
      vertex 59.2 26.95 2.4
      vertex 58.848 26.9223 2.4
    endloop
  endfacet
  facet normal -0.972382 -0.233394 0
    outer loop
      vertex 57.0601 24.0047 2.4
      vertex 56.9777 24.348 5
      vertex 56.9777 24.348 2.4
    endloop
  endfacet
  facet normal -0.972382 -0.233394 0
    outer loop
      vertex 56.9777 24.348 5
      vertex 57.0601 24.0047 2.4
      vertex 57.0601 24.0047 5
    endloop
  endfacet
  facet normal -0.996918 -0.0784506 0
    outer loop
      vertex 56.9777 24.348 2.4
      vertex 56.95 24.7 5
      vertex 56.95 24.7 2.4
    endloop
  endfacet
  facet normal -0.996918 -0.0784506 0
    outer loop
      vertex 56.95 24.7 5
      vertex 56.9777 24.348 2.4
      vertex 56.9777 24.348 5
    endloop
  endfacet
  facet normal 0 0 1
    outer loop
      vertex 60.15 24.7 5
      vertex 61.45 24.7 5
      vertex 61.4223 25.052 5
    endloop
  endfacet
  facet normal 0 0 1
    outer loop
      vertex 60.1383 24.8486 5
      vertex 61.4223 25.052 5
      vertex 61.3399 25.3953 5
    endloop
  endfacet
  facet normal 0 0 1
    outer loop
      vertex 61.45 24.7 5
      vertex 60.15 24.7 5
      vertex 61.4223 24.348 5
    endloop
  endfacet
  facet normal 0 0 1
    outer loop
      vertex 60.1035 24.9936 5
      vertex 61.3399 25.3953 5
      vertex 61.2048 25.7215 5
    endloop
  endfacet
  facet normal -0 0 1
    outer loop
      vertex 60.1383 24.5514 5
      vertex 61.4223 24.348 5
      vertex 60.15 24.7 5
    endloop
  endfacet
  facet normal 0 0 1
    outer loop
      vertex 60.0465 25.1313 5
      vertex 61.2048 25.7215 5
      vertex 61.0203 26.0225 5
    endloop
  endfacet
  facet normal 0 0 1
    outer loop
      vertex 61.4223 24.348 5
      vertex 60.1383 24.5514 5
      vertex 61.3399 24.0047 5
    endloop
  endfacet
  facet normal 0 0 1
    outer loop
      vertex 59.9686 25.2584 5
      vertex 61.0203 26.0225 5
      vertex 60.791 26.291 5
    endloop
  endfacet
  facet normal -0 0 1
    outer loop
      vertex 60.1035 24.4064 5
      vertex 61.3399 24.0047 5
      vertex 60.1383 24.5514 5
    endloop
  endfacet
  facet normal 0 0 1
    outer loop
      vertex 59.8717 25.3717 5
      vertex 60.791 26.291 5
      vertex 60.5225 26.5203 5
    endloop
  endfacet
  facet normal 0 0 1
    outer loop
      vertex 61.3399 24.0047 5
      vertex 60.1035 24.4064 5
      vertex 61.2048 23.6785 5
    endloop
  endfacet
  facet normal 0 0 1
    outer loop
      vertex 59.7584 25.4686 5
      vertex 60.5225 26.5203 5
      vertex 60.2215 26.7048 5
    endloop
  endfacet
  facet normal -0 0 1
    outer loop
      vertex 60.0465 24.2687 5
      vertex 61.2048 23.6785 5
      vertex 60.1035 24.4064 5
    endloop
  endfacet
  facet normal 0 0 1
    outer loop
      vertex 61.2048 23.6785 5
      vertex 60.0465 24.2687 5
      vertex 61.0203 23.3775 5
    endloop
  endfacet
  facet normal 0 0 1
    outer loop
      vertex 61.4223 25.052 5
      vertex 60.1383 24.8486 5
      vertex 60.15 24.7 5
    endloop
  endfacet
  facet normal 0 0 1
    outer loop
      vertex 61.3399 25.3953 5
      vertex 60.1035 24.9936 5
      vertex 60.1383 24.8486 5
    endloop
  endfacet
  facet normal 0 0 1
    outer loop
      vertex 61.2048 25.7215 5
      vertex 60.0465 25.1313 5
      vertex 60.1035 24.9936 5
    endloop
  endfacet
  facet normal 0 0 1
    outer loop
      vertex 61.0203 26.0225 5
      vertex 59.9686 25.2584 5
      vertex 60.0465 25.1313 5
    endloop
  endfacet
  facet normal 0 0 1
    outer loop
      vertex 59.6313 25.5465 5
      vertex 60.2215 26.7048 5
      vertex 59.8953 26.8399 5
    endloop
  endfacet
  facet normal 0 0 1
    outer loop
      vertex 60.791 26.291 5
      vertex 59.8717 25.3717 5
      vertex 59.9686 25.2584 5
    endloop
  endfacet
  facet normal 0 0 1
    outer loop
      vertex 60.5225 26.5203 5
      vertex 59.7584 25.4686 5
      vertex 59.8717 25.3717 5
    endloop
  endfacet
  facet normal 0 0 1
    outer loop
      vertex 60.2215 26.7048 5
      vertex 59.6313 25.5465 5
      vertex 59.7584 25.4686 5
    endloop
  endfacet
  facet normal 0 0 1
    outer loop
      vertex 59.4936 25.6035 5
      vertex 59.8953 26.8399 5
      vertex 59.552 26.9223 5
    endloop
  endfacet
  facet normal 0 0 1
    outer loop
      vertex 59.8953 26.8399 5
      vertex 59.4936 25.6035 5
      vertex 59.6313 25.5465 5
    endloop
  endfacet
  facet normal 0 0 1
    outer loop
      vertex 59.552 26.9223 5
      vertex 59.3486 25.6383 5
      vertex 59.4936 25.6035 5
    endloop
  endfacet
  facet normal 0 0 1
    outer loop
      vertex 59.2 26.95 5
      vertex 59.3486 25.6383 5
      vertex 59.552 26.9223 5
    endloop
  endfacet
  facet normal 0 0 1
    outer loop
      vertex 59.2 26.95 5
      vertex 59.2 25.65 5
      vertex 59.3486 25.6383 5
    endloop
  endfacet
  facet normal 0 0 1
    outer loop
      vertex 59.2 26.95 5
      vertex 59.0514 25.6383 5
      vertex 59.2 25.65 5
    endloop
  endfacet
  facet normal -0 0 1
    outer loop
      vertex 58.848 26.9223 5
      vertex 59.0514 25.6383 5
      vertex 59.2 26.95 5
    endloop
  endfacet
  facet normal 0 0 1
    outer loop
      vertex 59.0514 25.6383 5
      vertex 58.848 26.9223 5
      vertex 58.9064 25.6035 5
    endloop
  endfacet
  facet normal -0 0 1
    outer loop
      vertex 58.5047 26.8399 5
      vertex 58.9064 25.6035 5
      vertex 58.848 26.9223 5
    endloop
  endfacet
  facet normal 0 0 1
    outer loop
      vertex 58.9064 25.6035 5
      vertex 58.5047 26.8399 5
      vertex 58.7687 25.5465 5
    endloop
  endfacet
  facet normal -0 0 1
    outer loop
      vertex 58.1785 26.7048 5
      vertex 58.7687 25.5465 5
      vertex 58.5047 26.8399 5
    endloop
  endfacet
  facet normal 0 0 1
    outer loop
      vertex 58.7687 25.5465 5
      vertex 58.1785 26.7048 5
      vertex 58.6416 25.4686 5
    endloop
  endfacet
  facet normal -0 0 1
    outer loop
      vertex 57.8775 26.5203 5
      vertex 58.6416 25.4686 5
      vertex 58.1785 26.7048 5
    endloop
  endfacet
  facet normal 0 0 1
    outer loop
      vertex 58.6416 25.4686 5
      vertex 57.8775 26.5203 5
      vertex 58.5282 25.3717 5
    endloop
  endfacet
  facet normal -0 0 1
    outer loop
      vertex 57.609 26.291 5
      vertex 58.5282 25.3717 5
      vertex 57.8775 26.5203 5
    endloop
  endfacet
  facet normal 0 0 1
    outer loop
      vertex 58.5282 25.3717 5
      vertex 57.609 26.291 5
      vertex 58.4314 25.2584 5
    endloop
  endfacet
  facet normal 0 0 1
    outer loop
      vertex 58.4314 25.2584 5
      vertex 57.3797 26.0225 5
      vertex 58.3535 25.1313 5
    endloop
  endfacet
  facet normal -0 0 1
    outer loop
      vertex 57.3797 26.0225 5
      vertex 58.4314 25.2584 5
      vertex 57.609 26.291 5
    endloop
  endfacet
  facet normal -0 0 1
    outer loop
      vertex 59.9686 24.1416 5
      vertex 61.0203 23.3775 5
      vertex 60.0465 24.2687 5
    endloop
  endfacet
  facet normal 0 0 1
    outer loop
      vertex 61.0203 23.3775 5
      vertex 59.9686 24.1416 5
      vertex 60.791 23.109 5
    endloop
  endfacet
  facet normal -0 0 1
    outer loop
      vertex 59.8717 24.0282 5
      vertex 60.791 23.109 5
      vertex 59.9686 24.1416 5
    endloop
  endfacet
  facet normal 0 0 1
    outer loop
      vertex 60.791 23.109 5
      vertex 59.8717 24.0282 5
      vertex 60.5225 22.8797 5
    endloop
  endfacet
  facet normal -0 0 1
    outer loop
      vertex 59.7584 23.9314 5
      vertex 60.5225 22.8797 5
      vertex 59.8717 24.0282 5
    endloop
  endfacet
  facet normal 0 0 1
    outer loop
      vertex 60.5225 22.8797 5
      vertex 59.7584 23.9314 5
      vertex 60.2215 22.6952 5
    endloop
  endfacet
  facet normal -0 0 1
    outer loop
      vertex 59.6313 23.8535 5
      vertex 60.2215 22.6952 5
      vertex 59.7584 23.9314 5
    endloop
  endfacet
  facet normal 0 0 1
    outer loop
      vertex 60.2215 22.6952 5
      vertex 59.6313 23.8535 5
      vertex 59.8953 22.5601 5
    endloop
  endfacet
  facet normal -0 0 1
    outer loop
      vertex 59.4936 23.7965 5
      vertex 59.8953 22.5601 5
      vertex 59.6313 23.8535 5
    endloop
  endfacet
  facet normal 0 0 1
    outer loop
      vertex 59.8953 22.5601 5
      vertex 59.4936 23.7965 5
      vertex 59.552 22.4777 5
    endloop
  endfacet
  facet normal -0 0 1
    outer loop
      vertex 59.3486 23.7617 5
      vertex 59.552 22.4777 5
      vertex 59.4936 23.7965 5
    endloop
  endfacet
  facet normal -0 0 1
    outer loop
      vertex 59.2 23.75 5
      vertex 59.552 22.4777 5
      vertex 59.3486 23.7617 5
    endloop
  endfacet
  facet normal 0 0 1
    outer loop
      vertex 59.2 23.75 5
      vertex 59.2 22.45 5
      vertex 59.552 22.4777 5
    endloop
  endfacet
  facet normal 0 0 1
    outer loop
      vertex 59.0514 23.7617 5
      vertex 59.2 22.45 5
      vertex 59.2 23.75 5
    endloop
  endfacet
  facet normal 0 0 1
    outer loop
      vertex 58.848 22.4777 5
      vertex 59.0514 23.7617 5
      vertex 58.9064 23.7965 5
    endloop
  endfacet
  facet normal 0 0 1
    outer loop
      vertex 59.0514 23.7617 5
      vertex 58.848 22.4777 5
      vertex 59.2 22.45 5
    endloop
  endfacet
  facet normal 0 0 1
    outer loop
      vertex 58.5047 22.5601 5
      vertex 58.9064 23.7965 5
      vertex 58.7687 23.8535 5
    endloop
  endfacet
  facet normal 0 0 1
    outer loop
      vertex 58.1785 22.6952 5
      vertex 58.7687 23.8535 5
      vertex 58.6416 23.9314 5
    endloop
  endfacet
  facet normal 0 0 1
    outer loop
      vertex 57.8775 22.8797 5
      vertex 58.6416 23.9314 5
      vertex 58.5282 24.0282 5
    endloop
  endfacet
  facet normal 0 0 1
    outer loop
      vertex 58.9064 23.7965 5
      vertex 58.5047 22.5601 5
      vertex 58.848 22.4777 5
    endloop
  endfacet
  facet normal 0 0 1
    outer loop
      vertex 57.609 23.109 5
      vertex 58.5282 24.0282 5
      vertex 58.4314 24.1416 5
    endloop
  endfacet
  facet normal 0 0 1
    outer loop
      vertex 57.3797 23.3775 5
      vertex 58.4314 24.1416 5
      vertex 58.3535 24.2687 5
    endloop
  endfacet
  facet normal 0 0 1
    outer loop
      vertex 57.1952 23.6785 5
      vertex 58.3535 24.2687 5
      vertex 58.2965 24.4064 5
    endloop
  endfacet
  facet normal 0 0 1
    outer loop
      vertex 57.0601 24.0047 5
      vertex 58.2965 24.4064 5
      vertex 58.2617 24.5514 5
    endloop
  endfacet
  facet normal 0 0 1
    outer loop
      vertex 58.7687 23.8535 5
      vertex 58.1785 22.6952 5
      vertex 58.5047 22.5601 5
    endloop
  endfacet
  facet normal 0 0 1
    outer loop
      vertex 56.9777 24.348 5
      vertex 58.2617 24.5514 5
      vertex 58.25 24.7 5
    endloop
  endfacet
  facet normal -0 0 1
    outer loop
      vertex 57.1952 25.7215 5
      vertex 58.3535 25.1313 5
      vertex 57.3797 26.0225 5
    endloop
  endfacet
  facet normal 0 0 1
    outer loop
      vertex 58.3535 25.1313 5
      vertex 57.1952 25.7215 5
      vertex 58.2965 24.9936 5
    endloop
  endfacet
  facet normal 0 0 1
    outer loop
      vertex 58.6416 23.9314 5
      vertex 57.8775 22.8797 5
      vertex 58.1785 22.6952 5
    endloop
  endfacet
  facet normal -0 0 1
    outer loop
      vertex 57.0601 25.3953 5
      vertex 58.2965 24.9936 5
      vertex 57.1952 25.7215 5
    endloop
  endfacet
  facet normal 0 0 1
    outer loop
      vertex 58.5282 24.0282 5
      vertex 57.609 23.109 5
      vertex 57.8775 22.8797 5
    endloop
  endfacet
  facet normal 0 0 1
    outer loop
      vertex 58.2965 24.9936 5
      vertex 57.0601 25.3953 5
      vertex 58.2617 24.8486 5
    endloop
  endfacet
  facet normal 0 0 1
    outer loop
      vertex 58.4314 24.1416 5
      vertex 57.3797 23.3775 5
      vertex 57.609 23.109 5
    endloop
  endfacet
  facet normal -0 0 1
    outer loop
      vertex 56.9777 25.052 5
      vertex 58.2617 24.8486 5
      vertex 57.0601 25.3953 5
    endloop
  endfacet
  facet normal 0 0 1
    outer loop
      vertex 58.3535 24.2687 5
      vertex 57.1952 23.6785 5
      vertex 57.3797 23.3775 5
    endloop
  endfacet
  facet normal 0 0 1
    outer loop
      vertex 58.2617 24.8486 5
      vertex 56.9777 25.052 5
      vertex 58.25 24.7 5
    endloop
  endfacet
  facet normal 0 0 1
    outer loop
      vertex 58.2965 24.4064 5
      vertex 57.0601 24.0047 5
      vertex 57.1952 23.6785 5
    endloop
  endfacet
  facet normal 0 0 1
    outer loop
      vertex 56.95 24.7 5
      vertex 58.25 24.7 5
      vertex 56.9777 25.052 5
    endloop
  endfacet
  facet normal 0 0 1
    outer loop
      vertex 58.2617 24.5514 5
      vertex 56.9777 24.348 5
      vertex 57.0601 24.0047 5
    endloop
  endfacet
  facet normal 0 0 1
    outer loop
      vertex 58.25 24.7 5
      vertex 56.95 24.7 5
      vertex 56.9777 24.348 5
    endloop
  endfacet
  facet normal -0.382644 -0.923896 0
    outer loop
      vertex 58.1785 22.6952 2.4
      vertex 58.5047 22.5601 5
      vertex 58.1785 22.6952 5
    endloop
  endfacet
  facet normal -0.382644 -0.923896 -0
    outer loop
      vertex 58.5047 22.5601 5
      vertex 58.1785 22.6952 2.4
      vertex 58.5047 22.5601 2.4
    endloop
  endfacet
  facet normal 0.972382 0.233394 0
    outer loop
      vertex 61.4223 13.652 5
      vertex 61.3399 13.9953 2.4
      vertex 61.3399 13.9953 5
    endloop
  endfacet
  facet normal 0.972382 0.233394 0
    outer loop
      vertex 61.3399 13.9953 2.4
      vertex 61.4223 13.652 5
      vertex 61.4223 13.652 2.4
    endloop
  endfacet
  facet normal 0.996918 0.0784506 0
    outer loop
      vertex 61.45 13.3 5
      vertex 61.4223 13.652 2.4
      vertex 61.4223 13.652 5
    endloop
  endfacet
  facet normal 0.996918 0.0784506 0
    outer loop
      vertex 61.4223 13.652 2.4
      vertex 61.45 13.3 5
      vertex 61.45 13.3 2.4
    endloop
  endfacet
  facet normal 0.923896 0.382644 0
    outer loop
      vertex 61.3399 13.9953 5
      vertex 61.2048 14.3215 2.4
      vertex 61.2048 14.3215 5
    endloop
  endfacet
  facet normal 0.923896 0.382644 0
    outer loop
      vertex 61.2048 14.3215 2.4
      vertex 61.3399 13.9953 5
      vertex 61.3399 13.9953 2.4
    endloop
  endfacet
  facet normal 0.382644 -0.923896 0
    outer loop
      vertex 59.8953 11.1601 2.4
      vertex 60.2215 11.2952 5
      vertex 59.8953 11.1601 5
    endloop
  endfacet
  facet normal 0.382644 -0.923896 0
    outer loop
      vertex 60.2215 11.2952 5
      vertex 59.8953 11.1601 2.4
      vertex 60.2215 11.2952 2.4
    endloop
  endfacet
  facet normal -0.522595 -0.852581 0
    outer loop
      vertex 57.8775 11.4797 2.4
      vertex 58.1785 11.2952 5
      vertex 57.8775 11.4797 5
    endloop
  endfacet
  facet normal -0.522595 -0.852581 -0
    outer loop
      vertex 58.1785 11.2952 5
      vertex 57.8775 11.4797 2.4
      vertex 58.1785 11.2952 2.4
    endloop
  endfacet
  facet normal -0.996918 0.0784506 0
    outer loop
      vertex 56.95 13.3 2.4
      vertex 56.9777 13.652 5
      vertex 56.9777 13.652 2.4
    endloop
  endfacet
  facet normal -0.996918 0.0784506 0
    outer loop
      vertex 56.9777 13.652 5
      vertex 56.95 13.3 2.4
      vertex 56.95 13.3 5
    endloop
  endfacet
  facet normal -0.649414 0.760435 0
    outer loop
      vertex 57.8775 15.1203 2.4
      vertex 57.609 14.891 5
      vertex 57.8775 15.1203 5
    endloop
  endfacet
  facet normal -0.649414 0.760435 0
    outer loop
      vertex 57.609 14.891 5
      vertex 57.8775 15.1203 2.4
      vertex 57.609 14.891 2.4
    endloop
  endfacet
  facet normal -0.923896 -0.382644 0
    outer loop
      vertex 57.1952 12.2785 2.4
      vertex 57.0601 12.6047 5
      vertex 57.0601 12.6047 2.4
    endloop
  endfacet
  facet normal -0.923896 -0.382644 0
    outer loop
      vertex 57.0601 12.6047 5
      vertex 57.1952 12.2785 2.4
      vertex 57.1952 12.2785 5
    endloop
  endfacet
  facet normal -0.233394 0.972382 0
    outer loop
      vertex 58.848 15.5223 2.4
      vertex 58.5047 15.4399 5
      vertex 58.848 15.5223 5
    endloop
  endfacet
  facet normal -0.233394 0.972382 0
    outer loop
      vertex 58.5047 15.4399 5
      vertex 58.848 15.5223 2.4
      vertex 58.5047 15.4399 2.4
    endloop
  endfacet
  facet normal -0.852581 0.522595 0
    outer loop
      vertex 57.1952 14.3215 2.4
      vertex 57.3797 14.6225 5
      vertex 57.3797 14.6225 2.4
    endloop
  endfacet
  facet normal -0.852581 0.522595 0
    outer loop
      vertex 57.3797 14.6225 5
      vertex 57.1952 14.3215 2.4
      vertex 57.1952 14.3215 5
    endloop
  endfacet
  facet normal 0.972382 -0.233394 0
    outer loop
      vertex 61.3399 12.6047 5
      vertex 61.4223 12.948 2.4
      vertex 61.4223 12.948 5
    endloop
  endfacet
  facet normal 0.972382 -0.233394 0
    outer loop
      vertex 61.4223 12.948 2.4
      vertex 61.3399 12.6047 5
      vertex 61.3399 12.6047 2.4
    endloop
  endfacet
  facet normal 0.996918 -0.0784506 0
    outer loop
      vertex 61.4223 12.948 5
      vertex 61.45 13.3 2.4
      vertex 61.45 13.3 5
    endloop
  endfacet
  facet normal 0.996918 -0.0784506 0
    outer loop
      vertex 61.45 13.3 2.4
      vertex 61.4223 12.948 5
      vertex 61.4223 12.948 2.4
    endloop
  endfacet
  facet normal -0.972382 -0.233394 0
    outer loop
      vertex 57.0601 12.6047 2.4
      vertex 56.9777 12.948 5
      vertex 56.9777 12.948 2.4
    endloop
  endfacet
  facet normal -0.972382 -0.233394 0
    outer loop
      vertex 56.9777 12.948 5
      vertex 57.0601 12.6047 2.4
      vertex 57.0601 12.6047 5
    endloop
  endfacet
  facet normal -0.522595 0.852581 0
    outer loop
      vertex 58.1785 15.3048 2.4
      vertex 57.8775 15.1203 5
      vertex 58.1785 15.3048 5
    endloop
  endfacet
  facet normal -0.522595 0.852581 0
    outer loop
      vertex 57.8775 15.1203 5
      vertex 58.1785 15.3048 2.4
      vertex 57.8775 15.1203 2.4
    endloop
  endfacet
  facet normal -0.233394 -0.972382 0
    outer loop
      vertex 58.5047 11.1601 2.4
      vertex 58.848 11.0777 5
      vertex 58.5047 11.1601 5
    endloop
  endfacet
  facet normal -0.233394 -0.972382 -0
    outer loop
      vertex 58.848 11.0777 5
      vertex 58.5047 11.1601 2.4
      vertex 58.848 11.0777 2.4
    endloop
  endfacet
  facet normal -0.760435 -0.649414 0
    outer loop
      vertex 57.609 11.709 2.4
      vertex 57.3797 11.9775 5
      vertex 57.3797 11.9775 2.4
    endloop
  endfacet
  facet normal -0.760435 -0.649414 0
    outer loop
      vertex 57.3797 11.9775 5
      vertex 57.609 11.709 2.4
      vertex 57.609 11.709 5
    endloop
  endfacet
  facet normal -0.0784506 -0.996918 0
    outer loop
      vertex 58.848 11.0777 2.4
      vertex 59.2 11.05 5
      vertex 58.848 11.0777 5
    endloop
  endfacet
  facet normal -0.0784506 -0.996918 -0
    outer loop
      vertex 59.2 11.05 5
      vertex 58.848 11.0777 2.4
      vertex 59.2 11.05 2.4
    endloop
  endfacet
  facet normal 0.923896 -0.382644 0
    outer loop
      vertex 61.2048 12.2785 5
      vertex 61.3399 12.6047 2.4
      vertex 61.3399 12.6047 5
    endloop
  endfacet
  facet normal 0.923896 -0.382644 0
    outer loop
      vertex 61.3399 12.6047 2.4
      vertex 61.2048 12.2785 5
      vertex 61.2048 12.2785 2.4
    endloop
  endfacet
  facet normal -0.649414 -0.760435 0
    outer loop
      vertex 57.609 11.709 2.4
      vertex 57.8775 11.4797 5
      vertex 57.609 11.709 5
    endloop
  endfacet
  facet normal -0.649414 -0.760435 -0
    outer loop
      vertex 57.8775 11.4797 5
      vertex 57.609 11.709 2.4
      vertex 57.8775 11.4797 2.4
    endloop
  endfacet
  facet normal 0.852581 0.522595 0
    outer loop
      vertex 61.2048 14.3215 5
      vertex 61.0203 14.6225 2.4
      vertex 61.0203 14.6225 5
    endloop
  endfacet
  facet normal 0.852581 0.522595 0
    outer loop
      vertex 61.0203 14.6225 2.4
      vertex 61.2048 14.3215 5
      vertex 61.2048 14.3215 2.4
    endloop
  endfacet
  facet normal 0.760435 -0.649414 0
    outer loop
      vertex 60.791 11.709 5
      vertex 61.0203 11.9775 2.4
      vertex 61.0203 11.9775 5
    endloop
  endfacet
  facet normal 0.760435 -0.649414 0
    outer loop
      vertex 61.0203 11.9775 2.4
      vertex 60.791 11.709 5
      vertex 60.791 11.709 2.4
    endloop
  endfacet
  facet normal 0.233394 -0.972382 0
    outer loop
      vertex 59.552 11.0777 2.4
      vertex 59.8953 11.1601 5
      vertex 59.552 11.0777 5
    endloop
  endfacet
  facet normal 0.233394 -0.972382 0
    outer loop
      vertex 59.8953 11.1601 5
      vertex 59.552 11.0777 2.4
      vertex 59.8953 11.1601 2.4
    endloop
  endfacet
  facet normal 0.649414 -0.760435 0
    outer loop
      vertex 60.5225 11.4797 2.4
      vertex 60.791 11.709 5
      vertex 60.5225 11.4797 5
    endloop
  endfacet
  facet normal 0.649414 -0.760435 0
    outer loop
      vertex 60.791 11.709 5
      vertex 60.5225 11.4797 2.4
      vertex 60.791 11.709 2.4
    endloop
  endfacet
  facet normal -0.972382 0.233394 0
    outer loop
      vertex 56.9777 13.652 2.4
      vertex 57.0601 13.9953 5
      vertex 57.0601 13.9953 2.4
    endloop
  endfacet
  facet normal -0.972382 0.233394 0
    outer loop
      vertex 57.0601 13.9953 5
      vertex 56.9777 13.652 2.4
      vertex 56.9777 13.652 5
    endloop
  endfacet
  facet normal 0.522595 -0.852581 0
    outer loop
      vertex 60.2215 11.2952 2.4
      vertex 60.5225 11.4797 5
      vertex 60.2215 11.2952 5
    endloop
  endfacet
  facet normal 0.522595 -0.852581 0
    outer loop
      vertex 60.5225 11.4797 5
      vertex 60.2215 11.2952 2.4
      vertex 60.5225 11.4797 2.4
    endloop
  endfacet
  facet normal 0 0 1
    outer loop
      vertex 60.15 13.3 5
      vertex 61.45 13.3 5
      vertex 61.4223 13.652 5
    endloop
  endfacet
  facet normal 0 0 1
    outer loop
      vertex 60.1383 13.4486 5
      vertex 61.4223 13.652 5
      vertex 61.3399 13.9953 5
    endloop
  endfacet
  facet normal 0 0 1
    outer loop
      vertex 61.45 13.3 5
      vertex 60.15 13.3 5
      vertex 61.4223 12.948 5
    endloop
  endfacet
  facet normal 0 0 1
    outer loop
      vertex 60.1035 13.5936 5
      vertex 61.3399 13.9953 5
      vertex 61.2048 14.3215 5
    endloop
  endfacet
  facet normal -0 0 1
    outer loop
      vertex 60.1383 13.1514 5
      vertex 61.4223 12.948 5
      vertex 60.15 13.3 5
    endloop
  endfacet
  facet normal 0 0 1
    outer loop
      vertex 60.0465 13.7313 5
      vertex 61.2048 14.3215 5
      vertex 61.0203 14.6225 5
    endloop
  endfacet
  facet normal 0 0 1
    outer loop
      vertex 61.4223 12.948 5
      vertex 60.1383 13.1514 5
      vertex 61.3399 12.6047 5
    endloop
  endfacet
  facet normal 0 0 1
    outer loop
      vertex 59.9686 13.8584 5
      vertex 61.0203 14.6225 5
      vertex 60.791 14.891 5
    endloop
  endfacet
  facet normal -0 0 1
    outer loop
      vertex 60.1035 13.0064 5
      vertex 61.3399 12.6047 5
      vertex 60.1383 13.1514 5
    endloop
  endfacet
  facet normal 0 0 1
    outer loop
      vertex 59.8717 13.9718 5
      vertex 60.791 14.891 5
      vertex 60.5225 15.1203 5
    endloop
  endfacet
  facet normal 0 0 1
    outer loop
      vertex 61.3399 12.6047 5
      vertex 60.1035 13.0064 5
      vertex 61.2048 12.2785 5
    endloop
  endfacet
  facet normal 0 0 1
    outer loop
      vertex 59.7584 14.0686 5
      vertex 60.5225 15.1203 5
      vertex 60.2215 15.3048 5
    endloop
  endfacet
  facet normal -0 0 1
    outer loop
      vertex 60.0465 12.8687 5
      vertex 61.2048 12.2785 5
      vertex 60.1035 13.0064 5
    endloop
  endfacet
  facet normal 0 0 1
    outer loop
      vertex 61.2048 12.2785 5
      vertex 60.0465 12.8687 5
      vertex 61.0203 11.9775 5
    endloop
  endfacet
  facet normal 0 0 1
    outer loop
      vertex 61.4223 13.652 5
      vertex 60.1383 13.4486 5
      vertex 60.15 13.3 5
    endloop
  endfacet
  facet normal 0 0 1
    outer loop
      vertex 61.3399 13.9953 5
      vertex 60.1035 13.5936 5
      vertex 60.1383 13.4486 5
    endloop
  endfacet
  facet normal 0 0 1
    outer loop
      vertex 61.2048 14.3215 5
      vertex 60.0465 13.7313 5
      vertex 60.1035 13.5936 5
    endloop
  endfacet
  facet normal 0 0 1
    outer loop
      vertex 61.0203 14.6225 5
      vertex 59.9686 13.8584 5
      vertex 60.0465 13.7313 5
    endloop
  endfacet
  facet normal 0 0 1
    outer loop
      vertex 59.6313 14.1465 5
      vertex 60.2215 15.3048 5
      vertex 59.8953 15.4399 5
    endloop
  endfacet
  facet normal 0 0 1
    outer loop
      vertex 60.791 14.891 5
      vertex 59.8717 13.9718 5
      vertex 59.9686 13.8584 5
    endloop
  endfacet
  facet normal 0 0 1
    outer loop
      vertex 60.5225 15.1203 5
      vertex 59.7584 14.0686 5
      vertex 59.8717 13.9718 5
    endloop
  endfacet
  facet normal 0 0 1
    outer loop
      vertex 60.2215 15.3048 5
      vertex 59.6313 14.1465 5
      vertex 59.7584 14.0686 5
    endloop
  endfacet
  facet normal 0 0 1
    outer loop
      vertex 59.4936 14.2035 5
      vertex 59.8953 15.4399 5
      vertex 59.552 15.5223 5
    endloop
  endfacet
  facet normal 0 0 1
    outer loop
      vertex 59.8953 15.4399 5
      vertex 59.4936 14.2035 5
      vertex 59.6313 14.1465 5
    endloop
  endfacet
  facet normal 0 0 1
    outer loop
      vertex 59.552 15.5223 5
      vertex 59.3486 14.2383 5
      vertex 59.4936 14.2035 5
    endloop
  endfacet
  facet normal 0 0 1
    outer loop
      vertex 59.2 15.55 5
      vertex 59.3486 14.2383 5
      vertex 59.552 15.5223 5
    endloop
  endfacet
  facet normal 0 0 1
    outer loop
      vertex 59.2 15.55 5
      vertex 59.2 14.25 5
      vertex 59.3486 14.2383 5
    endloop
  endfacet
  facet normal 0 0 1
    outer loop
      vertex 59.2 15.55 5
      vertex 59.0514 14.2383 5
      vertex 59.2 14.25 5
    endloop
  endfacet
  facet normal -0 0 1
    outer loop
      vertex 58.848 15.5223 5
      vertex 59.0514 14.2383 5
      vertex 59.2 15.55 5
    endloop
  endfacet
  facet normal 0 0 1
    outer loop
      vertex 59.0514 14.2383 5
      vertex 58.848 15.5223 5
      vertex 58.9064 14.2035 5
    endloop
  endfacet
  facet normal -0 0 1
    outer loop
      vertex 58.5047 15.4399 5
      vertex 58.9064 14.2035 5
      vertex 58.848 15.5223 5
    endloop
  endfacet
  facet normal 0 0 1
    outer loop
      vertex 58.9064 14.2035 5
      vertex 58.5047 15.4399 5
      vertex 58.7687 14.1465 5
    endloop
  endfacet
  facet normal -0 0 1
    outer loop
      vertex 58.1785 15.3048 5
      vertex 58.7687 14.1465 5
      vertex 58.5047 15.4399 5
    endloop
  endfacet
  facet normal 0 0 1
    outer loop
      vertex 58.7687 14.1465 5
      vertex 58.1785 15.3048 5
      vertex 58.6416 14.0686 5
    endloop
  endfacet
  facet normal -0 0 1
    outer loop
      vertex 57.8775 15.1203 5
      vertex 58.6416 14.0686 5
      vertex 58.1785 15.3048 5
    endloop
  endfacet
  facet normal 0 0 1
    outer loop
      vertex 58.6416 14.0686 5
      vertex 57.8775 15.1203 5
      vertex 58.5282 13.9718 5
    endloop
  endfacet
  facet normal -0 0 1
    outer loop
      vertex 57.609 14.891 5
      vertex 58.5282 13.9718 5
      vertex 57.8775 15.1203 5
    endloop
  endfacet
  facet normal 0 0 1
    outer loop
      vertex 58.5282 13.9718 5
      vertex 57.609 14.891 5
      vertex 58.4314 13.8584 5
    endloop
  endfacet
  facet normal 0 0 1
    outer loop
      vertex 58.4314 13.8584 5
      vertex 57.3797 14.6225 5
      vertex 58.3535 13.7313 5
    endloop
  endfacet
  facet normal -0 0 1
    outer loop
      vertex 57.3797 14.6225 5
      vertex 58.4314 13.8584 5
      vertex 57.609 14.891 5
    endloop
  endfacet
  facet normal -0 0 1
    outer loop
      vertex 59.9686 12.7416 5
      vertex 61.0203 11.9775 5
      vertex 60.0465 12.8687 5
    endloop
  endfacet
  facet normal 0 0 1
    outer loop
      vertex 61.0203 11.9775 5
      vertex 59.9686 12.7416 5
      vertex 60.791 11.709 5
    endloop
  endfacet
  facet normal -0 0 1
    outer loop
      vertex 59.8717 12.6282 5
      vertex 60.791 11.709 5
      vertex 59.9686 12.7416 5
    endloop
  endfacet
  facet normal 0 0 1
    outer loop
      vertex 60.791 11.709 5
      vertex 59.8717 12.6282 5
      vertex 60.5225 11.4797 5
    endloop
  endfacet
  facet normal -0 0 1
    outer loop
      vertex 59.7584 12.5314 5
      vertex 60.5225 11.4797 5
      vertex 59.8717 12.6282 5
    endloop
  endfacet
  facet normal 0 0 1
    outer loop
      vertex 60.5225 11.4797 5
      vertex 59.7584 12.5314 5
      vertex 60.2215 11.2952 5
    endloop
  endfacet
  facet normal -0 0 1
    outer loop
      vertex 59.6313 12.4535 5
      vertex 60.2215 11.2952 5
      vertex 59.7584 12.5314 5
    endloop
  endfacet
  facet normal 0 0 1
    outer loop
      vertex 60.2215 11.2952 5
      vertex 59.6313 12.4535 5
      vertex 59.8953 11.1601 5
    endloop
  endfacet
  facet normal -0 0 1
    outer loop
      vertex 59.4936 12.3965 5
      vertex 59.8953 11.1601 5
      vertex 59.6313 12.4535 5
    endloop
  endfacet
  facet normal 0 0 1
    outer loop
      vertex 59.8953 11.1601 5
      vertex 59.4936 12.3965 5
      vertex 59.552 11.0777 5
    endloop
  endfacet
  facet normal -0 0 1
    outer loop
      vertex 59.3486 12.3617 5
      vertex 59.552 11.0777 5
      vertex 59.4936 12.3965 5
    endloop
  endfacet
  facet normal -0 0 1
    outer loop
      vertex 59.2 12.35 5
      vertex 59.552 11.0777 5
      vertex 59.3486 12.3617 5
    endloop
  endfacet
  facet normal 0 0 1
    outer loop
      vertex 59.2 12.35 5
      vertex 59.2 11.05 5
      vertex 59.552 11.0777 5
    endloop
  endfacet
  facet normal 0 0 1
    outer loop
      vertex 59.0514 12.3617 5
      vertex 59.2 11.05 5
      vertex 59.2 12.35 5
    endloop
  endfacet
  facet normal 0 0 1
    outer loop
      vertex 58.848 11.0777 5
      vertex 59.0514 12.3617 5
      vertex 58.9064 12.3965 5
    endloop
  endfacet
  facet normal 0 0 1
    outer loop
      vertex 59.0514 12.3617 5
      vertex 58.848 11.0777 5
      vertex 59.2 11.05 5
    endloop
  endfacet
  facet normal 0 0 1
    outer loop
      vertex 58.5047 11.1601 5
      vertex 58.9064 12.3965 5
      vertex 58.7687 12.4535 5
    endloop
  endfacet
  facet normal 0 0 1
    outer loop
      vertex 58.1785 11.2952 5
      vertex 58.7687 12.4535 5
      vertex 58.6416 12.5314 5
    endloop
  endfacet
  facet normal 0 0 1
    outer loop
      vertex 57.8775 11.4797 5
      vertex 58.6416 12.5314 5
      vertex 58.5282 12.6282 5
    endloop
  endfacet
  facet normal 0 0 1
    outer loop
      vertex 58.9064 12.3965 5
      vertex 58.5047 11.1601 5
      vertex 58.848 11.0777 5
    endloop
  endfacet
  facet normal 0 0 1
    outer loop
      vertex 57.609 11.709 5
      vertex 58.5282 12.6282 5
      vertex 58.4314 12.7416 5
    endloop
  endfacet
  facet normal 0 0 1
    outer loop
      vertex 57.3797 11.9775 5
      vertex 58.4314 12.7416 5
      vertex 58.3535 12.8687 5
    endloop
  endfacet
  facet normal 0 0 1
    outer loop
      vertex 57.1952 12.2785 5
      vertex 58.3535 12.8687 5
      vertex 58.2965 13.0064 5
    endloop
  endfacet
  facet normal 0 0 1
    outer loop
      vertex 57.0601 12.6047 5
      vertex 58.2965 13.0064 5
      vertex 58.2617 13.1514 5
    endloop
  endfacet
  facet normal 0 0 1
    outer loop
      vertex 58.7687 12.4535 5
      vertex 58.1785 11.2952 5
      vertex 58.5047 11.1601 5
    endloop
  endfacet
  facet normal 0 0 1
    outer loop
      vertex 56.9777 12.948 5
      vertex 58.2617 13.1514 5
      vertex 58.25 13.3 5
    endloop
  endfacet
  facet normal -0 0 1
    outer loop
      vertex 57.1952 14.3215 5
      vertex 58.3535 13.7313 5
      vertex 57.3797 14.6225 5
    endloop
  endfacet
  facet normal 0 0 1
    outer loop
      vertex 58.3535 13.7313 5
      vertex 57.1952 14.3215 5
      vertex 58.2965 13.5936 5
    endloop
  endfacet
  facet normal 0 0 1
    outer loop
      vertex 58.6416 12.5314 5
      vertex 57.8775 11.4797 5
      vertex 58.1785 11.2952 5
    endloop
  endfacet
  facet normal -0 0 1
    outer loop
      vertex 57.0601 13.9953 5
      vertex 58.2965 13.5936 5
      vertex 57.1952 14.3215 5
    endloop
  endfacet
  facet normal 0 0 1
    outer loop
      vertex 58.5282 12.6282 5
      vertex 57.609 11.709 5
      vertex 57.8775 11.4797 5
    endloop
  endfacet
  facet normal 0 0 1
    outer loop
      vertex 58.2965 13.5936 5
      vertex 57.0601 13.9953 5
      vertex 58.2617 13.4486 5
    endloop
  endfacet
  facet normal 0 0 1
    outer loop
      vertex 58.4314 12.7416 5
      vertex 57.3797 11.9775 5
      vertex 57.609 11.709 5
    endloop
  endfacet
  facet normal -0 0 1
    outer loop
      vertex 56.9777 13.652 5
      vertex 58.2617 13.4486 5
      vertex 57.0601 13.9953 5
    endloop
  endfacet
  facet normal 0 0 1
    outer loop
      vertex 58.3535 12.8687 5
      vertex 57.1952 12.2785 5
      vertex 57.3797 11.9775 5
    endloop
  endfacet
  facet normal 0 0 1
    outer loop
      vertex 58.2617 13.4486 5
      vertex 56.9777 13.652 5
      vertex 58.25 13.3 5
    endloop
  endfacet
  facet normal 0 0 1
    outer loop
      vertex 58.2965 13.0064 5
      vertex 57.0601 12.6047 5
      vertex 57.1952 12.2785 5
    endloop
  endfacet
  facet normal 0 0 1
    outer loop
      vertex 56.95 13.3 5
      vertex 58.25 13.3 5
      vertex 56.9777 13.652 5
    endloop
  endfacet
  facet normal 0 0 1
    outer loop
      vertex 58.2617 13.1514 5
      vertex 56.9777 12.948 5
      vertex 57.0601 12.6047 5
    endloop
  endfacet
  facet normal 0 0 1
    outer loop
      vertex 58.25 13.3 5
      vertex 56.95 13.3 5
      vertex 56.9777 12.948 5
    endloop
  endfacet
  facet normal -0.923896 0.382644 0
    outer loop
      vertex 57.0601 13.9953 2.4
      vertex 57.1952 14.3215 5
      vertex 57.1952 14.3215 2.4
    endloop
  endfacet
  facet normal -0.923896 0.382644 0
    outer loop
      vertex 57.1952 14.3215 5
      vertex 57.0601 13.9953 2.4
      vertex 57.0601 13.9953 5
    endloop
  endfacet
  facet normal 0.760435 0.649414 0
    outer loop
      vertex 61.0203 14.6225 5
      vertex 60.791 14.891 2.4
      vertex 60.791 14.891 5
    endloop
  endfacet
  facet normal 0.760435 0.649414 0
    outer loop
      vertex 60.791 14.891 2.4
      vertex 61.0203 14.6225 5
      vertex 61.0203 14.6225 2.4
    endloop
  endfacet
  facet normal -0.760435 0.649414 0
    outer loop
      vertex 57.3797 14.6225 2.4
      vertex 57.609 14.891 5
      vertex 57.609 14.891 2.4
    endloop
  endfacet
  facet normal -0.760435 0.649414 0
    outer loop
      vertex 57.609 14.891 5
      vertex 57.3797 14.6225 2.4
      vertex 57.3797 14.6225 5
    endloop
  endfacet
  facet normal 0.649414 0.760435 -0
    outer loop
      vertex 60.791 14.891 2.4
      vertex 60.5225 15.1203 5
      vertex 60.791 14.891 5
    endloop
  endfacet
  facet normal 0.649414 0.760435 0
    outer loop
      vertex 60.5225 15.1203 5
      vertex 60.791 14.891 2.4
      vertex 60.5225 15.1203 2.4
    endloop
  endfacet
  facet normal 0.0784506 -0.996918 0
    outer loop
      vertex 59.2 11.05 2.4
      vertex 59.552 11.0777 5
      vertex 59.2 11.05 5
    endloop
  endfacet
  facet normal 0.0784506 -0.996918 0
    outer loop
      vertex 59.552 11.0777 5
      vertex 59.2 11.05 2.4
      vertex 59.552 11.0777 2.4
    endloop
  endfacet
  facet normal -0.382644 -0.923896 0
    outer loop
      vertex 58.1785 11.2952 2.4
      vertex 58.5047 11.1601 5
      vertex 58.1785 11.2952 5
    endloop
  endfacet
  facet normal -0.382644 -0.923896 -0
    outer loop
      vertex 58.5047 11.1601 5
      vertex 58.1785 11.2952 2.4
      vertex 58.5047 11.1601 2.4
    endloop
  endfacet
  facet normal -0.382644 0.923896 0
    outer loop
      vertex 58.5047 15.4399 2.4
      vertex 58.1785 15.3048 5
      vertex 58.5047 15.4399 5
    endloop
  endfacet
  facet normal -0.382644 0.923896 0
    outer loop
      vertex 58.1785 15.3048 5
      vertex 58.5047 15.4399 2.4
      vertex 58.1785 15.3048 2.4
    endloop
  endfacet
  facet normal -0.0784506 0.996918 0
    outer loop
      vertex 59.2 15.55 2.4
      vertex 58.848 15.5223 5
      vertex 59.2 15.55 5
    endloop
  endfacet
  facet normal -0.0784506 0.996918 0
    outer loop
      vertex 58.848 15.5223 5
      vertex 59.2 15.55 2.4
      vertex 58.848 15.5223 2.4
    endloop
  endfacet
  facet normal 0.522595 0.852581 -0
    outer loop
      vertex 60.5225 15.1203 2.4
      vertex 60.2215 15.3048 5
      vertex 60.5225 15.1203 5
    endloop
  endfacet
  facet normal 0.522595 0.852581 0
    outer loop
      vertex 60.2215 15.3048 5
      vertex 60.5225 15.1203 2.4
      vertex 60.2215 15.3048 2.4
    endloop
  endfacet
  facet normal -0.996918 -0.0784506 0
    outer loop
      vertex 56.9777 12.948 2.4
      vertex 56.95 13.3 5
      vertex 56.95 13.3 2.4
    endloop
  endfacet
  facet normal -0.996918 -0.0784506 0
    outer loop
      vertex 56.95 13.3 5
      vertex 56.9777 12.948 2.4
      vertex 56.9777 12.948 5
    endloop
  endfacet
  facet normal 0.382644 0.923896 -0
    outer loop
      vertex 60.2215 15.3048 2.4
      vertex 59.8953 15.4399 5
      vertex 60.2215 15.3048 5
    endloop
  endfacet
  facet normal 0.382644 0.923896 0
    outer loop
      vertex 59.8953 15.4399 5
      vertex 60.2215 15.3048 2.4
      vertex 59.8953 15.4399 2.4
    endloop
  endfacet
  facet normal 0.233394 0.972382 -0
    outer loop
      vertex 59.8953 15.4399 2.4
      vertex 59.552 15.5223 5
      vertex 59.8953 15.4399 5
    endloop
  endfacet
  facet normal 0.233394 0.972382 0
    outer loop
      vertex 59.552 15.5223 5
      vertex 59.8953 15.4399 2.4
      vertex 59.552 15.5223 2.4
    endloop
  endfacet
  facet normal 0.852581 -0.522595 0
    outer loop
      vertex 61.0203 11.9775 5
      vertex 61.2048 12.2785 2.4
      vertex 61.2048 12.2785 5
    endloop
  endfacet
  facet normal 0.852581 -0.522595 0
    outer loop
      vertex 61.2048 12.2785 2.4
      vertex 61.0203 11.9775 5
      vertex 61.0203 11.9775 2.4
    endloop
  endfacet
  facet normal 0.0784506 0.996918 -0
    outer loop
      vertex 59.552 15.5223 2.4
      vertex 59.2 15.55 5
      vertex 59.552 15.5223 5
    endloop
  endfacet
  facet normal 0.0784506 0.996918 0
    outer loop
      vertex 59.2 15.55 5
      vertex 59.552 15.5223 2.4
      vertex 59.2 15.55 2.4
    endloop
  endfacet
  facet normal -0.852581 -0.522595 0
    outer loop
      vertex 57.3797 11.9775 2.4
      vertex 57.1952 12.2785 5
      vertex 57.1952 12.2785 2.4
    endloop
  endfacet
  facet normal -0.852581 -0.522595 0
    outer loop
      vertex 57.1952 12.2785 5
      vertex 57.3797 11.9775 2.4
      vertex 57.3797 11.9775 5
    endloop
  endfacet
  facet normal 0.972382 0.233394 0
    outer loop
      vertex 14.4223 25.052 5
      vertex 14.3399 25.3953 2.4
      vertex 14.3399 25.3953 5
    endloop
  endfacet
  facet normal 0.972382 0.233394 0
    outer loop
      vertex 14.3399 25.3953 2.4
      vertex 14.4223 25.052 5
      vertex 14.4223 25.052 2.4
    endloop
  endfacet
  facet normal 0.996918 0.0784506 0
    outer loop
      vertex 14.45 24.7 5
      vertex 14.4223 25.052 2.4
      vertex 14.4223 25.052 5
    endloop
  endfacet
  facet normal 0.996918 0.0784506 0
    outer loop
      vertex 14.4223 25.052 2.4
      vertex 14.45 24.7 5
      vertex 14.45 24.7 2.4
    endloop
  endfacet
  facet normal 0.923896 0.382644 0
    outer loop
      vertex 14.3399 25.3953 5
      vertex 14.2048 25.7215 2.4
      vertex 14.2048 25.7215 5
    endloop
  endfacet
  facet normal 0.923896 0.382644 0
    outer loop
      vertex 14.2048 25.7215 2.4
      vertex 14.3399 25.3953 5
      vertex 14.3399 25.3953 2.4
    endloop
  endfacet
  facet normal -0.852581 -0.522595 0
    outer loop
      vertex 10.3797 23.3775 2.4
      vertex 10.1952 23.6785 5
      vertex 10.1952 23.6785 2.4
    endloop
  endfacet
  facet normal -0.852581 -0.522595 0
    outer loop
      vertex 10.1952 23.6785 5
      vertex 10.3797 23.3775 2.4
      vertex 10.3797 23.3775 5
    endloop
  endfacet
  facet normal 0.852581 -0.522595 0
    outer loop
      vertex 14.0203 23.3775 5
      vertex 14.2048 23.6785 2.4
      vertex 14.2048 23.6785 5
    endloop
  endfacet
  facet normal 0.852581 -0.522595 0
    outer loop
      vertex 14.2048 23.6785 2.4
      vertex 14.0203 23.3775 5
      vertex 14.0203 23.3775 2.4
    endloop
  endfacet
  facet normal -0.760435 -0.649414 0
    outer loop
      vertex 10.609 23.109 2.4
      vertex 10.3797 23.3775 5
      vertex 10.3797 23.3775 2.4
    endloop
  endfacet
  facet normal -0.760435 -0.649414 0
    outer loop
      vertex 10.3797 23.3775 5
      vertex 10.609 23.109 2.4
      vertex 10.609 23.109 5
    endloop
  endfacet
  facet normal -0.852581 0.522595 0
    outer loop
      vertex 10.1952 25.7215 2.4
      vertex 10.3797 26.0225 5
      vertex 10.3797 26.0225 2.4
    endloop
  endfacet
  facet normal -0.852581 0.522595 0
    outer loop
      vertex 10.3797 26.0225 5
      vertex 10.1952 25.7215 2.4
      vertex 10.1952 25.7215 5
    endloop
  endfacet
  facet normal 0.649414 -0.760435 0
    outer loop
      vertex 13.5225 22.8797 2.4
      vertex 13.791 23.109 5
      vertex 13.5225 22.8797 5
    endloop
  endfacet
  facet normal 0.649414 -0.760435 0
    outer loop
      vertex 13.791 23.109 5
      vertex 13.5225 22.8797 2.4
      vertex 13.791 23.109 2.4
    endloop
  endfacet
  facet normal 0.0784506 0.996918 -0
    outer loop
      vertex 12.552 26.9223 2.4
      vertex 12.2 26.95 5
      vertex 12.552 26.9223 5
    endloop
  endfacet
  facet normal 0.0784506 0.996918 0
    outer loop
      vertex 12.2 26.95 5
      vertex 12.552 26.9223 2.4
      vertex 12.2 26.95 2.4
    endloop
  endfacet
  facet normal 0.923896 -0.382644 0
    outer loop
      vertex 14.2048 23.6785 5
      vertex 14.3399 24.0047 2.4
      vertex 14.3399 24.0047 5
    endloop
  endfacet
  facet normal 0.923896 -0.382644 0
    outer loop
      vertex 14.3399 24.0047 2.4
      vertex 14.2048 23.6785 5
      vertex 14.2048 23.6785 2.4
    endloop
  endfacet
  facet normal 0.233394 0.972382 -0
    outer loop
      vertex 12.8953 26.8399 2.4
      vertex 12.552 26.9223 5
      vertex 12.8953 26.8399 5
    endloop
  endfacet
  facet normal 0.233394 0.972382 0
    outer loop
      vertex 12.552 26.9223 5
      vertex 12.8953 26.8399 2.4
      vertex 12.552 26.9223 2.4
    endloop
  endfacet
  facet normal 0.382644 0.923896 -0
    outer loop
      vertex 13.2215 26.7048 2.4
      vertex 12.8953 26.8399 5
      vertex 13.2215 26.7048 5
    endloop
  endfacet
  facet normal 0.382644 0.923896 0
    outer loop
      vertex 12.8953 26.8399 5
      vertex 13.2215 26.7048 2.4
      vertex 12.8953 26.8399 2.4
    endloop
  endfacet
  facet normal -0.233394 -0.972382 0
    outer loop
      vertex 11.5047 22.5601 2.4
      vertex 11.848 22.4777 5
      vertex 11.5047 22.5601 5
    endloop
  endfacet
  facet normal -0.233394 -0.972382 -0
    outer loop
      vertex 11.848 22.4777 5
      vertex 11.5047 22.5601 2.4
      vertex 11.848 22.4777 2.4
    endloop
  endfacet
  facet normal 0.996918 -0.0784506 0
    outer loop
      vertex 14.4223 24.348 5
      vertex 14.45 24.7 2.4
      vertex 14.45 24.7 5
    endloop
  endfacet
  facet normal 0.996918 -0.0784506 0
    outer loop
      vertex 14.45 24.7 2.4
      vertex 14.4223 24.348 5
      vertex 14.4223 24.348 2.4
    endloop
  endfacet
  facet normal 0.522595 -0.852581 0
    outer loop
      vertex 13.2215 22.6952 2.4
      vertex 13.5225 22.8797 5
      vertex 13.2215 22.6952 5
    endloop
  endfacet
  facet normal 0.522595 -0.852581 0
    outer loop
      vertex 13.5225 22.8797 5
      vertex 13.2215 22.6952 2.4
      vertex 13.5225 22.8797 2.4
    endloop
  endfacet
  facet normal -0.522595 0.852581 0
    outer loop
      vertex 11.1785 26.7048 2.4
      vertex 10.8775 26.5203 5
      vertex 11.1785 26.7048 5
    endloop
  endfacet
  facet normal -0.522595 0.852581 0
    outer loop
      vertex 10.8775 26.5203 5
      vertex 11.1785 26.7048 2.4
      vertex 10.8775 26.5203 2.4
    endloop
  endfacet
  facet normal -0.522595 -0.852581 0
    outer loop
      vertex 10.8775 22.8797 2.4
      vertex 11.1785 22.6952 5
      vertex 10.8775 22.8797 5
    endloop
  endfacet
  facet normal -0.522595 -0.852581 -0
    outer loop
      vertex 11.1785 22.6952 5
      vertex 10.8775 22.8797 2.4
      vertex 11.1785 22.6952 2.4
    endloop
  endfacet
  facet normal -0.972382 0.233394 0
    outer loop
      vertex 9.9777 25.052 2.4
      vertex 10.0601 25.3953 5
      vertex 10.0601 25.3953 2.4
    endloop
  endfacet
  facet normal -0.972382 0.233394 0
    outer loop
      vertex 10.0601 25.3953 5
      vertex 9.9777 25.052 2.4
      vertex 9.9777 25.052 5
    endloop
  endfacet
  facet normal 0.972382 -0.233394 0
    outer loop
      vertex 14.3399 24.0047 5
      vertex 14.4223 24.348 2.4
      vertex 14.4223 24.348 5
    endloop
  endfacet
  facet normal 0.972382 -0.233394 0
    outer loop
      vertex 14.4223 24.348 2.4
      vertex 14.3399 24.0047 5
      vertex 14.3399 24.0047 2.4
    endloop
  endfacet
  facet normal 0.233394 -0.972382 0
    outer loop
      vertex 12.552 22.4777 2.4
      vertex 12.8953 22.5601 5
      vertex 12.552 22.4777 5
    endloop
  endfacet
  facet normal 0.233394 -0.972382 0
    outer loop
      vertex 12.8953 22.5601 5
      vertex 12.552 22.4777 2.4
      vertex 12.8953 22.5601 2.4
    endloop
  endfacet
  facet normal -0.923896 -0.382644 0
    outer loop
      vertex 10.1952 23.6785 2.4
      vertex 10.0601 24.0047 5
      vertex 10.0601 24.0047 2.4
    endloop
  endfacet
  facet normal -0.923896 -0.382644 0
    outer loop
      vertex 10.0601 24.0047 5
      vertex 10.1952 23.6785 2.4
      vertex 10.1952 23.6785 5
    endloop
  endfacet
  facet normal -0.649414 0.760435 0
    outer loop
      vertex 10.8775 26.5203 2.4
      vertex 10.609 26.291 5
      vertex 10.8775 26.5203 5
    endloop
  endfacet
  facet normal -0.649414 0.760435 0
    outer loop
      vertex 10.609 26.291 5
      vertex 10.8775 26.5203 2.4
      vertex 10.609 26.291 2.4
    endloop
  endfacet
  facet normal -0.382644 0.923896 0
    outer loop
      vertex 11.5047 26.8399 2.4
      vertex 11.1785 26.7048 5
      vertex 11.5047 26.8399 5
    endloop
  endfacet
  facet normal -0.382644 0.923896 0
    outer loop
      vertex 11.1785 26.7048 5
      vertex 11.5047 26.8399 2.4
      vertex 11.1785 26.7048 2.4
    endloop
  endfacet
  facet normal 0.760435 0.649414 0
    outer loop
      vertex 14.0203 26.0225 5
      vertex 13.791 26.291 2.4
      vertex 13.791 26.291 5
    endloop
  endfacet
  facet normal 0.760435 0.649414 0
    outer loop
      vertex 13.791 26.291 2.4
      vertex 14.0203 26.0225 5
      vertex 14.0203 26.0225 2.4
    endloop
  endfacet
  facet normal 0.0784506 -0.996918 0
    outer loop
      vertex 12.2 22.45 2.4
      vertex 12.552 22.4777 5
      vertex 12.2 22.45 5
    endloop
  endfacet
  facet normal 0.0784506 -0.996918 0
    outer loop
      vertex 12.552 22.4777 5
      vertex 12.2 22.45 2.4
      vertex 12.552 22.4777 2.4
    endloop
  endfacet
  facet normal -0.996918 0.0784506 0
    outer loop
      vertex 9.95 24.7 2.4
      vertex 9.9777 25.052 5
      vertex 9.9777 25.052 2.4
    endloop
  endfacet
  facet normal -0.996918 0.0784506 0
    outer loop
      vertex 9.9777 25.052 5
      vertex 9.95 24.7 2.4
      vertex 9.95 24.7 5
    endloop
  endfacet
  facet normal -0.760435 0.649414 0
    outer loop
      vertex 10.3797 26.0225 2.4
      vertex 10.609 26.291 5
      vertex 10.609 26.291 2.4
    endloop
  endfacet
  facet normal -0.760435 0.649414 0
    outer loop
      vertex 10.609 26.291 5
      vertex 10.3797 26.0225 2.4
      vertex 10.3797 26.0225 5
    endloop
  endfacet
  facet normal 0.649414 0.760435 -0
    outer loop
      vertex 13.791 26.291 2.4
      vertex 13.5225 26.5203 5
      vertex 13.791 26.291 5
    endloop
  endfacet
  facet normal 0.649414 0.760435 0
    outer loop
      vertex 13.5225 26.5203 5
      vertex 13.791 26.291 2.4
      vertex 13.5225 26.5203 2.4
    endloop
  endfacet
  facet normal 0.382644 -0.923896 0
    outer loop
      vertex 12.8953 22.5601 2.4
      vertex 13.2215 22.6952 5
      vertex 12.8953 22.5601 5
    endloop
  endfacet
  facet normal 0.382644 -0.923896 0
    outer loop
      vertex 13.2215 22.6952 5
      vertex 12.8953 22.5601 2.4
      vertex 13.2215 22.6952 2.4
    endloop
  endfacet
  facet normal 0.522595 0.852581 -0
    outer loop
      vertex 13.5225 26.5203 2.4
      vertex 13.2215 26.7048 5
      vertex 13.5225 26.5203 5
    endloop
  endfacet
  facet normal 0.522595 0.852581 0
    outer loop
      vertex 13.2215 26.7048 5
      vertex 13.5225 26.5203 2.4
      vertex 13.2215 26.7048 2.4
    endloop
  endfacet
  facet normal -0.649414 -0.760435 0
    outer loop
      vertex 10.609 23.109 2.4
      vertex 10.8775 22.8797 5
      vertex 10.609 23.109 5
    endloop
  endfacet
  facet normal -0.649414 -0.760435 -0
    outer loop
      vertex 10.8775 22.8797 5
      vertex 10.609 23.109 2.4
      vertex 10.8775 22.8797 2.4
    endloop
  endfacet
  facet normal -0.233394 0.972382 0
    outer loop
      vertex 11.848 26.9223 2.4
      vertex 11.5047 26.8399 5
      vertex 11.848 26.9223 5
    endloop
  endfacet
  facet normal -0.233394 0.972382 0
    outer loop
      vertex 11.5047 26.8399 5
      vertex 11.848 26.9223 2.4
      vertex 11.5047 26.8399 2.4
    endloop
  endfacet
  facet normal 0.760435 -0.649414 0
    outer loop
      vertex 13.791 23.109 5
      vertex 14.0203 23.3775 2.4
      vertex 14.0203 23.3775 5
    endloop
  endfacet
  facet normal 0.760435 -0.649414 0
    outer loop
      vertex 14.0203 23.3775 2.4
      vertex 13.791 23.109 5
      vertex 13.791 23.109 2.4
    endloop
  endfacet
  facet normal 0.852581 0.522595 0
    outer loop
      vertex 14.2048 25.7215 5
      vertex 14.0203 26.0225 2.4
      vertex 14.0203 26.0225 5
    endloop
  endfacet
  facet normal 0.852581 0.522595 0
    outer loop
      vertex 14.0203 26.0225 2.4
      vertex 14.2048 25.7215 5
      vertex 14.2048 25.7215 2.4
    endloop
  endfacet
  facet normal 0 0 1
    outer loop
      vertex 13.15 24.7 5
      vertex 14.45 24.7 5
      vertex 14.4223 25.052 5
    endloop
  endfacet
  facet normal 0 0 1
    outer loop
      vertex 13.1383 24.8486 5
      vertex 14.4223 25.052 5
      vertex 14.3399 25.3953 5
    endloop
  endfacet
  facet normal 0 0 1
    outer loop
      vertex 14.45 24.7 5
      vertex 13.15 24.7 5
      vertex 14.4223 24.348 5
    endloop
  endfacet
  facet normal 0 0 1
    outer loop
      vertex 13.1035 24.9936 5
      vertex 14.3399 25.3953 5
      vertex 14.2048 25.7215 5
    endloop
  endfacet
  facet normal -0 0 1
    outer loop
      vertex 13.1383 24.5514 5
      vertex 14.4223 24.348 5
      vertex 13.15 24.7 5
    endloop
  endfacet
  facet normal 0 0 1
    outer loop
      vertex 13.0465 25.1313 5
      vertex 14.2048 25.7215 5
      vertex 14.0203 26.0225 5
    endloop
  endfacet
  facet normal 0 0 1
    outer loop
      vertex 14.4223 24.348 5
      vertex 13.1383 24.5514 5
      vertex 14.3399 24.0047 5
    endloop
  endfacet
  facet normal 0 0 1
    outer loop
      vertex 12.9686 25.2584 5
      vertex 14.0203 26.0225 5
      vertex 13.791 26.291 5
    endloop
  endfacet
  facet normal -0 0 1
    outer loop
      vertex 13.1035 24.4064 5
      vertex 14.3399 24.0047 5
      vertex 13.1383 24.5514 5
    endloop
  endfacet
  facet normal 0 0 1
    outer loop
      vertex 12.8718 25.3717 5
      vertex 13.791 26.291 5
      vertex 13.5225 26.5203 5
    endloop
  endfacet
  facet normal 0 0 1
    outer loop
      vertex 14.3399 24.0047 5
      vertex 13.1035 24.4064 5
      vertex 14.2048 23.6785 5
    endloop
  endfacet
  facet normal 0 0 1
    outer loop
      vertex 12.7584 25.4686 5
      vertex 13.5225 26.5203 5
      vertex 13.2215 26.7048 5
    endloop
  endfacet
  facet normal -0 0 1
    outer loop
      vertex 13.0465 24.2687 5
      vertex 14.2048 23.6785 5
      vertex 13.1035 24.4064 5
    endloop
  endfacet
  facet normal 0 0 1
    outer loop
      vertex 14.2048 23.6785 5
      vertex 13.0465 24.2687 5
      vertex 14.0203 23.3775 5
    endloop
  endfacet
  facet normal 0 0 1
    outer loop
      vertex 14.4223 25.052 5
      vertex 13.1383 24.8486 5
      vertex 13.15 24.7 5
    endloop
  endfacet
  facet normal 0 0 1
    outer loop
      vertex 14.3399 25.3953 5
      vertex 13.1035 24.9936 5
      vertex 13.1383 24.8486 5
    endloop
  endfacet
  facet normal 0 0 1
    outer loop
      vertex 14.2048 25.7215 5
      vertex 13.0465 25.1313 5
      vertex 13.1035 24.9936 5
    endloop
  endfacet
  facet normal 0 0 1
    outer loop
      vertex 14.0203 26.0225 5
      vertex 12.9686 25.2584 5
      vertex 13.0465 25.1313 5
    endloop
  endfacet
  facet normal 0 0 1
    outer loop
      vertex 12.6313 25.5465 5
      vertex 13.2215 26.7048 5
      vertex 12.8953 26.8399 5
    endloop
  endfacet
  facet normal 0 0 1
    outer loop
      vertex 13.791 26.291 5
      vertex 12.8718 25.3717 5
      vertex 12.9686 25.2584 5
    endloop
  endfacet
  facet normal 0 0 1
    outer loop
      vertex 13.5225 26.5203 5
      vertex 12.7584 25.4686 5
      vertex 12.8718 25.3717 5
    endloop
  endfacet
  facet normal 0 0 1
    outer loop
      vertex 13.2215 26.7048 5
      vertex 12.6313 25.5465 5
      vertex 12.7584 25.4686 5
    endloop
  endfacet
  facet normal 0 0 1
    outer loop
      vertex 12.4936 25.6035 5
      vertex 12.8953 26.8399 5
      vertex 12.552 26.9223 5
    endloop
  endfacet
  facet normal 0 0 1
    outer loop
      vertex 12.8953 26.8399 5
      vertex 12.4936 25.6035 5
      vertex 12.6313 25.5465 5
    endloop
  endfacet
  facet normal 0 0 1
    outer loop
      vertex 12.552 26.9223 5
      vertex 12.3486 25.6383 5
      vertex 12.4936 25.6035 5
    endloop
  endfacet
  facet normal 0 0 1
    outer loop
      vertex 12.2 26.95 5
      vertex 12.3486 25.6383 5
      vertex 12.552 26.9223 5
    endloop
  endfacet
  facet normal 0 0 1
    outer loop
      vertex 12.2 26.95 5
      vertex 12.2 25.65 5
      vertex 12.3486 25.6383 5
    endloop
  endfacet
  facet normal 0 0 1
    outer loop
      vertex 12.2 26.95 5
      vertex 12.0514 25.6383 5
      vertex 12.2 25.65 5
    endloop
  endfacet
  facet normal -0 0 1
    outer loop
      vertex 11.848 26.9223 5
      vertex 12.0514 25.6383 5
      vertex 12.2 26.95 5
    endloop
  endfacet
  facet normal 0 0 1
    outer loop
      vertex 12.0514 25.6383 5
      vertex 11.848 26.9223 5
      vertex 11.9064 25.6035 5
    endloop
  endfacet
  facet normal -0 0 1
    outer loop
      vertex 11.5047 26.8399 5
      vertex 11.9064 25.6035 5
      vertex 11.848 26.9223 5
    endloop
  endfacet
  facet normal 0 0 1
    outer loop
      vertex 11.9064 25.6035 5
      vertex 11.5047 26.8399 5
      vertex 11.7687 25.5465 5
    endloop
  endfacet
  facet normal -0 0 1
    outer loop
      vertex 11.1785 26.7048 5
      vertex 11.7687 25.5465 5
      vertex 11.5047 26.8399 5
    endloop
  endfacet
  facet normal 0 0 1
    outer loop
      vertex 11.7687 25.5465 5
      vertex 11.1785 26.7048 5
      vertex 11.6416 25.4686 5
    endloop
  endfacet
  facet normal -0 0 1
    outer loop
      vertex 10.8775 26.5203 5
      vertex 11.6416 25.4686 5
      vertex 11.1785 26.7048 5
    endloop
  endfacet
  facet normal 0 0 1
    outer loop
      vertex 11.6416 25.4686 5
      vertex 10.8775 26.5203 5
      vertex 11.5282 25.3717 5
    endloop
  endfacet
  facet normal -0 0 1
    outer loop
      vertex 10.609 26.291 5
      vertex 11.5282 25.3717 5
      vertex 10.8775 26.5203 5
    endloop
  endfacet
  facet normal 0 0 1
    outer loop
      vertex 11.5282 25.3717 5
      vertex 10.609 26.291 5
      vertex 11.4314 25.2584 5
    endloop
  endfacet
  facet normal 0 0 1
    outer loop
      vertex 11.4314 25.2584 5
      vertex 10.3797 26.0225 5
      vertex 11.3535 25.1313 5
    endloop
  endfacet
  facet normal -0 0 1
    outer loop
      vertex 10.3797 26.0225 5
      vertex 11.4314 25.2584 5
      vertex 10.609 26.291 5
    endloop
  endfacet
  facet normal -0 0 1
    outer loop
      vertex 12.9686 24.1416 5
      vertex 14.0203 23.3775 5
      vertex 13.0465 24.2687 5
    endloop
  endfacet
  facet normal 0 0 1
    outer loop
      vertex 14.0203 23.3775 5
      vertex 12.9686 24.1416 5
      vertex 13.791 23.109 5
    endloop
  endfacet
  facet normal -0 0 1
    outer loop
      vertex 12.8718 24.0282 5
      vertex 13.791 23.109 5
      vertex 12.9686 24.1416 5
    endloop
  endfacet
  facet normal 0 0 1
    outer loop
      vertex 13.791 23.109 5
      vertex 12.8718 24.0282 5
      vertex 13.5225 22.8797 5
    endloop
  endfacet
  facet normal -0 0 1
    outer loop
      vertex 12.7584 23.9314 5
      vertex 13.5225 22.8797 5
      vertex 12.8718 24.0282 5
    endloop
  endfacet
  facet normal 0 0 1
    outer loop
      vertex 13.5225 22.8797 5
      vertex 12.7584 23.9314 5
      vertex 13.2215 22.6952 5
    endloop
  endfacet
  facet normal -0 0 1
    outer loop
      vertex 12.6313 23.8535 5
      vertex 13.2215 22.6952 5
      vertex 12.7584 23.9314 5
    endloop
  endfacet
  facet normal 0 0 1
    outer loop
      vertex 13.2215 22.6952 5
      vertex 12.6313 23.8535 5
      vertex 12.8953 22.5601 5
    endloop
  endfacet
  facet normal -0 0 1
    outer loop
      vertex 12.4936 23.7965 5
      vertex 12.8953 22.5601 5
      vertex 12.6313 23.8535 5
    endloop
  endfacet
  facet normal 0 0 1
    outer loop
      vertex 12.8953 22.5601 5
      vertex 12.4936 23.7965 5
      vertex 12.552 22.4777 5
    endloop
  endfacet
  facet normal -0 0 1
    outer loop
      vertex 12.3486 23.7617 5
      vertex 12.552 22.4777 5
      vertex 12.4936 23.7965 5
    endloop
  endfacet
  facet normal -0 0 1
    outer loop
      vertex 12.2 23.75 5
      vertex 12.552 22.4777 5
      vertex 12.3486 23.7617 5
    endloop
  endfacet
  facet normal 0 0 1
    outer loop
      vertex 12.2 23.75 5
      vertex 12.2 22.45 5
      vertex 12.552 22.4777 5
    endloop
  endfacet
  facet normal 0 0 1
    outer loop
      vertex 12.0514 23.7617 5
      vertex 12.2 22.45 5
      vertex 12.2 23.75 5
    endloop
  endfacet
  facet normal 0 0 1
    outer loop
      vertex 11.848 22.4777 5
      vertex 12.0514 23.7617 5
      vertex 11.9064 23.7965 5
    endloop
  endfacet
  facet normal 0 0 1
    outer loop
      vertex 12.0514 23.7617 5
      vertex 11.848 22.4777 5
      vertex 12.2 22.45 5
    endloop
  endfacet
  facet normal 0 0 1
    outer loop
      vertex 11.5047 22.5601 5
      vertex 11.9064 23.7965 5
      vertex 11.7687 23.8535 5
    endloop
  endfacet
  facet normal 0 0 1
    outer loop
      vertex 11.1785 22.6952 5
      vertex 11.7687 23.8535 5
      vertex 11.6416 23.9314 5
    endloop
  endfacet
  facet normal 0 0 1
    outer loop
      vertex 10.8775 22.8797 5
      vertex 11.6416 23.9314 5
      vertex 11.5282 24.0282 5
    endloop
  endfacet
  facet normal 0 0 1
    outer loop
      vertex 11.9064 23.7965 5
      vertex 11.5047 22.5601 5
      vertex 11.848 22.4777 5
    endloop
  endfacet
  facet normal 0 0 1
    outer loop
      vertex 10.609 23.109 5
      vertex 11.5282 24.0282 5
      vertex 11.4314 24.1416 5
    endloop
  endfacet
  facet normal 0 0 1
    outer loop
      vertex 10.3797 23.3775 5
      vertex 11.4314 24.1416 5
      vertex 11.3535 24.2687 5
    endloop
  endfacet
  facet normal 0 0 1
    outer loop
      vertex 10.1952 23.6785 5
      vertex 11.3535 24.2687 5
      vertex 11.2965 24.4064 5
    endloop
  endfacet
  facet normal 0 0 1
    outer loop
      vertex 10.0601 24.0047 5
      vertex 11.2965 24.4064 5
      vertex 11.2617 24.5514 5
    endloop
  endfacet
  facet normal 0 0 1
    outer loop
      vertex 11.7687 23.8535 5
      vertex 11.1785 22.6952 5
      vertex 11.5047 22.5601 5
    endloop
  endfacet
  facet normal 0 0 1
    outer loop
      vertex 9.9777 24.348 5
      vertex 11.2617 24.5514 5
      vertex 11.25 24.7 5
    endloop
  endfacet
  facet normal -0 0 1
    outer loop
      vertex 10.1952 25.7215 5
      vertex 11.3535 25.1313 5
      vertex 10.3797 26.0225 5
    endloop
  endfacet
  facet normal 0 0 1
    outer loop
      vertex 11.3535 25.1313 5
      vertex 10.1952 25.7215 5
      vertex 11.2965 24.9936 5
    endloop
  endfacet
  facet normal 0 0 1
    outer loop
      vertex 11.6416 23.9314 5
      vertex 10.8775 22.8797 5
      vertex 11.1785 22.6952 5
    endloop
  endfacet
  facet normal -0 0 1
    outer loop
      vertex 10.0601 25.3953 5
      vertex 11.2965 24.9936 5
      vertex 10.1952 25.7215 5
    endloop
  endfacet
  facet normal 0 0 1
    outer loop
      vertex 11.5282 24.0282 5
      vertex 10.609 23.109 5
      vertex 10.8775 22.8797 5
    endloop
  endfacet
  facet normal 0 0 1
    outer loop
      vertex 11.2965 24.9936 5
      vertex 10.0601 25.3953 5
      vertex 11.2617 24.8486 5
    endloop
  endfacet
  facet normal 0 0 1
    outer loop
      vertex 11.4314 24.1416 5
      vertex 10.3797 23.3775 5
      vertex 10.609 23.109 5
    endloop
  endfacet
  facet normal -0 0 1
    outer loop
      vertex 9.9777 25.052 5
      vertex 11.2617 24.8486 5
      vertex 10.0601 25.3953 5
    endloop
  endfacet
  facet normal 0 0 1
    outer loop
      vertex 11.3535 24.2687 5
      vertex 10.1952 23.6785 5
      vertex 10.3797 23.3775 5
    endloop
  endfacet
  facet normal 0 0 1
    outer loop
      vertex 11.2617 24.8486 5
      vertex 9.9777 25.052 5
      vertex 11.25 24.7 5
    endloop
  endfacet
  facet normal 0 0 1
    outer loop
      vertex 11.2965 24.4064 5
      vertex 10.0601 24.0047 5
      vertex 10.1952 23.6785 5
    endloop
  endfacet
  facet normal 0 0 1
    outer loop
      vertex 9.95 24.7 5
      vertex 11.25 24.7 5
      vertex 9.9777 25.052 5
    endloop
  endfacet
  facet normal 0 0 1
    outer loop
      vertex 11.2617 24.5514 5
      vertex 9.9777 24.348 5
      vertex 10.0601 24.0047 5
    endloop
  endfacet
  facet normal 0 0 1
    outer loop
      vertex 11.25 24.7 5
      vertex 9.95 24.7 5
      vertex 9.9777 24.348 5
    endloop
  endfacet
  facet normal -0.0784506 -0.996918 0
    outer loop
      vertex 11.848 22.4777 2.4
      vertex 12.2 22.45 5
      vertex 11.848 22.4777 5
    endloop
  endfacet
  facet normal -0.0784506 -0.996918 -0
    outer loop
      vertex 12.2 22.45 5
      vertex 11.848 22.4777 2.4
      vertex 12.2 22.45 2.4
    endloop
  endfacet
  facet normal -0.923896 0.382644 0
    outer loop
      vertex 10.0601 25.3953 2.4
      vertex 10.1952 25.7215 5
      vertex 10.1952 25.7215 2.4
    endloop
  endfacet
  facet normal -0.923896 0.382644 0
    outer loop
      vertex 10.1952 25.7215 5
      vertex 10.0601 25.3953 2.4
      vertex 10.0601 25.3953 5
    endloop
  endfacet
  facet normal -0.0784506 0.996918 0
    outer loop
      vertex 12.2 26.95 2.4
      vertex 11.848 26.9223 5
      vertex 12.2 26.95 5
    endloop
  endfacet
  facet normal -0.0784506 0.996918 0
    outer loop
      vertex 11.848 26.9223 5
      vertex 12.2 26.95 2.4
      vertex 11.848 26.9223 2.4
    endloop
  endfacet
  facet normal -0.972382 -0.233394 0
    outer loop
      vertex 10.0601 24.0047 2.4
      vertex 9.9777 24.348 5
      vertex 9.9777 24.348 2.4
    endloop
  endfacet
  facet normal -0.972382 -0.233394 0
    outer loop
      vertex 9.9777 24.348 5
      vertex 10.0601 24.0047 2.4
      vertex 10.0601 24.0047 5
    endloop
  endfacet
  facet normal -0.996918 -0.0784506 0
    outer loop
      vertex 9.9777 24.348 2.4
      vertex 9.95 24.7 5
      vertex 9.95 24.7 2.4
    endloop
  endfacet
  facet normal -0.996918 -0.0784506 0
    outer loop
      vertex 9.95 24.7 5
      vertex 9.9777 24.348 2.4
      vertex 9.9777 24.348 5
    endloop
  endfacet
  facet normal -0.382644 -0.923896 0
    outer loop
      vertex 11.1785 22.6952 2.4
      vertex 11.5047 22.5601 5
      vertex 11.1785 22.6952 5
    endloop
  endfacet
  facet normal -0.382644 -0.923896 -0
    outer loop
      vertex 11.5047 22.5601 5
      vertex 11.1785 22.6952 2.4
      vertex 11.5047 22.5601 2.4
    endloop
  endfacet
  facet normal 0.972382 0.233394 0
    outer loop
      vertex 14.4223 13.652 5
      vertex 14.3399 13.9953 2.4
      vertex 14.3399 13.9953 5
    endloop
  endfacet
  facet normal 0.972382 0.233394 0
    outer loop
      vertex 14.3399 13.9953 2.4
      vertex 14.4223 13.652 5
      vertex 14.4223 13.652 2.4
    endloop
  endfacet
  facet normal 0.996918 0.0784506 0
    outer loop
      vertex 14.45 13.3 5
      vertex 14.4223 13.652 2.4
      vertex 14.4223 13.652 5
    endloop
  endfacet
  facet normal 0.996918 0.0784506 0
    outer loop
      vertex 14.4223 13.652 2.4
      vertex 14.45 13.3 5
      vertex 14.45 13.3 2.4
    endloop
  endfacet
  facet normal 0.923896 0.382644 0
    outer loop
      vertex 14.3399 13.9953 5
      vertex 14.2048 14.3215 2.4
      vertex 14.2048 14.3215 5
    endloop
  endfacet
  facet normal 0.923896 0.382644 0
    outer loop
      vertex 14.2048 14.3215 2.4
      vertex 14.3399 13.9953 5
      vertex 14.3399 13.9953 2.4
    endloop
  endfacet
  facet normal 0.382644 -0.923896 0
    outer loop
      vertex 12.8953 11.1601 2.4
      vertex 13.2215 11.2952 5
      vertex 12.8953 11.1601 5
    endloop
  endfacet
  facet normal 0.382644 -0.923896 0
    outer loop
      vertex 13.2215 11.2952 5
      vertex 12.8953 11.1601 2.4
      vertex 13.2215 11.2952 2.4
    endloop
  endfacet
  facet normal -0.522595 -0.852581 0
    outer loop
      vertex 10.8775 11.4797 2.4
      vertex 11.1785 11.2952 5
      vertex 10.8775 11.4797 5
    endloop
  endfacet
  facet normal -0.522595 -0.852581 -0
    outer loop
      vertex 11.1785 11.2952 5
      vertex 10.8775 11.4797 2.4
      vertex 11.1785 11.2952 2.4
    endloop
  endfacet
  facet normal -0.996918 0.0784506 0
    outer loop
      vertex 9.95 13.3 2.4
      vertex 9.9777 13.652 5
      vertex 9.9777 13.652 2.4
    endloop
  endfacet
  facet normal -0.996918 0.0784506 0
    outer loop
      vertex 9.9777 13.652 5
      vertex 9.95 13.3 2.4
      vertex 9.95 13.3 5
    endloop
  endfacet
  facet normal -0.649414 0.760435 0
    outer loop
      vertex 10.8775 15.1203 2.4
      vertex 10.609 14.891 5
      vertex 10.8775 15.1203 5
    endloop
  endfacet
  facet normal -0.649414 0.760435 0
    outer loop
      vertex 10.609 14.891 5
      vertex 10.8775 15.1203 2.4
      vertex 10.609 14.891 2.4
    endloop
  endfacet
  facet normal -0.923896 -0.382644 0
    outer loop
      vertex 10.1952 12.2785 2.4
      vertex 10.0601 12.6047 5
      vertex 10.0601 12.6047 2.4
    endloop
  endfacet
  facet normal -0.923896 -0.382644 0
    outer loop
      vertex 10.0601 12.6047 5
      vertex 10.1952 12.2785 2.4
      vertex 10.1952 12.2785 5
    endloop
  endfacet
  facet normal -0.233394 0.972382 0
    outer loop
      vertex 11.848 15.5223 2.4
      vertex 11.5047 15.4399 5
      vertex 11.848 15.5223 5
    endloop
  endfacet
  facet normal -0.233394 0.972382 0
    outer loop
      vertex 11.5047 15.4399 5
      vertex 11.848 15.5223 2.4
      vertex 11.5047 15.4399 2.4
    endloop
  endfacet
  facet normal -0.852581 0.522595 0
    outer loop
      vertex 10.1952 14.3215 2.4
      vertex 10.3797 14.6225 5
      vertex 10.3797 14.6225 2.4
    endloop
  endfacet
  facet normal -0.852581 0.522595 0
    outer loop
      vertex 10.3797 14.6225 5
      vertex 10.1952 14.3215 2.4
      vertex 10.1952 14.3215 5
    endloop
  endfacet
  facet normal 0.972382 -0.233394 0
    outer loop
      vertex 14.3399 12.6047 5
      vertex 14.4223 12.948 2.4
      vertex 14.4223 12.948 5
    endloop
  endfacet
  facet normal 0.972382 -0.233394 0
    outer loop
      vertex 14.4223 12.948 2.4
      vertex 14.3399 12.6047 5
      vertex 14.3399 12.6047 2.4
    endloop
  endfacet
  facet normal 0.996918 -0.0784506 0
    outer loop
      vertex 14.4223 12.948 5
      vertex 14.45 13.3 2.4
      vertex 14.45 13.3 5
    endloop
  endfacet
  facet normal 0.996918 -0.0784506 0
    outer loop
      vertex 14.45 13.3 2.4
      vertex 14.4223 12.948 5
      vertex 14.4223 12.948 2.4
    endloop
  endfacet
  facet normal -0.972382 -0.233394 0
    outer loop
      vertex 10.0601 12.6047 2.4
      vertex 9.9777 12.948 5
      vertex 9.9777 12.948 2.4
    endloop
  endfacet
  facet normal -0.972382 -0.233394 0
    outer loop
      vertex 9.9777 12.948 5
      vertex 10.0601 12.6047 2.4
      vertex 10.0601 12.6047 5
    endloop
  endfacet
  facet normal -0.522595 0.852581 0
    outer loop
      vertex 11.1785 15.3048 2.4
      vertex 10.8775 15.1203 5
      vertex 11.1785 15.3048 5
    endloop
  endfacet
  facet normal -0.522595 0.852581 0
    outer loop
      vertex 10.8775 15.1203 5
      vertex 11.1785 15.3048 2.4
      vertex 10.8775 15.1203 2.4
    endloop
  endfacet
  facet normal -0.233394 -0.972382 0
    outer loop
      vertex 11.5047 11.1601 2.4
      vertex 11.848 11.0777 5
      vertex 11.5047 11.1601 5
    endloop
  endfacet
  facet normal -0.233394 -0.972382 -0
    outer loop
      vertex 11.848 11.0777 5
      vertex 11.5047 11.1601 2.4
      vertex 11.848 11.0777 2.4
    endloop
  endfacet
  facet normal -0.760435 -0.649414 0
    outer loop
      vertex 10.609 11.709 2.4
      vertex 10.3797 11.9775 5
      vertex 10.3797 11.9775 2.4
    endloop
  endfacet
  facet normal -0.760435 -0.649414 0
    outer loop
      vertex 10.3797 11.9775 5
      vertex 10.609 11.709 2.4
      vertex 10.609 11.709 5
    endloop
  endfacet
  facet normal -0.0784506 -0.996918 0
    outer loop
      vertex 11.848 11.0777 2.4
      vertex 12.2 11.05 5
      vertex 11.848 11.0777 5
    endloop
  endfacet
  facet normal -0.0784506 -0.996918 -0
    outer loop
      vertex 12.2 11.05 5
      vertex 11.848 11.0777 2.4
      vertex 12.2 11.05 2.4
    endloop
  endfacet
  facet normal 0.923896 -0.382644 0
    outer loop
      vertex 14.2048 12.2785 5
      vertex 14.3399 12.6047 2.4
      vertex 14.3399 12.6047 5
    endloop
  endfacet
  facet normal 0.923896 -0.382644 0
    outer loop
      vertex 14.3399 12.6047 2.4
      vertex 14.2048 12.2785 5
      vertex 14.2048 12.2785 2.4
    endloop
  endfacet
  facet normal -0.649414 -0.760435 0
    outer loop
      vertex 10.609 11.709 2.4
      vertex 10.8775 11.4797 5
      vertex 10.609 11.709 5
    endloop
  endfacet
  facet normal -0.649414 -0.760435 -0
    outer loop
      vertex 10.8775 11.4797 5
      vertex 10.609 11.709 2.4
      vertex 10.8775 11.4797 2.4
    endloop
  endfacet
  facet normal 0.852581 0.522595 0
    outer loop
      vertex 14.2048 14.3215 5
      vertex 14.0203 14.6225 2.4
      vertex 14.0203 14.6225 5
    endloop
  endfacet
  facet normal 0.852581 0.522595 0
    outer loop
      vertex 14.0203 14.6225 2.4
      vertex 14.2048 14.3215 5
      vertex 14.2048 14.3215 2.4
    endloop
  endfacet
  facet normal 0.760435 -0.649414 0
    outer loop
      vertex 13.791 11.709 5
      vertex 14.0203 11.9775 2.4
      vertex 14.0203 11.9775 5
    endloop
  endfacet
  facet normal 0.760435 -0.649414 0
    outer loop
      vertex 14.0203 11.9775 2.4
      vertex 13.791 11.709 5
      vertex 13.791 11.709 2.4
    endloop
  endfacet
  facet normal 0.233394 -0.972382 0
    outer loop
      vertex 12.552 11.0777 2.4
      vertex 12.8953 11.1601 5
      vertex 12.552 11.0777 5
    endloop
  endfacet
  facet normal 0.233394 -0.972382 0
    outer loop
      vertex 12.8953 11.1601 5
      vertex 12.552 11.0777 2.4
      vertex 12.8953 11.1601 2.4
    endloop
  endfacet
  facet normal 0.649414 -0.760435 0
    outer loop
      vertex 13.5225 11.4797 2.4
      vertex 13.791 11.709 5
      vertex 13.5225 11.4797 5
    endloop
  endfacet
  facet normal 0.649414 -0.760435 0
    outer loop
      vertex 13.791 11.709 5
      vertex 13.5225 11.4797 2.4
      vertex 13.791 11.709 2.4
    endloop
  endfacet
  facet normal -0.972382 0.233394 0
    outer loop
      vertex 9.9777 13.652 2.4
      vertex 10.0601 13.9953 5
      vertex 10.0601 13.9953 2.4
    endloop
  endfacet
  facet normal -0.972382 0.233394 0
    outer loop
      vertex 10.0601 13.9953 5
      vertex 9.9777 13.652 2.4
      vertex 9.9777 13.652 5
    endloop
  endfacet
  facet normal 0.522595 -0.852581 0
    outer loop
      vertex 13.2215 11.2952 2.4
      vertex 13.5225 11.4797 5
      vertex 13.2215 11.2952 5
    endloop
  endfacet
  facet normal 0.522595 -0.852581 0
    outer loop
      vertex 13.5225 11.4797 5
      vertex 13.2215 11.2952 2.4
      vertex 13.5225 11.4797 2.4
    endloop
  endfacet
  facet normal 0 0 1
    outer loop
      vertex 13.15 13.3 5
      vertex 14.45 13.3 5
      vertex 14.4223 13.652 5
    endloop
  endfacet
  facet normal 0 0 1
    outer loop
      vertex 13.1383 13.4486 5
      vertex 14.4223 13.652 5
      vertex 14.3399 13.9953 5
    endloop
  endfacet
  facet normal 0 0 1
    outer loop
      vertex 14.45 13.3 5
      vertex 13.15 13.3 5
      vertex 14.4223 12.948 5
    endloop
  endfacet
  facet normal 0 0 1
    outer loop
      vertex 13.1035 13.5936 5
      vertex 14.3399 13.9953 5
      vertex 14.2048 14.3215 5
    endloop
  endfacet
  facet normal -0 0 1
    outer loop
      vertex 13.1383 13.1514 5
      vertex 14.4223 12.948 5
      vertex 13.15 13.3 5
    endloop
  endfacet
  facet normal 0 0 1
    outer loop
      vertex 13.0465 13.7313 5
      vertex 14.2048 14.3215 5
      vertex 14.0203 14.6225 5
    endloop
  endfacet
  facet normal 0 0 1
    outer loop
      vertex 14.4223 12.948 5
      vertex 13.1383 13.1514 5
      vertex 14.3399 12.6047 5
    endloop
  endfacet
  facet normal 0 0 1
    outer loop
      vertex 12.9686 13.8584 5
      vertex 14.0203 14.6225 5
      vertex 13.791 14.891 5
    endloop
  endfacet
  facet normal -0 0 1
    outer loop
      vertex 13.1035 13.0064 5
      vertex 14.3399 12.6047 5
      vertex 13.1383 13.1514 5
    endloop
  endfacet
  facet normal 0 0 1
    outer loop
      vertex 12.8718 13.9718 5
      vertex 13.791 14.891 5
      vertex 13.5225 15.1203 5
    endloop
  endfacet
  facet normal 0 0 1
    outer loop
      vertex 14.3399 12.6047 5
      vertex 13.1035 13.0064 5
      vertex 14.2048 12.2785 5
    endloop
  endfacet
  facet normal 0 0 1
    outer loop
      vertex 12.7584 14.0686 5
      vertex 13.5225 15.1203 5
      vertex 13.2215 15.3048 5
    endloop
  endfacet
  facet normal -0 0 1
    outer loop
      vertex 13.0465 12.8687 5
      vertex 14.2048 12.2785 5
      vertex 13.1035 13.0064 5
    endloop
  endfacet
  facet normal 0 0 1
    outer loop
      vertex 14.2048 12.2785 5
      vertex 13.0465 12.8687 5
      vertex 14.0203 11.9775 5
    endloop
  endfacet
  facet normal 0 0 1
    outer loop
      vertex 14.4223 13.652 5
      vertex 13.1383 13.4486 5
      vertex 13.15 13.3 5
    endloop
  endfacet
  facet normal 0 0 1
    outer loop
      vertex 14.3399 13.9953 5
      vertex 13.1035 13.5936 5
      vertex 13.1383 13.4486 5
    endloop
  endfacet
  facet normal 0 0 1
    outer loop
      vertex 14.2048 14.3215 5
      vertex 13.0465 13.7313 5
      vertex 13.1035 13.5936 5
    endloop
  endfacet
  facet normal 0 0 1
    outer loop
      vertex 14.0203 14.6225 5
      vertex 12.9686 13.8584 5
      vertex 13.0465 13.7313 5
    endloop
  endfacet
  facet normal 0 0 1
    outer loop
      vertex 12.6313 14.1465 5
      vertex 13.2215 15.3048 5
      vertex 12.8953 15.4399 5
    endloop
  endfacet
  facet normal 0 0 1
    outer loop
      vertex 13.791 14.891 5
      vertex 12.8718 13.9718 5
      vertex 12.9686 13.8584 5
    endloop
  endfacet
  facet normal 0 0 1
    outer loop
      vertex 13.5225 15.1203 5
      vertex 12.7584 14.0686 5
      vertex 12.8718 13.9718 5
    endloop
  endfacet
  facet normal 0 0 1
    outer loop
      vertex 13.2215 15.3048 5
      vertex 12.6313 14.1465 5
      vertex 12.7584 14.0686 5
    endloop
  endfacet
  facet normal 0 0 1
    outer loop
      vertex 12.4936 14.2035 5
      vertex 12.8953 15.4399 5
      vertex 12.552 15.5223 5
    endloop
  endfacet
  facet normal 0 0 1
    outer loop
      vertex 12.8953 15.4399 5
      vertex 12.4936 14.2035 5
      vertex 12.6313 14.1465 5
    endloop
  endfacet
  facet normal 0 0 1
    outer loop
      vertex 12.552 15.5223 5
      vertex 12.3486 14.2383 5
      vertex 12.4936 14.2035 5
    endloop
  endfacet
  facet normal 0 0 1
    outer loop
      vertex 12.2 15.55 5
      vertex 12.3486 14.2383 5
      vertex 12.552 15.5223 5
    endloop
  endfacet
  facet normal 0 0 1
    outer loop
      vertex 12.2 15.55 5
      vertex 12.2 14.25 5
      vertex 12.3486 14.2383 5
    endloop
  endfacet
  facet normal 0 0 1
    outer loop
      vertex 12.2 15.55 5
      vertex 12.0514 14.2383 5
      vertex 12.2 14.25 5
    endloop
  endfacet
  facet normal -0 0 1
    outer loop
      vertex 11.848 15.5223 5
      vertex 12.0514 14.2383 5
      vertex 12.2 15.55 5
    endloop
  endfacet
  facet normal 0 0 1
    outer loop
      vertex 12.0514 14.2383 5
      vertex 11.848 15.5223 5
      vertex 11.9064 14.2035 5
    endloop
  endfacet
  facet normal -0 0 1
    outer loop
      vertex 11.5047 15.4399 5
      vertex 11.9064 14.2035 5
      vertex 11.848 15.5223 5
    endloop
  endfacet
  facet normal 0 0 1
    outer loop
      vertex 11.9064 14.2035 5
      vertex 11.5047 15.4399 5
      vertex 11.7687 14.1465 5
    endloop
  endfacet
  facet normal -0 0 1
    outer loop
      vertex 11.1785 15.3048 5
      vertex 11.7687 14.1465 5
      vertex 11.5047 15.4399 5
    endloop
  endfacet
  facet normal 0 0 1
    outer loop
      vertex 11.7687 14.1465 5
      vertex 11.1785 15.3048 5
      vertex 11.6416 14.0686 5
    endloop
  endfacet
  facet normal -0 0 1
    outer loop
      vertex 10.8775 15.1203 5
      vertex 11.6416 14.0686 5
      vertex 11.1785 15.3048 5
    endloop
  endfacet
  facet normal 0 0 1
    outer loop
      vertex 11.6416 14.0686 5
      vertex 10.8775 15.1203 5
      vertex 11.5282 13.9718 5
    endloop
  endfacet
  facet normal -0 0 1
    outer loop
      vertex 10.609 14.891 5
      vertex 11.5282 13.9718 5
      vertex 10.8775 15.1203 5
    endloop
  endfacet
  facet normal 0 0 1
    outer loop
      vertex 11.5282 13.9718 5
      vertex 10.609 14.891 5
      vertex 11.4314 13.8584 5
    endloop
  endfacet
  facet normal 0 0 1
    outer loop
      vertex 11.4314 13.8584 5
      vertex 10.3797 14.6225 5
      vertex 11.3535 13.7313 5
    endloop
  endfacet
  facet normal -0 0 1
    outer loop
      vertex 10.3797 14.6225 5
      vertex 11.4314 13.8584 5
      vertex 10.609 14.891 5
    endloop
  endfacet
  facet normal -0 0 1
    outer loop
      vertex 12.9686 12.7416 5
      vertex 14.0203 11.9775 5
      vertex 13.0465 12.8687 5
    endloop
  endfacet
  facet normal 0 0 1
    outer loop
      vertex 14.0203 11.9775 5
      vertex 12.9686 12.7416 5
      vertex 13.791 11.709 5
    endloop
  endfacet
  facet normal -0 0 1
    outer loop
      vertex 12.8718 12.6282 5
      vertex 13.791 11.709 5
      vertex 12.9686 12.7416 5
    endloop
  endfacet
  facet normal 0 0 1
    outer loop
      vertex 13.791 11.709 5
      vertex 12.8718 12.6282 5
      vertex 13.5225 11.4797 5
    endloop
  endfacet
  facet normal -0 0 1
    outer loop
      vertex 12.7584 12.5314 5
      vertex 13.5225 11.4797 5
      vertex 12.8718 12.6282 5
    endloop
  endfacet
  facet normal 0 0 1
    outer loop
      vertex 13.5225 11.4797 5
      vertex 12.7584 12.5314 5
      vertex 13.2215 11.2952 5
    endloop
  endfacet
  facet normal -0 0 1
    outer loop
      vertex 12.6313 12.4535 5
      vertex 13.2215 11.2952 5
      vertex 12.7584 12.5314 5
    endloop
  endfacet
  facet normal 0 0 1
    outer loop
      vertex 13.2215 11.2952 5
      vertex 12.6313 12.4535 5
      vertex 12.8953 11.1601 5
    endloop
  endfacet
  facet normal -0 0 1
    outer loop
      vertex 12.4936 12.3965 5
      vertex 12.8953 11.1601 5
      vertex 12.6313 12.4535 5
    endloop
  endfacet
  facet normal 0 0 1
    outer loop
      vertex 12.8953 11.1601 5
      vertex 12.4936 12.3965 5
      vertex 12.552 11.0777 5
    endloop
  endfacet
  facet normal -0 0 1
    outer loop
      vertex 12.3486 12.3617 5
      vertex 12.552 11.0777 5
      vertex 12.4936 12.3965 5
    endloop
  endfacet
  facet normal -0 0 1
    outer loop
      vertex 12.2 12.35 5
      vertex 12.552 11.0777 5
      vertex 12.3486 12.3617 5
    endloop
  endfacet
  facet normal 0 0 1
    outer loop
      vertex 12.2 12.35 5
      vertex 12.2 11.05 5
      vertex 12.552 11.0777 5
    endloop
  endfacet
  facet normal 0 0 1
    outer loop
      vertex 12.0514 12.3617 5
      vertex 12.2 11.05 5
      vertex 12.2 12.35 5
    endloop
  endfacet
  facet normal 0 0 1
    outer loop
      vertex 11.848 11.0777 5
      vertex 12.0514 12.3617 5
      vertex 11.9064 12.3965 5
    endloop
  endfacet
  facet normal 0 0 1
    outer loop
      vertex 12.0514 12.3617 5
      vertex 11.848 11.0777 5
      vertex 12.2 11.05 5
    endloop
  endfacet
  facet normal 0 0 1
    outer loop
      vertex 11.5047 11.1601 5
      vertex 11.9064 12.3965 5
      vertex 11.7687 12.4535 5
    endloop
  endfacet
  facet normal 0 0 1
    outer loop
      vertex 11.1785 11.2952 5
      vertex 11.7687 12.4535 5
      vertex 11.6416 12.5314 5
    endloop
  endfacet
  facet normal 0 0 1
    outer loop
      vertex 10.8775 11.4797 5
      vertex 11.6416 12.5314 5
      vertex 11.5282 12.6282 5
    endloop
  endfacet
  facet normal 0 0 1
    outer loop
      vertex 11.9064 12.3965 5
      vertex 11.5047 11.1601 5
      vertex 11.848 11.0777 5
    endloop
  endfacet
  facet normal 0 0 1
    outer loop
      vertex 10.609 11.709 5
      vertex 11.5282 12.6282 5
      vertex 11.4314 12.7416 5
    endloop
  endfacet
  facet normal 0 0 1
    outer loop
      vertex 10.3797 11.9775 5
      vertex 11.4314 12.7416 5
      vertex 11.3535 12.8687 5
    endloop
  endfacet
  facet normal 0 0 1
    outer loop
      vertex 10.1952 12.2785 5
      vertex 11.3535 12.8687 5
      vertex 11.2965 13.0064 5
    endloop
  endfacet
  facet normal 0 0 1
    outer loop
      vertex 10.0601 12.6047 5
      vertex 11.2965 13.0064 5
      vertex 11.2617 13.1514 5
    endloop
  endfacet
  facet normal 0 0 1
    outer loop
      vertex 11.7687 12.4535 5
      vertex 11.1785 11.2952 5
      vertex 11.5047 11.1601 5
    endloop
  endfacet
  facet normal 0 0 1
    outer loop
      vertex 9.9777 12.948 5
      vertex 11.2617 13.1514 5
      vertex 11.25 13.3 5
    endloop
  endfacet
  facet normal -0 0 1
    outer loop
      vertex 10.1952 14.3215 5
      vertex 11.3535 13.7313 5
      vertex 10.3797 14.6225 5
    endloop
  endfacet
  facet normal 0 0 1
    outer loop
      vertex 11.3535 13.7313 5
      vertex 10.1952 14.3215 5
      vertex 11.2965 13.5936 5
    endloop
  endfacet
  facet normal 0 0 1
    outer loop
      vertex 11.6416 12.5314 5
      vertex 10.8775 11.4797 5
      vertex 11.1785 11.2952 5
    endloop
  endfacet
  facet normal -0 0 1
    outer loop
      vertex 10.0601 13.9953 5
      vertex 11.2965 13.5936 5
      vertex 10.1952 14.3215 5
    endloop
  endfacet
  facet normal 0 0 1
    outer loop
      vertex 11.5282 12.6282 5
      vertex 10.609 11.709 5
      vertex 10.8775 11.4797 5
    endloop
  endfacet
  facet normal 0 0 1
    outer loop
      vertex 11.2965 13.5936 5
      vertex 10.0601 13.9953 5
      vertex 11.2617 13.4486 5
    endloop
  endfacet
  facet normal 0 0 1
    outer loop
      vertex 11.4314 12.7416 5
      vertex 10.3797 11.9775 5
      vertex 10.609 11.709 5
    endloop
  endfacet
  facet normal -0 0 1
    outer loop
      vertex 9.9777 13.652 5
      vertex 11.2617 13.4486 5
      vertex 10.0601 13.9953 5
    endloop
  endfacet
  facet normal 0 0 1
    outer loop
      vertex 11.3535 12.8687 5
      vertex 10.1952 12.2785 5
      vertex 10.3797 11.9775 5
    endloop
  endfacet
  facet normal 0 0 1
    outer loop
      vertex 11.2617 13.4486 5
      vertex 9.9777 13.652 5
      vertex 11.25 13.3 5
    endloop
  endfacet
  facet normal 0 0 1
    outer loop
      vertex 11.2965 13.0064 5
      vertex 10.0601 12.6047 5
      vertex 10.1952 12.2785 5
    endloop
  endfacet
  facet normal 0 0 1
    outer loop
      vertex 9.95 13.3 5
      vertex 11.25 13.3 5
      vertex 9.9777 13.652 5
    endloop
  endfacet
  facet normal 0 0 1
    outer loop
      vertex 11.2617 13.1514 5
      vertex 9.9777 12.948 5
      vertex 10.0601 12.6047 5
    endloop
  endfacet
  facet normal 0 0 1
    outer loop
      vertex 11.25 13.3 5
      vertex 9.95 13.3 5
      vertex 9.9777 12.948 5
    endloop
  endfacet
  facet normal -0.923896 0.382644 0
    outer loop
      vertex 10.0601 13.9953 2.4
      vertex 10.1952 14.3215 5
      vertex 10.1952 14.3215 2.4
    endloop
  endfacet
  facet normal -0.923896 0.382644 0
    outer loop
      vertex 10.1952 14.3215 5
      vertex 10.0601 13.9953 2.4
      vertex 10.0601 13.9953 5
    endloop
  endfacet
  facet normal 0.760435 0.649414 0
    outer loop
      vertex 14.0203 14.6225 5
      vertex 13.791 14.891 2.4
      vertex 13.791 14.891 5
    endloop
  endfacet
  facet normal 0.760435 0.649414 0
    outer loop
      vertex 13.791 14.891 2.4
      vertex 14.0203 14.6225 5
      vertex 14.0203 14.6225 2.4
    endloop
  endfacet
  facet normal -0.760435 0.649414 0
    outer loop
      vertex 10.3797 14.6225 2.4
      vertex 10.609 14.891 5
      vertex 10.609 14.891 2.4
    endloop
  endfacet
  facet normal -0.760435 0.649414 0
    outer loop
      vertex 10.609 14.891 5
      vertex 10.3797 14.6225 2.4
      vertex 10.3797 14.6225 5
    endloop
  endfacet
  facet normal 0.649414 0.760435 -0
    outer loop
      vertex 13.791 14.891 2.4
      vertex 13.5225 15.1203 5
      vertex 13.791 14.891 5
    endloop
  endfacet
  facet normal 0.649414 0.760435 0
    outer loop
      vertex 13.5225 15.1203 5
      vertex 13.791 14.891 2.4
      vertex 13.5225 15.1203 2.4
    endloop
  endfacet
  facet normal 0.0784506 -0.996918 0
    outer loop
      vertex 12.2 11.05 2.4
      vertex 12.552 11.0777 5
      vertex 12.2 11.05 5
    endloop
  endfacet
  facet normal 0.0784506 -0.996918 0
    outer loop
      vertex 12.552 11.0777 5
      vertex 12.2 11.05 2.4
      vertex 12.552 11.0777 2.4
    endloop
  endfacet
  facet normal -0.382644 0.923896 0
    outer loop
      vertex 11.5047 15.4399 2.4
      vertex 11.1785 15.3048 5
      vertex 11.5047 15.4399 5
    endloop
  endfacet
  facet normal -0.382644 0.923896 0
    outer loop
      vertex 11.1785 15.3048 5
      vertex 11.5047 15.4399 2.4
      vertex 11.1785 15.3048 2.4
    endloop
  endfacet
  facet normal -0.0784506 0.996918 0
    outer loop
      vertex 12.2 15.55 2.4
      vertex 11.848 15.5223 5
      vertex 12.2 15.55 5
    endloop
  endfacet
  facet normal -0.0784506 0.996918 0
    outer loop
      vertex 11.848 15.5223 5
      vertex 12.2 15.55 2.4
      vertex 11.848 15.5223 2.4
    endloop
  endfacet
  facet normal 0.522595 0.852581 -0
    outer loop
      vertex 13.5225 15.1203 2.4
      vertex 13.2215 15.3048 5
      vertex 13.5225 15.1203 5
    endloop
  endfacet
  facet normal 0.522595 0.852581 0
    outer loop
      vertex 13.2215 15.3048 5
      vertex 13.5225 15.1203 2.4
      vertex 13.2215 15.3048 2.4
    endloop
  endfacet
  facet normal -0.996918 -0.0784506 0
    outer loop
      vertex 9.9777 12.948 2.4
      vertex 9.95 13.3 5
      vertex 9.95 13.3 2.4
    endloop
  endfacet
  facet normal -0.996918 -0.0784506 0
    outer loop
      vertex 9.95 13.3 5
      vertex 9.9777 12.948 2.4
      vertex 9.9777 12.948 5
    endloop
  endfacet
  facet normal 0.382644 0.923896 -0
    outer loop
      vertex 13.2215 15.3048 2.4
      vertex 12.8953 15.4399 5
      vertex 13.2215 15.3048 5
    endloop
  endfacet
  facet normal 0.382644 0.923896 0
    outer loop
      vertex 12.8953 15.4399 5
      vertex 13.2215 15.3048 2.4
      vertex 12.8953 15.4399 2.4
    endloop
  endfacet
  facet normal 0.233394 0.972382 -0
    outer loop
      vertex 12.8953 15.4399 2.4
      vertex 12.552 15.5223 5
      vertex 12.8953 15.4399 5
    endloop
  endfacet
  facet normal 0.233394 0.972382 0
    outer loop
      vertex 12.552 15.5223 5
      vertex 12.8953 15.4399 2.4
      vertex 12.552 15.5223 2.4
    endloop
  endfacet
  facet normal 0.852581 -0.522595 0
    outer loop
      vertex 14.0203 11.9775 5
      vertex 14.2048 12.2785 2.4
      vertex 14.2048 12.2785 5
    endloop
  endfacet
  facet normal 0.852581 -0.522595 0
    outer loop
      vertex 14.2048 12.2785 2.4
      vertex 14.0203 11.9775 5
      vertex 14.0203 11.9775 2.4
    endloop
  endfacet
  facet normal 0.0784506 0.996918 -0
    outer loop
      vertex 12.552 15.5223 2.4
      vertex 12.2 15.55 5
      vertex 12.552 15.5223 5
    endloop
  endfacet
  facet normal 0.0784506 0.996918 0
    outer loop
      vertex 12.2 15.55 5
      vertex 12.552 15.5223 2.4
      vertex 12.2 15.55 2.4
    endloop
  endfacet
  facet normal -0.852581 -0.522595 0
    outer loop
      vertex 10.3797 11.9775 2.4
      vertex 10.1952 12.2785 5
      vertex 10.1952 12.2785 2.4
    endloop
  endfacet
  facet normal -0.852581 -0.522595 0
    outer loop
      vertex 10.1952 12.2785 5
      vertex 10.3797 11.9775 2.4
      vertex 10.3797 11.9775 5
    endloop
  endfacet
  facet normal -0.382644 -0.923896 0
    outer loop
      vertex 11.1785 11.2952 2.4
      vertex 11.5047 11.1601 5
      vertex 11.1785 11.2952 5
    endloop
  endfacet
  facet normal -0.382644 -0.923896 -0
    outer loop
      vertex 11.5047 11.1601 5
      vertex 11.1785 11.2952 2.4
      vertex 11.5047 11.1601 2.4
    endloop
  endfacet
  facet normal -0.233453 -0.972368 0
    outer loop
      vertex 2.87918 2.10873 0
      vertex 3.06228 2.06477 2.4
      vertex 2.87918 2.10873 2.4
    endloop
  endfacet
  facet normal -0.233453 -0.972368 -0
    outer loop
      vertex 3.06228 2.06477 2.4
      vertex 2.87918 2.10873 0
      vertex 3.06228 2.06477 0
    endloop
  endfacet
  facet normal 0.382805 0.923829 -0
    outer loop
      vertex 61.2948 35.8192 0
      vertex 61.1208 35.8913 2.4
      vertex 61.2948 35.8192 2.4
    endloop
  endfacet
  facet normal 0.382805 0.923829 0
    outer loop
      vertex 61.1208 35.8913 2.4
      vertex 61.2948 35.8192 0
      vertex 61.1208 35.8913 0
    endloop
  endfacet
  facet normal 0.996906 -0.0785969 0
    outer loop
      vertex 61.9352 3.06228 2.4
      vertex 61.95 3.25 0
      vertex 61.95 3.25 2.4
    endloop
  endfacet
  facet normal 0.996906 -0.0785969 0
    outer loop
      vertex 61.95 3.25 0
      vertex 61.9352 3.06228 2.4
      vertex 61.9352 3.06228 0
    endloop
  endfacet
  facet normal -0.972368 -0.233453 0
    outer loop
      vertex 2.10873 2.87918 0
      vertex 2.06477 3.06228 2.4
      vertex 2.06477 3.06228 0
    endloop
  endfacet
  facet normal -0.972368 -0.233453 0
    outer loop
      vertex 2.06477 3.06228 2.4
      vertex 2.10873 2.87918 0
      vertex 2.10873 2.87918 2.4
    endloop
  endfacet
  facet normal 1 -0 0
    outer loop
      vertex 61.95 3.25 2.4
      vertex 61.95 34.75 0
      vertex 61.95 34.75 2.4
    endloop
  endfacet
  facet normal 1 0 0
    outer loop
      vertex 61.95 34.75 0
      vertex 61.95 3.25 2.4
      vertex 61.95 3.25 0
    endloop
  endfacet
  facet normal 0.760395 -0.649461 0
    outer loop
      vertex 61.5985 2.40147 2.4
      vertex 61.7208 2.54466 0
      vertex 61.7208 2.54466 2.4
    endloop
  endfacet
  facet normal 0.760395 -0.649461 0
    outer loop
      vertex 61.7208 2.54466 0
      vertex 61.5985 2.40147 2.4
      vertex 61.5985 2.40147 0
    endloop
  endfacet
  facet normal 0 -1 0
    outer loop
      vertex 3.25 2.05 0
      vertex 60.75 2.05 2.4
      vertex 3.25 2.05 2.4
    endloop
  endfacet
  facet normal 0 -1 -0
    outer loop
      vertex 60.75 2.05 2.4
      vertex 3.25 2.05 0
      vertex 60.75 2.05 0
    endloop
  endfacet
  facet normal 0.649404 -0.760444 0
    outer loop
      vertex 61.4553 2.27918 0
      vertex 61.5985 2.40147 2.4
      vertex 61.4553 2.27918 2.4
    endloop
  endfacet
  facet normal 0.649404 -0.760444 0
    outer loop
      vertex 61.5985 2.40147 2.4
      vertex 61.4553 2.27918 0
      vertex 61.5985 2.40147 0
    endloop
  endfacet
  facet normal -0.233152 0.97244 0
    outer loop
      vertex 3.06228 35.9352 0
      vertex 2.87918 35.8913 2.4
      vertex 3.06228 35.9352 2.4
    endloop
  endfacet
  facet normal -0.233152 0.97244 0
    outer loop
      vertex 2.87918 35.8913 2.4
      vertex 3.06228 35.9352 0
      vertex 2.87918 35.8913 0
    endloop
  endfacet
  facet normal 0 1 -0
    outer loop
      vertex 60.75 35.95 0
      vertex 3.25 35.95 2.4
      vertex 60.75 35.95 2.4
    endloop
  endfacet
  facet normal 0 1 0
    outer loop
      vertex 3.25 35.95 2.4
      vertex 60.75 35.95 0
      vertex 3.25 35.95 0
    endloop
  endfacet
  facet normal -1 0 0
    outer loop
      vertex 2.05 3.25 0
      vertex 2.05 34.75 2.4
      vertex 2.05 34.75 0
    endloop
  endfacet
  facet normal -1 -0 0
    outer loop
      vertex 2.05 34.75 2.4
      vertex 2.05 3.25 0
      vertex 2.05 3.25 2.4
    endloop
  endfacet
  facet normal 0.0786053 0.996906 -0
    outer loop
      vertex 60.9377 35.9352 0
      vertex 60.75 35.95 2.4
      vertex 60.9377 35.9352 2.4
    endloop
  endfacet
  facet normal 0.0786053 0.996906 0
    outer loop
      vertex 60.75 35.95 2.4
      vertex 60.9377 35.9352 0
      vertex 60.75 35.95 0
    endloop
  endfacet
  facet normal -0.0784386 -0.996919 0
    outer loop
      vertex 3.06228 2.06477 0
      vertex 3.25 2.05 2.4
      vertex 3.06228 2.06477 2.4
    endloop
  endfacet
  facet normal -0.0784386 -0.996919 -0
    outer loop
      vertex 3.25 2.05 2.4
      vertex 3.06228 2.06477 0
      vertex 3.25 2.05 0
    endloop
  endfacet
  facet normal -0.382861 0.923806 0
    outer loop
      vertex 2.87918 35.8913 0
      vertex 2.70521 35.8192 2.4
      vertex 2.87918 35.8913 2.4
    endloop
  endfacet
  facet normal -0.382861 0.923806 0
    outer loop
      vertex 2.70521 35.8192 2.4
      vertex 2.87918 35.8913 0
      vertex 2.70521 35.8192 0
    endloop
  endfacet
  facet normal 0.649435 0.760417 -0
    outer loop
      vertex 61.5985 35.5985 0
      vertex 61.4553 35.7208 2.4
      vertex 61.5985 35.5985 2.4
    endloop
  endfacet
  facet normal 0.649435 0.760417 0
    outer loop
      vertex 61.4553 35.7208 2.4
      vertex 61.5985 35.5985 0
      vertex 61.4553 35.7208 0
    endloop
  endfacet
  facet normal -0.996919 -0.0784386 0
    outer loop
      vertex 2.06477 3.06228 0
      vertex 2.05 3.25 2.4
      vertex 2.05 3.25 0
    endloop
  endfacet
  facet normal -0.996919 -0.0784386 0
    outer loop
      vertex 2.05 3.25 2.4
      vertex 2.06477 3.06228 0
      vertex 2.06477 3.06228 2.4
    endloop
  endfacet
  facet normal -0.923904 0.382624 0
    outer loop
      vertex 2.10873 35.1208 0
      vertex 2.18079 35.2948 2.4
      vertex 2.18079 35.2948 0
    endloop
  endfacet
  facet normal -0.923904 0.382624 0
    outer loop
      vertex 2.18079 35.2948 2.4
      vertex 2.10873 35.1208 0
      vertex 2.10873 35.1208 2.4
    endloop
  endfacet
  facet normal -0.760421 -0.64943 0
    outer loop
      vertex 2.40147 2.40147 0
      vertex 2.27918 2.54466 2.4
      vertex 2.27918 2.54466 0
    endloop
  endfacet
  facet normal -0.760421 -0.64943 0
    outer loop
      vertex 2.27918 2.54466 2.4
      vertex 2.40147 2.40147 0
      vertex 2.40147 2.40147 2.4
    endloop
  endfacet
  facet normal -0.64943 -0.760421 0
    outer loop
      vertex 2.40147 2.40147 0
      vertex 2.54466 2.27918 2.4
      vertex 2.40147 2.40147 2.4
    endloop
  endfacet
  facet normal -0.64943 -0.760421 -0
    outer loop
      vertex 2.54466 2.27918 2.4
      vertex 2.40147 2.40147 0
      vertex 2.54466 2.27918 0
    endloop
  endfacet
  facet normal 0.923829 0.382805 0
    outer loop
      vertex 61.8913 35.1208 2.4
      vertex 61.8192 35.2948 0
      vertex 61.8192 35.2948 2.4
    endloop
  endfacet
  facet normal 0.923829 0.382805 0
    outer loop
      vertex 61.8192 35.2948 0
      vertex 61.8913 35.1208 2.4
      vertex 61.8913 35.1208 0
    endloop
  endfacet
  facet normal 0.97244 -0.233152 0
    outer loop
      vertex 61.8913 2.87918 2.4
      vertex 61.9352 3.06228 0
      vertex 61.9352 3.06228 2.4
    endloop
  endfacet
  facet normal 0.97244 -0.233152 0
    outer loop
      vertex 61.9352 3.06228 0
      vertex 61.8913 2.87918 2.4
      vertex 61.8913 2.87918 0
    endloop
  endfacet
  facet normal -0.522556 0.852605 0
    outer loop
      vertex 2.70521 35.8192 0
      vertex 2.54466 35.7208 2.4
      vertex 2.70521 35.8192 2.4
    endloop
  endfacet
  facet normal -0.522556 0.852605 0
    outer loop
      vertex 2.54466 35.7208 2.4
      vertex 2.70521 35.8192 0
      vertex 2.54466 35.7208 0
    endloop
  endfacet
  facet normal 0.996906 0.0786053 0
    outer loop
      vertex 61.95 34.75 2.4
      vertex 61.9352 34.9377 0
      vertex 61.9352 34.9377 2.4
    endloop
  endfacet
  facet normal 0.996906 0.0786053 0
    outer loop
      vertex 61.9352 34.9377 0
      vertex 61.95 34.75 2.4
      vertex 61.95 34.75 0
    endloop
  endfacet
  facet normal -0.923881 -0.38268 0
    outer loop
      vertex 2.18079 2.70521 0
      vertex 2.10873 2.87918 2.4
      vertex 2.10873 2.87918 0
    endloop
  endfacet
  facet normal -0.923881 -0.38268 0
    outer loop
      vertex 2.10873 2.87918 2.4
      vertex 2.18079 2.70521 0
      vertex 2.18079 2.70521 2.4
    endloop
  endfacet
  facet normal -0.522517 -0.852629 0
    outer loop
      vertex 2.54466 2.27918 0
      vertex 2.70521 2.18079 2.4
      vertex 2.54466 2.27918 2.4
    endloop
  endfacet
  facet normal -0.522517 -0.852629 -0
    outer loop
      vertex 2.70521 2.18079 2.4
      vertex 2.54466 2.27918 0
      vertex 2.70521 2.18079 0
    endloop
  endfacet
  facet normal -0.0785969 0.996906 0
    outer loop
      vertex 3.25 35.95 0
      vertex 3.06228 35.9352 2.4
      vertex 3.25 35.95 2.4
    endloop
  endfacet
  facet normal -0.0785969 0.996906 0
    outer loop
      vertex 3.06228 35.9352 2.4
      vertex 3.25 35.95 0
      vertex 3.06228 35.9352 0
    endloop
  endfacet
  facet normal 0.382624 -0.923904 0
    outer loop
      vertex 61.1208 2.10873 0
      vertex 61.2948 2.18079 2.4
      vertex 61.1208 2.10873 2.4
    endloop
  endfacet
  facet normal 0.382624 -0.923904 0
    outer loop
      vertex 61.2948 2.18079 2.4
      vertex 61.1208 2.10873 0
      vertex 61.2948 2.18079 0
    endloop
  endfacet
  facet normal 0.852533 0.522674 0
    outer loop
      vertex 61.8192 35.2948 2.4
      vertex 61.7208 35.4553 0
      vertex 61.7208 35.4553 2.4
    endloop
  endfacet
  facet normal 0.852533 0.522674 0
    outer loop
      vertex 61.7208 35.4553 0
      vertex 61.8192 35.2948 2.4
      vertex 61.8192 35.2948 0
    endloop
  endfacet
  facet normal 0.233152 0.97244 -0
    outer loop
      vertex 61.1208 35.8913 0
      vertex 60.9377 35.9352 2.4
      vertex 61.1208 35.8913 2.4
    endloop
  endfacet
  facet normal 0.233152 0.97244 0
    outer loop
      vertex 60.9377 35.9352 2.4
      vertex 61.1208 35.8913 0
      vertex 60.9377 35.9352 0
    endloop
  endfacet
  facet normal 0.923806 -0.382861 0
    outer loop
      vertex 61.8192 2.70521 2.4
      vertex 61.8913 2.87918 0
      vertex 61.8913 2.87918 2.4
    endloop
  endfacet
  facet normal 0.923806 -0.382861 0
    outer loop
      vertex 61.8913 2.87918 0
      vertex 61.8192 2.70521 2.4
      vertex 61.8192 2.70521 0
    endloop
  endfacet
  facet normal 0.233453 -0.972368 0
    outer loop
      vertex 60.9377 2.06477 0
      vertex 61.1208 2.10873 2.4
      vertex 60.9377 2.06477 2.4
    endloop
  endfacet
  facet normal 0.233453 -0.972368 0
    outer loop
      vertex 61.1208 2.10873 2.4
      vertex 60.9377 2.06477 0
      vertex 61.1208 2.10873 0
    endloop
  endfacet
  facet normal -0.38268 -0.923881 0
    outer loop
      vertex 2.70521 2.18079 0
      vertex 2.87918 2.10873 2.4
      vertex 2.70521 2.18079 2.4
    endloop
  endfacet
  facet normal -0.38268 -0.923881 -0
    outer loop
      vertex 2.87918 2.10873 2.4
      vertex 2.70521 2.18079 0
      vertex 2.87918 2.10873 0
    endloop
  endfacet
  facet normal 0.0784469 -0.996918 0
    outer loop
      vertex 60.75 2.05 0
      vertex 60.9377 2.06477 2.4
      vertex 60.75 2.05 2.4
    endloop
  endfacet
  facet normal 0.0784469 -0.996918 0
    outer loop
      vertex 60.9377 2.06477 2.4
      vertex 60.75 2.05 0
      vertex 60.9377 2.06477 0
    endloop
  endfacet
  facet normal -0.972368 0.233453 0
    outer loop
      vertex 2.06477 34.9377 0
      vertex 2.10873 35.1208 2.4
      vertex 2.10873 35.1208 0
    endloop
  endfacet
  facet normal -0.972368 0.233453 0
    outer loop
      vertex 2.10873 35.1208 2.4
      vertex 2.06477 34.9377 0
      vertex 2.06477 34.9377 2.4
    endloop
  endfacet
  facet normal -0.996918 0.0784469 0
    outer loop
      vertex 2.05 34.75 0
      vertex 2.06477 34.9377 2.4
      vertex 2.06477 34.9377 0
    endloop
  endfacet
  facet normal -0.996918 0.0784469 0
    outer loop
      vertex 2.06477 34.9377 2.4
      vertex 2.05 34.75 0
      vertex 2.05 34.75 2.4
    endloop
  endfacet
  facet normal 0.522636 -0.852556 0
    outer loop
      vertex 61.2948 2.18079 0
      vertex 61.4553 2.27918 2.4
      vertex 61.2948 2.18079 2.4
    endloop
  endfacet
  facet normal 0.522636 -0.852556 0
    outer loop
      vertex 61.4553 2.27918 2.4
      vertex 61.2948 2.18079 0
      vertex 61.4553 2.27918 0
    endloop
  endfacet
  facet normal 0 0 1
    outer loop
      vertex 14.4223 13.652 2.4
      vertex 56.9777 13.652 2.4
      vertex 14.4223 24.348 2.4
    endloop
  endfacet
  facet normal 0 0 1
    outer loop
      vertex 56.9777 13.652 2.4
      vertex 14.4223 13.652 2.4
      vertex 14.45 13.3 2.4
    endloop
  endfacet
  facet normal -0 0 1
    outer loop
      vertex 14.3399 24.0047 2.4
      vertex 14.4223 13.652 2.4
      vertex 14.4223 24.348 2.4
    endloop
  endfacet
  facet normal 0 0 1
    outer loop
      vertex 14.3399 24.0047 2.4
      vertex 14.3399 13.9953 2.4
      vertex 14.4223 13.652 2.4
    endloop
  endfacet
  facet normal -0 0 1
    outer loop
      vertex 14.2048 23.6785 2.4
      vertex 14.3399 13.9953 2.4
      vertex 14.3399 24.0047 2.4
    endloop
  endfacet
  facet normal 0 0 1
    outer loop
      vertex 14.2048 23.6785 2.4
      vertex 14.2048 14.3215 2.4
      vertex 14.3399 13.9953 2.4
    endloop
  endfacet
  facet normal -0 0 1
    outer loop
      vertex 14.0203 23.3775 2.4
      vertex 14.2048 14.3215 2.4
      vertex 14.2048 23.6785 2.4
    endloop
  endfacet
  facet normal 0 0 1
    outer loop
      vertex 14.0203 23.3775 2.4
      vertex 14.0203 14.6225 2.4
      vertex 14.2048 14.3215 2.4
    endloop
  endfacet
  facet normal -0 0 1
    outer loop
      vertex 13.791 23.109 2.4
      vertex 14.0203 14.6225 2.4
      vertex 14.0203 23.3775 2.4
    endloop
  endfacet
  facet normal 0 0 1
    outer loop
      vertex 13.791 23.109 2.4
      vertex 13.791 14.891 2.4
      vertex 14.0203 14.6225 2.4
    endloop
  endfacet
  facet normal -0 0 1
    outer loop
      vertex 13.5225 22.8797 2.4
      vertex 13.791 14.891 2.4
      vertex 13.791 23.109 2.4
    endloop
  endfacet
  facet normal 0 0 1
    outer loop
      vertex 13.5225 22.8797 2.4
      vertex 13.5225 15.1203 2.4
      vertex 13.791 14.891 2.4
    endloop
  endfacet
  facet normal -0 0 1
    outer loop
      vertex 13.2215 22.6952 2.4
      vertex 13.5225 15.1203 2.4
      vertex 13.5225 22.8797 2.4
    endloop
  endfacet
  facet normal 0 0 1
    outer loop
      vertex 13.2215 22.6952 2.4
      vertex 13.2215 15.3048 2.4
      vertex 13.5225 15.1203 2.4
    endloop
  endfacet
  facet normal -0 0 1
    outer loop
      vertex 12.8953 22.5601 2.4
      vertex 13.2215 15.3048 2.4
      vertex 13.2215 22.6952 2.4
    endloop
  endfacet
  facet normal 0 0 1
    outer loop
      vertex 12.8953 22.5601 2.4
      vertex 12.8953 15.4399 2.4
      vertex 13.2215 15.3048 2.4
    endloop
  endfacet
  facet normal -0 0 1
    outer loop
      vertex 12.552 22.4777 2.4
      vertex 12.8953 15.4399 2.4
      vertex 12.8953 22.5601 2.4
    endloop
  endfacet
  facet normal 0 0 1
    outer loop
      vertex 12.552 22.4777 2.4
      vertex 12.552 15.5223 2.4
      vertex 12.8953 15.4399 2.4
    endloop
  endfacet
  facet normal -0 0 1
    outer loop
      vertex 12.2 22.45 2.4
      vertex 12.552 15.5223 2.4
      vertex 12.552 22.4777 2.4
    endloop
  endfacet
  facet normal 0 0 1
    outer loop
      vertex 12.2 22.45 2.4
      vertex 12.2 15.55 2.4
      vertex 12.552 15.5223 2.4
    endloop
  endfacet
  facet normal 0 0 1
    outer loop
      vertex 11.848 22.4777 2.4
      vertex 12.2 15.55 2.4
      vertex 12.2 22.45 2.4
    endloop
  endfacet
  facet normal 0 0 1
    outer loop
      vertex 11.848 22.4777 2.4
      vertex 11.848 15.5223 2.4
      vertex 12.2 15.55 2.4
    endloop
  endfacet
  facet normal 0 0 1
    outer loop
      vertex 11.5047 22.5601 2.4
      vertex 11.848 15.5223 2.4
      vertex 11.848 22.4777 2.4
    endloop
  endfacet
  facet normal 0 0 1
    outer loop
      vertex 11.5047 22.5601 2.4
      vertex 11.5047 15.4399 2.4
      vertex 11.848 15.5223 2.4
    endloop
  endfacet
  facet normal 0 0 1
    outer loop
      vertex 11.1785 22.6952 2.4
      vertex 11.5047 15.4399 2.4
      vertex 11.5047 22.5601 2.4
    endloop
  endfacet
  facet normal 0 0 1
    outer loop
      vertex 11.1785 22.6952 2.4
      vertex 11.1785 15.3048 2.4
      vertex 11.5047 15.4399 2.4
    endloop
  endfacet
  facet normal 0 0 1
    outer loop
      vertex 10.8775 22.8797 2.4
      vertex 11.1785 15.3048 2.4
      vertex 11.1785 22.6952 2.4
    endloop
  endfacet
  facet normal 0 0 1
    outer loop
      vertex 10.8775 22.8797 2.4
      vertex 10.8775 15.1203 2.4
      vertex 11.1785 15.3048 2.4
    endloop
  endfacet
  facet normal 0 0 1
    outer loop
      vertex 10.609 23.109 2.4
      vertex 10.8775 15.1203 2.4
      vertex 10.8775 22.8797 2.4
    endloop
  endfacet
  facet normal 0 0 1
    outer loop
      vertex 10.609 23.109 2.4
      vertex 10.609 14.891 2.4
      vertex 10.8775 15.1203 2.4
    endloop
  endfacet
  facet normal 0 0 1
    outer loop
      vertex 10.3797 23.3775 2.4
      vertex 10.609 14.891 2.4
      vertex 10.609 23.109 2.4
    endloop
  endfacet
  facet normal 0 0 1
    outer loop
      vertex 10.3797 23.3775 2.4
      vertex 10.3797 14.6225 2.4
      vertex 10.609 14.891 2.4
    endloop
  endfacet
  facet normal 0 0 1
    outer loop
      vertex 10.1952 23.6785 2.4
      vertex 10.3797 14.6225 2.4
      vertex 10.3797 23.3775 2.4
    endloop
  endfacet
  facet normal 0 0 1
    outer loop
      vertex 10.1952 23.6785 2.4
      vertex 10.1952 14.3215 2.4
      vertex 10.3797 14.6225 2.4
    endloop
  endfacet
  facet normal 0 0 1
    outer loop
      vertex 10.0601 24.0047 2.4
      vertex 10.1952 14.3215 2.4
      vertex 10.1952 23.6785 2.4
    endloop
  endfacet
  facet normal 0 0 1
    outer loop
      vertex 10.0601 24.0047 2.4
      vertex 10.0601 13.9953 2.4
      vertex 10.1952 14.3215 2.4
    endloop
  endfacet
  facet normal 0 0 1
    outer loop
      vertex 2.05 34.75 2.4
      vertex 10.0601 24.0047 2.4
      vertex 9.9777 24.348 2.4
    endloop
  endfacet
  facet normal 0 0 1
    outer loop
      vertex 10.0601 24.0047 2.4
      vertex 2.05 34.75 2.4
      vertex 10.0601 13.9953 2.4
    endloop
  endfacet
  facet normal 0 0 1
    outer loop
      vertex 2.05 34.75 2.4
      vertex 9.9777 24.348 2.4
      vertex 9.95 24.7 2.4
    endloop
  endfacet
  facet normal 0 0 1
    outer loop
      vertex 2.05 3.25 2.4
      vertex 10.0601 13.9953 2.4
      vertex 2.05 34.75 2.4
    endloop
  endfacet
  facet normal -0 0 1
    outer loop
      vertex 61.4223 24.348 2.4
      vertex 61.45 13.3 2.4
      vertex 61.45 24.7 2.4
    endloop
  endfacet
  facet normal 0 0 1
    outer loop
      vertex 61.4223 24.348 2.4
      vertex 61.4223 13.652 2.4
      vertex 61.45 13.3 2.4
    endloop
  endfacet
  facet normal -0 0 1
    outer loop
      vertex 61.3399 24.0047 2.4
      vertex 61.4223 13.652 2.4
      vertex 61.4223 24.348 2.4
    endloop
  endfacet
  facet normal 0 0 1
    outer loop
      vertex 61.3399 24.0047 2.4
      vertex 61.3399 13.9953 2.4
      vertex 61.4223 13.652 2.4
    endloop
  endfacet
  facet normal -0 0 1
    outer loop
      vertex 61.2048 23.6785 2.4
      vertex 61.3399 13.9953 2.4
      vertex 61.3399 24.0047 2.4
    endloop
  endfacet
  facet normal 0 0 1
    outer loop
      vertex 61.2048 23.6785 2.4
      vertex 61.2048 14.3215 2.4
      vertex 61.3399 13.9953 2.4
    endloop
  endfacet
  facet normal -0 0 1
    outer loop
      vertex 61.0203 23.3775 2.4
      vertex 61.2048 14.3215 2.4
      vertex 61.2048 23.6785 2.4
    endloop
  endfacet
  facet normal 0 0 1
    outer loop
      vertex 61.0203 23.3775 2.4
      vertex 61.0203 14.6225 2.4
      vertex 61.2048 14.3215 2.4
    endloop
  endfacet
  facet normal -0 0 1
    outer loop
      vertex 60.791 23.109 2.4
      vertex 61.0203 14.6225 2.4
      vertex 61.0203 23.3775 2.4
    endloop
  endfacet
  facet normal 0 0 1
    outer loop
      vertex 60.791 23.109 2.4
      vertex 60.791 14.891 2.4
      vertex 61.0203 14.6225 2.4
    endloop
  endfacet
  facet normal -0 0 1
    outer loop
      vertex 60.5225 22.8797 2.4
      vertex 60.791 14.891 2.4
      vertex 60.791 23.109 2.4
    endloop
  endfacet
  facet normal 0 0 1
    outer loop
      vertex 60.5225 22.8797 2.4
      vertex 60.5225 15.1203 2.4
      vertex 60.791 14.891 2.4
    endloop
  endfacet
  facet normal -0 0 1
    outer loop
      vertex 60.2215 22.6952 2.4
      vertex 60.5225 15.1203 2.4
      vertex 60.5225 22.8797 2.4
    endloop
  endfacet
  facet normal 0 0 1
    outer loop
      vertex 60.2215 22.6952 2.4
      vertex 60.2215 15.3048 2.4
      vertex 60.5225 15.1203 2.4
    endloop
  endfacet
  facet normal -0 0 1
    outer loop
      vertex 59.8953 22.5601 2.4
      vertex 60.2215 15.3048 2.4
      vertex 60.2215 22.6952 2.4
    endloop
  endfacet
  facet normal 0 0 1
    outer loop
      vertex 59.8953 22.5601 2.4
      vertex 59.8953 15.4399 2.4
      vertex 60.2215 15.3048 2.4
    endloop
  endfacet
  facet normal -0 0 1
    outer loop
      vertex 59.552 22.4777 2.4
      vertex 59.8953 15.4399 2.4
      vertex 59.8953 22.5601 2.4
    endloop
  endfacet
  facet normal 0 0 1
    outer loop
      vertex 59.552 22.4777 2.4
      vertex 59.552 15.5223 2.4
      vertex 59.8953 15.4399 2.4
    endloop
  endfacet
  facet normal -0 0 1
    outer loop
      vertex 59.2 22.45 2.4
      vertex 59.552 15.5223 2.4
      vertex 59.552 22.4777 2.4
    endloop
  endfacet
  facet normal 0 0 1
    outer loop
      vertex 59.2 22.45 2.4
      vertex 59.2 15.55 2.4
      vertex 59.552 15.5223 2.4
    endloop
  endfacet
  facet normal 0 0 1
    outer loop
      vertex 58.848 22.4777 2.4
      vertex 59.2 15.55 2.4
      vertex 59.2 22.45 2.4
    endloop
  endfacet
  facet normal 0 0 1
    outer loop
      vertex 58.848 22.4777 2.4
      vertex 58.848 15.5223 2.4
      vertex 59.2 15.55 2.4
    endloop
  endfacet
  facet normal 0 0 1
    outer loop
      vertex 58.5047 22.5601 2.4
      vertex 58.848 15.5223 2.4
      vertex 58.848 22.4777 2.4
    endloop
  endfacet
  facet normal 0 0 1
    outer loop
      vertex 58.5047 22.5601 2.4
      vertex 58.5047 15.4399 2.4
      vertex 58.848 15.5223 2.4
    endloop
  endfacet
  facet normal 0 0 1
    outer loop
      vertex 58.1785 22.6952 2.4
      vertex 58.5047 15.4399 2.4
      vertex 58.5047 22.5601 2.4
    endloop
  endfacet
  facet normal 0 0 1
    outer loop
      vertex 58.1785 22.6952 2.4
      vertex 58.1785 15.3048 2.4
      vertex 58.5047 15.4399 2.4
    endloop
  endfacet
  facet normal 0 0 1
    outer loop
      vertex 57.8775 22.8797 2.4
      vertex 58.1785 15.3048 2.4
      vertex 58.1785 22.6952 2.4
    endloop
  endfacet
  facet normal 0 0 1
    outer loop
      vertex 57.8775 22.8797 2.4
      vertex 57.8775 15.1203 2.4
      vertex 58.1785 15.3048 2.4
    endloop
  endfacet
  facet normal 0 0 1
    outer loop
      vertex 57.609 23.109 2.4
      vertex 57.8775 15.1203 2.4
      vertex 57.8775 22.8797 2.4
    endloop
  endfacet
  facet normal 0 0 1
    outer loop
      vertex 57.609 23.109 2.4
      vertex 57.609 14.891 2.4
      vertex 57.8775 15.1203 2.4
    endloop
  endfacet
  facet normal 0 0 1
    outer loop
      vertex 57.3797 23.3775 2.4
      vertex 57.609 14.891 2.4
      vertex 57.609 23.109 2.4
    endloop
  endfacet
  facet normal 0 0 1
    outer loop
      vertex 57.3797 23.3775 2.4
      vertex 57.3797 14.6225 2.4
      vertex 57.609 14.891 2.4
    endloop
  endfacet
  facet normal 0 0 1
    outer loop
      vertex 57.1952 23.6785 2.4
      vertex 57.3797 14.6225 2.4
      vertex 57.3797 23.3775 2.4
    endloop
  endfacet
  facet normal 0 0 1
    outer loop
      vertex 57.1952 23.6785 2.4
      vertex 57.1952 14.3215 2.4
      vertex 57.3797 14.6225 2.4
    endloop
  endfacet
  facet normal 0 0 1
    outer loop
      vertex 57.0601 24.0047 2.4
      vertex 57.1952 14.3215 2.4
      vertex 57.1952 23.6785 2.4
    endloop
  endfacet
  facet normal 0 0 1
    outer loop
      vertex 57.0601 24.0047 2.4
      vertex 57.0601 13.9953 2.4
      vertex 57.1952 14.3215 2.4
    endloop
  endfacet
  facet normal 0 0 1
    outer loop
      vertex 56.9777 24.348 2.4
      vertex 57.0601 13.9953 2.4
      vertex 57.0601 24.0047 2.4
    endloop
  endfacet
  facet normal 0 0 1
    outer loop
      vertex 56.9777 24.348 2.4
      vertex 56.9777 13.652 2.4
      vertex 57.0601 13.9953 2.4
    endloop
  endfacet
  facet normal -0 0 1
    outer loop
      vertex 14.45 24.7 2.4
      vertex 56.9777 24.348 2.4
      vertex 56.95 24.7 2.4
    endloop
  endfacet
  facet normal 0 0 1
    outer loop
      vertex 14.4223 24.348 2.4
      vertex 56.9777 24.348 2.4
      vertex 14.45 24.7 2.4
    endloop
  endfacet
  facet normal 0 0 1
    outer loop
      vertex 60.75 35.95 2.4
      vertex 61.95 34.75 2.4
      vertex 61.9352 34.9377 2.4
    endloop
  endfacet
  facet normal 0 0 1
    outer loop
      vertex 61.95 34.75 2.4
      vertex 61.45 24.7 2.4
      vertex 61.95 3.25 2.4
    endloop
  endfacet
  facet normal 0 0 1
    outer loop
      vertex 60.75 35.95 2.4
      vertex 61.9352 34.9377 2.4
      vertex 61.8913 35.1208 2.4
    endloop
  endfacet
  facet normal -0 0 1
    outer loop
      vertex 61.45 13.3 2.4
      vertex 61.95 3.25 2.4
      vertex 61.45 24.7 2.4
    endloop
  endfacet
  facet normal 0 0 1
    outer loop
      vertex 60.75 35.95 2.4
      vertex 61.8913 35.1208 2.4
      vertex 61.8192 35.2948 2.4
    endloop
  endfacet
  facet normal -0 0 1
    outer loop
      vertex 61.4223 12.948 2.4
      vertex 61.95 3.25 2.4
      vertex 61.45 13.3 2.4
    endloop
  endfacet
  facet normal 0 0 1
    outer loop
      vertex 60.75 35.95 2.4
      vertex 61.8192 35.2948 2.4
      vertex 61.7208 35.4553 2.4
    endloop
  endfacet
  facet normal -0 0 1
    outer loop
      vertex 61.3399 12.6047 2.4
      vertex 61.95 3.25 2.4
      vertex 61.4223 12.948 2.4
    endloop
  endfacet
  facet normal 0 0 1
    outer loop
      vertex 60.75 35.95 2.4
      vertex 61.7208 35.4553 2.4
      vertex 61.5985 35.5985 2.4
    endloop
  endfacet
  facet normal -0 0 1
    outer loop
      vertex 61.2048 12.2785 2.4
      vertex 61.95 3.25 2.4
      vertex 61.3399 12.6047 2.4
    endloop
  endfacet
  facet normal 0 0 1
    outer loop
      vertex 60.75 35.95 2.4
      vertex 61.5985 35.5985 2.4
      vertex 61.4553 35.7208 2.4
    endloop
  endfacet
  facet normal -0 0 1
    outer loop
      vertex 61.0203 11.9775 2.4
      vertex 61.95 3.25 2.4
      vertex 61.2048 12.2785 2.4
    endloop
  endfacet
  facet normal -0 0 1
    outer loop
      vertex 60.791 11.709 2.4
      vertex 61.95 3.25 2.4
      vertex 61.0203 11.9775 2.4
    endloop
  endfacet
  facet normal 0 0 1
    outer loop
      vertex 61.95 34.75 2.4
      vertex 61.4223 25.052 2.4
      vertex 61.45 24.7 2.4
    endloop
  endfacet
  facet normal 0 0 1
    outer loop
      vertex 61.95 34.75 2.4
      vertex 61.3399 25.3953 2.4
      vertex 61.4223 25.052 2.4
    endloop
  endfacet
  facet normal 0 0 1
    outer loop
      vertex 60.75 35.95 2.4
      vertex 61.4553 35.7208 2.4
      vertex 61.2948 35.8192 2.4
    endloop
  endfacet
  facet normal 0 0 1
    outer loop
      vertex 61.95 34.75 2.4
      vertex 61.2048 25.7215 2.4
      vertex 61.3399 25.3953 2.4
    endloop
  endfacet
  facet normal 0 0 1
    outer loop
      vertex 60.75 35.95 2.4
      vertex 61.2948 35.8192 2.4
      vertex 61.1208 35.8913 2.4
    endloop
  endfacet
  facet normal 0 0 1
    outer loop
      vertex 61.95 34.75 2.4
      vertex 61.0203 26.0225 2.4
      vertex 61.2048 25.7215 2.4
    endloop
  endfacet
  facet normal 0 0 1
    outer loop
      vertex 60.75 35.95 2.4
      vertex 61.1208 35.8913 2.4
      vertex 60.9377 35.9352 2.4
    endloop
  endfacet
  facet normal 0 0 1
    outer loop
      vertex 61.95 34.75 2.4
      vertex 60.791 26.291 2.4
      vertex 61.0203 26.0225 2.4
    endloop
  endfacet
  facet normal 0 0 1
    outer loop
      vertex 61.95 34.75 2.4
      vertex 60.75 35.95 2.4
      vertex 58.848 26.9223 2.4
    endloop
  endfacet
  facet normal 0 0 1
    outer loop
      vertex 61.95 34.75 2.4
      vertex 60.5225 26.5203 2.4
      vertex 60.791 26.291 2.4
    endloop
  endfacet
  facet normal 0 0 1
    outer loop
      vertex 61.95 34.75 2.4
      vertex 60.2215 26.7048 2.4
      vertex 60.5225 26.5203 2.4
    endloop
  endfacet
  facet normal 0 0 1
    outer loop
      vertex 61.95 34.75 2.4
      vertex 59.8953 26.8399 2.4
      vertex 60.2215 26.7048 2.4
    endloop
  endfacet
  facet normal 0 0 1
    outer loop
      vertex 61.95 34.75 2.4
      vertex 59.552 26.9223 2.4
      vertex 59.8953 26.8399 2.4
    endloop
  endfacet
  facet normal 0 0 1
    outer loop
      vertex 61.95 34.75 2.4
      vertex 59.2 26.95 2.4
      vertex 59.552 26.9223 2.4
    endloop
  endfacet
  facet normal 0 0 1
    outer loop
      vertex 61.95 34.75 2.4
      vertex 58.848 26.9223 2.4
      vertex 59.2 26.95 2.4
    endloop
  endfacet
  facet normal 0 0 1
    outer loop
      vertex 60.75 35.95 2.4
      vertex 58.5047 26.8399 2.4
      vertex 58.848 26.9223 2.4
    endloop
  endfacet
  facet normal 0 0 1
    outer loop
      vertex 60.75 35.95 2.4
      vertex 58.1785 26.7048 2.4
      vertex 58.5047 26.8399 2.4
    endloop
  endfacet
  facet normal 0 0 1
    outer loop
      vertex 60.75 35.95 2.4
      vertex 57.8775 26.5203 2.4
      vertex 58.1785 26.7048 2.4
    endloop
  endfacet
  facet normal 0 0 1
    outer loop
      vertex 60.75 35.95 2.4
      vertex 57.609 26.291 2.4
      vertex 57.8775 26.5203 2.4
    endloop
  endfacet
  facet normal 0 0 1
    outer loop
      vertex 60.75 35.95 2.4
      vertex 57.3797 26.0225 2.4
      vertex 57.609 26.291 2.4
    endloop
  endfacet
  facet normal 0 0 1
    outer loop
      vertex 60.75 35.95 2.4
      vertex 57.1952 25.7215 2.4
      vertex 57.3797 26.0225 2.4
    endloop
  endfacet
  facet normal 0 0 1
    outer loop
      vertex 14.2048 25.7215 2.4
      vertex 57.1952 25.7215 2.4
      vertex 60.75 35.95 2.4
    endloop
  endfacet
  facet normal 0 0 1
    outer loop
      vertex 56.9777 24.348 2.4
      vertex 14.4223 24.348 2.4
      vertex 56.9777 13.652 2.4
    endloop
  endfacet
  facet normal 0 0 1
    outer loop
      vertex 56.9777 25.052 2.4
      vertex 14.45 24.7 2.4
      vertex 56.95 24.7 2.4
    endloop
  endfacet
  facet normal 0 0 1
    outer loop
      vertex 14.4223 25.052 2.4
      vertex 56.9777 25.052 2.4
      vertex 57.0601 25.3953 2.4
    endloop
  endfacet
  facet normal 0 0 1
    outer loop
      vertex 57.1952 25.7215 2.4
      vertex 14.2048 25.7215 2.4
      vertex 57.0601 25.3953 2.4
    endloop
  endfacet
  facet normal 0 0 1
    outer loop
      vertex 56.9777 25.052 2.4
      vertex 14.4223 25.052 2.4
      vertex 14.45 24.7 2.4
    endloop
  endfacet
  facet normal 0 0 1
    outer loop
      vertex 57.0601 25.3953 2.4
      vertex 14.3399 25.3953 2.4
      vertex 14.4223 25.052 2.4
    endloop
  endfacet
  facet normal 0 0 1
    outer loop
      vertex 57.0601 25.3953 2.4
      vertex 14.2048 25.7215 2.4
      vertex 14.3399 25.3953 2.4
    endloop
  endfacet
  facet normal 0 0 1
    outer loop
      vertex 60.75 35.95 2.4
      vertex 14.0203 26.0225 2.4
      vertex 14.2048 25.7215 2.4
    endloop
  endfacet
  facet normal 0 0 1
    outer loop
      vertex 60.75 35.95 2.4
      vertex 13.791 26.291 2.4
      vertex 14.0203 26.0225 2.4
    endloop
  endfacet
  facet normal 0 0 1
    outer loop
      vertex 60.75 35.95 2.4
      vertex 13.5225 26.5203 2.4
      vertex 13.791 26.291 2.4
    endloop
  endfacet
  facet normal 0 0 1
    outer loop
      vertex 60.75 35.95 2.4
      vertex 13.2215 26.7048 2.4
      vertex 13.5225 26.5203 2.4
    endloop
  endfacet
  facet normal -0 0 1
    outer loop
      vertex 3.25 35.95 2.4
      vertex 13.2215 26.7048 2.4
      vertex 60.75 35.95 2.4
    endloop
  endfacet
  facet normal 0 0 1
    outer loop
      vertex 13.2215 26.7048 2.4
      vertex 3.25 35.95 2.4
      vertex 12.8953 26.8399 2.4
    endloop
  endfacet
  facet normal 0 0 1
    outer loop
      vertex 12.8953 26.8399 2.4
      vertex 3.25 35.95 2.4
      vertex 12.552 26.9223 2.4
    endloop
  endfacet
  facet normal 0 0 1
    outer loop
      vertex 12.552 26.9223 2.4
      vertex 3.25 35.95 2.4
      vertex 12.2 26.95 2.4
    endloop
  endfacet
  facet normal 0 0 1
    outer loop
      vertex 9.9777 25.052 2.4
      vertex 2.05 34.75 2.4
      vertex 9.95 24.7 2.4
    endloop
  endfacet
  facet normal 0 0 1
    outer loop
      vertex 10.0601 25.3953 2.4
      vertex 2.05 34.75 2.4
      vertex 9.9777 25.052 2.4
    endloop
  endfacet
  facet normal 0 0 1
    outer loop
      vertex 10.1952 25.7215 2.4
      vertex 2.05 34.75 2.4
      vertex 10.0601 25.3953 2.4
    endloop
  endfacet
  facet normal 0 0 1
    outer loop
      vertex 10.3797 26.0225 2.4
      vertex 2.05 34.75 2.4
      vertex 10.1952 25.7215 2.4
    endloop
  endfacet
  facet normal 0 0 1
    outer loop
      vertex 10.609 26.291 2.4
      vertex 2.05 34.75 2.4
      vertex 10.3797 26.0225 2.4
    endloop
  endfacet
  facet normal 0 0 1
    outer loop
      vertex 10.8775 26.5203 2.4
      vertex 2.05 34.75 2.4
      vertex 10.609 26.291 2.4
    endloop
  endfacet
  facet normal -0 0 1
    outer loop
      vertex 2.05 34.75 2.4
      vertex 10.8775 26.5203 2.4
      vertex 3.25 35.95 2.4
    endloop
  endfacet
  facet normal 0 0 1
    outer loop
      vertex 11.1785 26.7048 2.4
      vertex 3.25 35.95 2.4
      vertex 10.8775 26.5203 2.4
    endloop
  endfacet
  facet normal 0 0 1
    outer loop
      vertex 11.5047 26.8399 2.4
      vertex 3.25 35.95 2.4
      vertex 11.1785 26.7048 2.4
    endloop
  endfacet
  facet normal 0 0 1
    outer loop
      vertex 11.848 26.9223 2.4
      vertex 3.25 35.95 2.4
      vertex 11.5047 26.8399 2.4
    endloop
  endfacet
  facet normal 0 0 1
    outer loop
      vertex 12.2 26.95 2.4
      vertex 3.25 35.95 2.4
      vertex 11.848 26.9223 2.4
    endloop
  endfacet
  facet normal -0 0 1
    outer loop
      vertex 60.5225 11.4797 2.4
      vertex 61.95 3.25 2.4
      vertex 60.791 11.709 2.4
    endloop
  endfacet
  facet normal -0 0 1
    outer loop
      vertex 60.2215 11.2952 2.4
      vertex 61.95 3.25 2.4
      vertex 60.5225 11.4797 2.4
    endloop
  endfacet
  facet normal -0 0 1
    outer loop
      vertex 59.8953 11.1601 2.4
      vertex 61.95 3.25 2.4
      vertex 60.2215 11.2952 2.4
    endloop
  endfacet
  facet normal -0 0 1
    outer loop
      vertex 59.552 11.0777 2.4
      vertex 61.95 3.25 2.4
      vertex 59.8953 11.1601 2.4
    endloop
  endfacet
  facet normal -0 0 1
    outer loop
      vertex 59.2 11.05 2.4
      vertex 61.95 3.25 2.4
      vertex 59.552 11.0777 2.4
    endloop
  endfacet
  facet normal 0 0 1
    outer loop
      vertex 58.848 11.0777 2.4
      vertex 61.95 3.25 2.4
      vertex 59.2 11.05 2.4
    endloop
  endfacet
  facet normal 0 -0 1
    outer loop
      vertex 60.75 2.05 2.4
      vertex 61.95 3.25 2.4
      vertex 58.848 11.0777 2.4
    endloop
  endfacet
  facet normal 0 0 1
    outer loop
      vertex 61.95 3.25 2.4
      vertex 60.75 2.05 2.4
      vertex 61.9352 3.06228 2.4
    endloop
  endfacet
  facet normal 0 0 1
    outer loop
      vertex 61.8913 2.87918 2.4
      vertex 60.75 2.05 2.4
      vertex 61.8192 2.70521 2.4
    endloop
  endfacet
  facet normal 0 0 1
    outer loop
      vertex 61.8192 2.70521 2.4
      vertex 60.75 2.05 2.4
      vertex 61.7208 2.54466 2.4
    endloop
  endfacet
  facet normal 0 0 1
    outer loop
      vertex 61.5985 2.40147 2.4
      vertex 60.75 2.05 2.4
      vertex 61.4553 2.27918 2.4
    endloop
  endfacet
  facet normal 0 0 1
    outer loop
      vertex 61.4553 2.27918 2.4
      vertex 60.75 2.05 2.4
      vertex 61.2948 2.18079 2.4
    endloop
  endfacet
  facet normal 0 0 1
    outer loop
      vertex 61.2948 2.18079 2.4
      vertex 60.75 2.05 2.4
      vertex 61.1208 2.10873 2.4
    endloop
  endfacet
  facet normal 0 0 1
    outer loop
      vertex 61.1208 2.10873 2.4
      vertex 60.75 2.05 2.4
      vertex 60.9377 2.06477 2.4
    endloop
  endfacet
  facet normal 0 0 1
    outer loop
      vertex 61.7208 2.54466 2.4
      vertex 60.75 2.05 2.4
      vertex 61.5985 2.40147 2.4
    endloop
  endfacet
  facet normal 0 0 1
    outer loop
      vertex 61.9352 3.06228 2.4
      vertex 60.75 2.05 2.4
      vertex 61.8913 2.87918 2.4
    endloop
  endfacet
  facet normal 0 0 1
    outer loop
      vertex 58.5047 11.1601 2.4
      vertex 60.75 2.05 2.4
      vertex 58.848 11.0777 2.4
    endloop
  endfacet
  facet normal 0 0 1
    outer loop
      vertex 58.1785 11.2952 2.4
      vertex 60.75 2.05 2.4
      vertex 58.5047 11.1601 2.4
    endloop
  endfacet
  facet normal 0 0 1
    outer loop
      vertex 57.8775 11.4797 2.4
      vertex 60.75 2.05 2.4
      vertex 58.1785 11.2952 2.4
    endloop
  endfacet
  facet normal 0 0 1
    outer loop
      vertex 57.609 11.709 2.4
      vertex 60.75 2.05 2.4
      vertex 57.8775 11.4797 2.4
    endloop
  endfacet
  facet normal 0 0 1
    outer loop
      vertex 57.3797 11.9775 2.4
      vertex 60.75 2.05 2.4
      vertex 57.609 11.709 2.4
    endloop
  endfacet
  facet normal 0 0 1
    outer loop
      vertex 57.1952 12.2785 2.4
      vertex 60.75 2.05 2.4
      vertex 57.3797 11.9775 2.4
    endloop
  endfacet
  facet normal 0 0 1
    outer loop
      vertex 14.2048 12.2785 2.4
      vertex 57.1952 12.2785 2.4
      vertex 57.0601 12.6047 2.4
    endloop
  endfacet
  facet normal 0 0 1
    outer loop
      vertex 56.9777 13.652 2.4
      vertex 14.45 13.3 2.4
      vertex 56.95 13.3 2.4
    endloop
  endfacet
  facet normal 0 0 1
    outer loop
      vertex 56.95 13.3 2.4
      vertex 14.45 13.3 2.4
      vertex 56.9777 12.948 2.4
    endloop
  endfacet
  facet normal 0 0 1
    outer loop
      vertex 14.4223 12.948 2.4
      vertex 56.9777 12.948 2.4
      vertex 14.45 13.3 2.4
    endloop
  endfacet
  facet normal 0 0 1
    outer loop
      vertex 56.9777 12.948 2.4
      vertex 14.4223 12.948 2.4
      vertex 57.0601 12.6047 2.4
    endloop
  endfacet
  facet normal 0 0 1
    outer loop
      vertex 14.3399 12.6047 2.4
      vertex 57.0601 12.6047 2.4
      vertex 14.4223 12.948 2.4
    endloop
  endfacet
  facet normal 0 0 1
    outer loop
      vertex 14.2048 12.2785 2.4
      vertex 57.0601 12.6047 2.4
      vertex 14.3399 12.6047 2.4
    endloop
  endfacet
  facet normal 0 0 1
    outer loop
      vertex 57.1952 12.2785 2.4
      vertex 14.2048 12.2785 2.4
      vertex 60.75 2.05 2.4
    endloop
  endfacet
  facet normal -0 0 1
    outer loop
      vertex 14.0203 11.9775 2.4
      vertex 60.75 2.05 2.4
      vertex 14.2048 12.2785 2.4
    endloop
  endfacet
  facet normal -0 0 1
    outer loop
      vertex 13.791 11.709 2.4
      vertex 60.75 2.05 2.4
      vertex 14.0203 11.9775 2.4
    endloop
  endfacet
  facet normal -0 0 1
    outer loop
      vertex 13.5225 11.4797 2.4
      vertex 60.75 2.05 2.4
      vertex 13.791 11.709 2.4
    endloop
  endfacet
  facet normal -0 0 1
    outer loop
      vertex 13.2215 11.2952 2.4
      vertex 60.75 2.05 2.4
      vertex 13.5225 11.4797 2.4
    endloop
  endfacet
  facet normal 0 0 1
    outer loop
      vertex 3.25 2.05 2.4
      vertex 13.2215 11.2952 2.4
      vertex 12.8953 11.1601 2.4
    endloop
  endfacet
  facet normal 0 0 1
    outer loop
      vertex 3.25 2.05 2.4
      vertex 12.8953 11.1601 2.4
      vertex 12.552 11.0777 2.4
    endloop
  endfacet
  facet normal 0 0 1
    outer loop
      vertex 3.25 2.05 2.4
      vertex 12.552 11.0777 2.4
      vertex 12.2 11.05 2.4
    endloop
  endfacet
  facet normal 0 0 1
    outer loop
      vertex 3.25 2.05 2.4
      vertex 12.2 11.05 2.4
      vertex 11.848 11.0777 2.4
    endloop
  endfacet
  facet normal 0 0 1
    outer loop
      vertex 10.0601 13.9953 2.4
      vertex 2.05 3.25 2.4
      vertex 9.9777 13.652 2.4
    endloop
  endfacet
  facet normal 0 0 1
    outer loop
      vertex 9.9777 13.652 2.4
      vertex 2.05 3.25 2.4
      vertex 9.95 13.3 2.4
    endloop
  endfacet
  facet normal 0 0 1
    outer loop
      vertex 13.2215 11.2952 2.4
      vertex 3.25 2.05 2.4
      vertex 60.75 2.05 2.4
    endloop
  endfacet
  facet normal 0 0 1
    outer loop
      vertex 11.5047 11.1601 2.4
      vertex 3.25 2.05 2.4
      vertex 11.848 11.0777 2.4
    endloop
  endfacet
  facet normal 0 0 1
    outer loop
      vertex 11.1785 11.2952 2.4
      vertex 3.25 2.05 2.4
      vertex 11.5047 11.1601 2.4
    endloop
  endfacet
  facet normal 0 0 1
    outer loop
      vertex 10.8775 11.4797 2.4
      vertex 3.25 2.05 2.4
      vertex 11.1785 11.2952 2.4
    endloop
  endfacet
  facet normal 0 0 1
    outer loop
      vertex 2.05 3.25 2.4
      vertex 10.8775 11.4797 2.4
      vertex 10.609 11.709 2.4
    endloop
  endfacet
  facet normal 0 0 1
    outer loop
      vertex 2.05 3.25 2.4
      vertex 10.609 11.709 2.4
      vertex 10.3797 11.9775 2.4
    endloop
  endfacet
  facet normal 0 0 1
    outer loop
      vertex 2.05 3.25 2.4
      vertex 10.3797 11.9775 2.4
      vertex 10.1952 12.2785 2.4
    endloop
  endfacet
  facet normal 0 0 1
    outer loop
      vertex 2.05 3.25 2.4
      vertex 10.1952 12.2785 2.4
      vertex 10.0601 12.6047 2.4
    endloop
  endfacet
  facet normal 0 0 1
    outer loop
      vertex 9.95 13.3 2.4
      vertex 2.05 3.25 2.4
      vertex 9.9777 12.948 2.4
    endloop
  endfacet
  facet normal 0 0 1
    outer loop
      vertex 2.05 34.75 2.4
      vertex 3.25 35.95 2.4
      vertex 3.06228 35.9352 2.4
    endloop
  endfacet
  facet normal 0 0 1
    outer loop
      vertex 9.9777 12.948 2.4
      vertex 2.05 3.25 2.4
      vertex 10.0601 12.6047 2.4
    endloop
  endfacet
  facet normal 0 0 1
    outer loop
      vertex 2.05 34.75 2.4
      vertex 3.06228 35.9352 2.4
      vertex 2.87918 35.8913 2.4
    endloop
  endfacet
  facet normal 0 0 1
    outer loop
      vertex 10.8775 11.4797 2.4
      vertex 2.05 3.25 2.4
      vertex 3.25 2.05 2.4
    endloop
  endfacet
  facet normal 0 0 1
    outer loop
      vertex 2.05 34.75 2.4
      vertex 2.87918 35.8913 2.4
      vertex 2.70521 35.8192 2.4
    endloop
  endfacet
  facet normal 0 0 1
    outer loop
      vertex 3.25 2.05 2.4
      vertex 2.05 3.25 2.4
      vertex 3.06228 2.06477 2.4
    endloop
  endfacet
  facet normal 0 0 1
    outer loop
      vertex 2.05 34.75 2.4
      vertex 2.70521 35.8192 2.4
      vertex 2.54466 35.7208 2.4
    endloop
  endfacet
  facet normal 0 0 1
    outer loop
      vertex 3.06228 2.06477 2.4
      vertex 2.05 3.25 2.4
      vertex 2.87918 2.10873 2.4
    endloop
  endfacet
  facet normal 0 0 1
    outer loop
      vertex 2.05 34.75 2.4
      vertex 2.54466 35.7208 2.4
      vertex 2.40147 35.5985 2.4
    endloop
  endfacet
  facet normal 0 0 1
    outer loop
      vertex 2.87918 2.10873 2.4
      vertex 2.05 3.25 2.4
      vertex 2.70521 2.18079 2.4
    endloop
  endfacet
  facet normal 0 0 1
    outer loop
      vertex 2.05 34.75 2.4
      vertex 2.40147 35.5985 2.4
      vertex 2.27918 35.4553 2.4
    endloop
  endfacet
  facet normal 0 0 1
    outer loop
      vertex 2.70521 2.18079 2.4
      vertex 2.05 3.25 2.4
      vertex 2.54466 2.27918 2.4
    endloop
  endfacet
  facet normal 0 0 1
    outer loop
      vertex 2.05 34.75 2.4
      vertex 2.27918 35.4553 2.4
      vertex 2.18079 35.2948 2.4
    endloop
  endfacet
  facet normal 0 0 1
    outer loop
      vertex 2.54466 2.27918 2.4
      vertex 2.05 3.25 2.4
      vertex 2.40147 2.40147 2.4
    endloop
  endfacet
  facet normal 0 0 1
    outer loop
      vertex 2.05 34.75 2.4
      vertex 2.18079 35.2948 2.4
      vertex 2.10873 35.1208 2.4
    endloop
  endfacet
  facet normal 0 0 1
    outer loop
      vertex 2.40147 2.40147 2.4
      vertex 2.05 3.25 2.4
      vertex 2.27918 2.54466 2.4
    endloop
  endfacet
  facet normal 0 0 1
    outer loop
      vertex 2.05 34.75 2.4
      vertex 2.10873 35.1208 2.4
      vertex 2.06477 34.9377 2.4
    endloop
  endfacet
  facet normal 0 0 1
    outer loop
      vertex 2.27918 2.54466 2.4
      vertex 2.05 3.25 2.4
      vertex 2.18079 2.70521 2.4
    endloop
  endfacet
  facet normal 0 0 1
    outer loop
      vertex 2.18079 2.70521 2.4
      vertex 2.05 3.25 2.4
      vertex 2.10873 2.87918 2.4
    endloop
  endfacet
  facet normal 0 0 1
    outer loop
      vertex 2.10873 2.87918 2.4
      vertex 2.05 3.25 2.4
      vertex 2.06477 3.06228 2.4
    endloop
  endfacet
  facet normal 0.760417 0.649435 0
    outer loop
      vertex 61.7208 35.4553 2.4
      vertex 61.5985 35.5985 0
      vertex 61.5985 35.5985 2.4
    endloop
  endfacet
  facet normal 0.760417 0.649435 0
    outer loop
      vertex 61.5985 35.5985 0
      vertex 61.7208 35.4553 2.4
      vertex 61.7208 35.4553 0
    endloop
  endfacet
  facet normal 0.97244 0.233152 0
    outer loop
      vertex 61.9352 34.9377 2.4
      vertex 61.8913 35.1208 0
      vertex 61.8913 35.1208 2.4
    endloop
  endfacet
  facet normal 0.97244 0.233152 0
    outer loop
      vertex 61.8913 35.1208 0
      vertex 61.9352 34.9377 2.4
      vertex 61.9352 34.9377 0
    endloop
  endfacet
  facet normal 0.522674 0.852533 -0
    outer loop
      vertex 61.4553 35.7208 0
      vertex 61.2948 35.8192 2.4
      vertex 61.4553 35.7208 2.4
    endloop
  endfacet
  facet normal 0.522674 0.852533 0
    outer loop
      vertex 61.2948 35.8192 2.4
      vertex 61.4553 35.7208 0
      vertex 61.2948 35.8192 0
    endloop
  endfacet
  facet normal -0.852556 0.522636 0
    outer loop
      vertex 2.18079 35.2948 0
      vertex 2.27918 35.4553 2.4
      vertex 2.27918 35.4553 0
    endloop
  endfacet
  facet normal -0.852556 0.522636 0
    outer loop
      vertex 2.27918 35.4553 2.4
      vertex 2.18079 35.2948 0
      vertex 2.18079 35.2948 2.4
    endloop
  endfacet
  facet normal -0.852629 -0.522517 0
    outer loop
      vertex 2.27918 2.54466 0
      vertex 2.18079 2.70521 2.4
      vertex 2.18079 2.70521 0
    endloop
  endfacet
  facet normal -0.852629 -0.522517 0
    outer loop
      vertex 2.18079 2.70521 2.4
      vertex 2.27918 2.54466 0
      vertex 2.27918 2.54466 2.4
    endloop
  endfacet
  facet normal -0.760444 0.649404 0
    outer loop
      vertex 2.27918 35.4553 0
      vertex 2.40147 35.5985 2.4
      vertex 2.40147 35.5985 0
    endloop
  endfacet
  facet normal -0.760444 0.649404 0
    outer loop
      vertex 2.40147 35.5985 2.4
      vertex 2.27918 35.4553 0
      vertex 2.27918 35.4553 2.4
    endloop
  endfacet
  facet normal 0.852605 -0.522556 0
    outer loop
      vertex 61.7208 2.54466 2.4
      vertex 61.8192 2.70521 0
      vertex 61.8192 2.70521 2.4
    endloop
  endfacet
  facet normal 0.852605 -0.522556 0
    outer loop
      vertex 61.8192 2.70521 0
      vertex 61.7208 2.54466 2.4
      vertex 61.7208 2.54466 0
    endloop
  endfacet
  facet normal -0.649461 0.760395 0
    outer loop
      vertex 2.54466 35.7208 0
      vertex 2.40147 35.5985 2.4
      vertex 2.54466 35.7208 2.4
    endloop
  endfacet
  facet normal -0.649461 0.760395 0
    outer loop
      vertex 2.40147 35.5985 2.4
      vertex 2.54466 35.7208 0
      vertex 2.40147 35.5985 0
    endloop
  endfacet
  facet normal 0.233373 0.972387 -0
    outer loop
      vertex 59.0514 23.7617 1.2
      vertex 58.9064 23.7965 5
      vertex 59.0514 23.7617 5
    endloop
  endfacet
  facet normal 0.233373 0.972387 0
    outer loop
      vertex 58.9064 23.7965 5
      vertex 59.0514 23.7617 1.2
      vertex 58.9064 23.7965 1.2
    endloop
  endfacet
  facet normal -0.972387 -0.233373 0
    outer loop
      vertex 60.1383 24.8486 1.2
      vertex 60.1035 24.9936 5
      vertex 60.1035 24.9936 1.2
    endloop
  endfacet
  facet normal -0.972387 -0.233373 0
    outer loop
      vertex 60.1035 24.9936 5
      vertex 60.1383 24.8486 1.2
      vertex 60.1383 24.8486 5
    endloop
  endfacet
  facet normal -0.996915 -0.0784919 0
    outer loop
      vertex 60.15 24.7 1.2
      vertex 60.1383 24.8486 5
      vertex 60.1383 24.8486 1.2
    endloop
  endfacet
  facet normal -0.996915 -0.0784919 0
    outer loop
      vertex 60.1383 24.8486 5
      vertex 60.15 24.7 1.2
      vertex 60.15 24.7 5
    endloop
  endfacet
  facet normal -0.38247 0.923968 0
    outer loop
      vertex 59.6313 23.8535 1.2
      vertex 59.4936 23.7965 5
      vertex 59.6313 23.8535 5
    endloop
  endfacet
  facet normal -0.38247 0.923968 0
    outer loop
      vertex 59.4936 23.7965 5
      vertex 59.6313 23.8535 1.2
      vertex 59.4936 23.7965 1.2
    endloop
  endfacet
  facet normal -0.0784919 -0.996915 0
    outer loop
      vertex 59.2 25.65 1.2
      vertex 59.3486 25.6383 5
      vertex 59.2 25.65 5
    endloop
  endfacet
  facet normal -0.0784919 -0.996915 -0
    outer loop
      vertex 59.3486 25.6383 5
      vertex 59.2 25.65 1.2
      vertex 59.3486 25.6383 1.2
    endloop
  endfacet
  facet normal -0.522562 -0.852601 0
    outer loop
      vertex 59.6313 25.5465 1.2
      vertex 59.7584 25.4686 5
      vertex 59.6313 25.5465 5
    endloop
  endfacet
  facet normal -0.522562 -0.852601 -0
    outer loop
      vertex 59.7584 25.4686 5
      vertex 59.6313 25.5465 1.2
      vertex 59.7584 25.4686 1.2
    endloop
  endfacet
  facet normal -0.649962 -0.759966 0
    outer loop
      vertex 59.7584 25.4686 1.2
      vertex 59.8717 25.3717 5
      vertex 59.7584 25.4686 5
    endloop
  endfacet
  facet normal -0.649962 -0.759966 -0
    outer loop
      vertex 59.8717 25.3717 5
      vertex 59.7584 25.4686 1.2
      vertex 59.8717 25.3717 1.2
    endloop
  endfacet
  facet normal 0.38247 0.923968 -0
    outer loop
      vertex 58.9064 23.7965 1.2
      vertex 58.7687 23.8535 5
      vertex 58.9064 23.7965 5
    endloop
  endfacet
  facet normal 0.38247 0.923968 0
    outer loop
      vertex 58.7687 23.8535 5
      vertex 58.9064 23.7965 1.2
      vertex 58.7687 23.8535 1.2
    endloop
  endfacet
  facet normal 0.0784919 -0.996915 0
    outer loop
      vertex 59.0514 25.6383 1.2
      vertex 59.2 25.65 5
      vertex 59.0514 25.6383 5
    endloop
  endfacet
  facet normal 0.0784919 -0.996915 0
    outer loop
      vertex 59.2 25.65 5
      vertex 59.0514 25.6383 1.2
      vertex 59.2 25.65 1.2
    endloop
  endfacet
  facet normal 0.649631 -0.76025 0
    outer loop
      vertex 58.5282 25.3717 1.2
      vertex 58.6416 25.4686 5
      vertex 58.5282 25.3717 5
    endloop
  endfacet
  facet normal 0.649631 -0.76025 0
    outer loop
      vertex 58.6416 25.4686 5
      vertex 58.5282 25.3717 1.2
      vertex 58.6416 25.4686 1.2
    endloop
  endfacet
  facet normal 0.852601 -0.522562 0
    outer loop
      vertex 58.3535 25.1313 5
      vertex 58.4314 25.2584 1.2
      vertex 58.4314 25.2584 5
    endloop
  endfacet
  facet normal 0.852601 -0.522562 0
    outer loop
      vertex 58.4314 25.2584 1.2
      vertex 58.3535 25.1313 5
      vertex 58.3535 25.1313 1.2
    endloop
  endfacet
  facet normal 0.852601 0.522562 0
    outer loop
      vertex 58.4314 24.1416 5
      vertex 58.3535 24.2687 1.2
      vertex 58.3535 24.2687 5
    endloop
  endfacet
  facet normal 0.852601 0.522562 0
    outer loop
      vertex 58.3535 24.2687 1.2
      vertex 58.4314 24.1416 5
      vertex 58.4314 24.1416 1.2
    endloop
  endfacet
  facet normal 0.38247 -0.923968 0
    outer loop
      vertex 58.7687 25.5465 1.2
      vertex 58.9064 25.6035 5
      vertex 58.7687 25.5465 5
    endloop
  endfacet
  facet normal 0.38247 -0.923968 0
    outer loop
      vertex 58.9064 25.6035 5
      vertex 58.7687 25.5465 1.2
      vertex 58.9064 25.6035 1.2
    endloop
  endfacet
  facet normal -0.233373 0.972387 0
    outer loop
      vertex 59.4936 23.7965 1.2
      vertex 59.3486 23.7617 5
      vertex 59.4936 23.7965 5
    endloop
  endfacet
  facet normal -0.233373 0.972387 0
    outer loop
      vertex 59.3486 23.7617 5
      vertex 59.4936 23.7965 1.2
      vertex 59.3486 23.7617 1.2
    endloop
  endfacet
  facet normal 0.760298 -0.649575 0
    outer loop
      vertex 58.4314 25.2584 5
      vertex 58.5282 25.3717 1.2
      vertex 58.5282 25.3717 5
    endloop
  endfacet
  facet normal 0.760298 -0.649575 0
    outer loop
      vertex 58.5282 25.3717 1.2
      vertex 58.4314 25.2584 5
      vertex 58.4314 25.2584 1.2
    endloop
  endfacet
  facet normal -0.759966 -0.649962 0
    outer loop
      vertex 59.9686 25.2584 1.2
      vertex 59.8717 25.3717 5
      vertex 59.8717 25.3717 1.2
    endloop
  endfacet
  facet normal -0.759966 -0.649962 0
    outer loop
      vertex 59.8717 25.3717 5
      vertex 59.9686 25.2584 1.2
      vertex 59.9686 25.2584 5
    endloop
  endfacet
  facet normal 0.233373 -0.972387 0
    outer loop
      vertex 58.9064 25.6035 1.2
      vertex 59.0514 25.6383 5
      vertex 58.9064 25.6035 5
    endloop
  endfacet
  facet normal 0.233373 -0.972387 0
    outer loop
      vertex 59.0514 25.6383 5
      vertex 58.9064 25.6035 1.2
      vertex 59.0514 25.6383 1.2
    endloop
  endfacet
  facet normal 0.972387 -0.233373 0
    outer loop
      vertex 58.2617 24.8486 5
      vertex 58.2965 24.9936 1.2
      vertex 58.2965 24.9936 5
    endloop
  endfacet
  facet normal 0.972387 -0.233373 0
    outer loop
      vertex 58.2965 24.9936 1.2
      vertex 58.2617 24.8486 5
      vertex 58.2617 24.8486 1.2
    endloop
  endfacet
  facet normal -0.76025 0.649631 0
    outer loop
      vertex 59.8717 24.0282 1.2
      vertex 59.9686 24.1416 5
      vertex 59.9686 24.1416 1.2
    endloop
  endfacet
  facet normal -0.76025 0.649631 0
    outer loop
      vertex 59.9686 24.1416 5
      vertex 59.8717 24.0282 1.2
      vertex 59.8717 24.0282 5
    endloop
  endfacet
  facet normal 0.996915 -0.0784919 0
    outer loop
      vertex 58.25 24.7 5
      vertex 58.2617 24.8486 1.2
      vertex 58.2617 24.8486 5
    endloop
  endfacet
  facet normal 0.996915 -0.0784919 0
    outer loop
      vertex 58.2617 24.8486 1.2
      vertex 58.25 24.7 5
      vertex 58.25 24.7 1.2
    endloop
  endfacet
  facet normal -0.233373 -0.972387 0
    outer loop
      vertex 59.3486 25.6383 1.2
      vertex 59.4936 25.6035 5
      vertex 59.3486 25.6383 5
    endloop
  endfacet
  facet normal -0.233373 -0.972387 -0
    outer loop
      vertex 59.4936 25.6035 5
      vertex 59.3486 25.6383 1.2
      vertex 59.4936 25.6035 1.2
    endloop
  endfacet
  facet normal 0.972387 0.233373 0
    outer loop
      vertex 58.2965 24.4064 5
      vertex 58.2617 24.5514 1.2
      vertex 58.2617 24.5514 5
    endloop
  endfacet
  facet normal 0.972387 0.233373 0
    outer loop
      vertex 58.2617 24.5514 1.2
      vertex 58.2965 24.4064 5
      vertex 58.2965 24.4064 1.2
    endloop
  endfacet
  facet normal 0.522562 -0.852601 0
    outer loop
      vertex 58.6416 25.4686 1.2
      vertex 58.7687 25.5465 5
      vertex 58.6416 25.4686 5
    endloop
  endfacet
  facet normal 0.522562 -0.852601 0
    outer loop
      vertex 58.7687 25.5465 5
      vertex 58.6416 25.4686 1.2
      vertex 58.7687 25.5465 1.2
    endloop
  endfacet
  facet normal -0.0784919 0.996915 0
    outer loop
      vertex 59.3486 23.7617 1.2
      vertex 59.2 23.75 5
      vertex 59.3486 23.7617 5
    endloop
  endfacet
  facet normal -0.0784919 0.996915 0
    outer loop
      vertex 59.2 23.75 5
      vertex 59.3486 23.7617 1.2
      vertex 59.2 23.75 1.2
    endloop
  endfacet
  facet normal 0.0784919 0.996915 -0
    outer loop
      vertex 59.2 23.75 1.2
      vertex 59.0514 23.7617 5
      vertex 59.2 23.75 5
    endloop
  endfacet
  facet normal 0.0784919 0.996915 0
    outer loop
      vertex 59.0514 23.7617 5
      vertex 59.2 23.75 1.2
      vertex 59.0514 23.7617 1.2
    endloop
  endfacet
  facet normal -0.996915 0.0784919 0
    outer loop
      vertex 60.1383 24.5514 1.2
      vertex 60.15 24.7 5
      vertex 60.15 24.7 1.2
    endloop
  endfacet
  facet normal -0.996915 0.0784919 0
    outer loop
      vertex 60.15 24.7 5
      vertex 60.1383 24.5514 1.2
      vertex 60.1383 24.5514 5
    endloop
  endfacet
  facet normal -0.972387 0.233373 0
    outer loop
      vertex 60.1035 24.4064 1.2
      vertex 60.1383 24.5514 5
      vertex 60.1383 24.5514 1.2
    endloop
  endfacet
  facet normal -0.972387 0.233373 0
    outer loop
      vertex 60.1383 24.5514 5
      vertex 60.1035 24.4064 1.2
      vertex 60.1035 24.4064 5
    endloop
  endfacet
  facet normal -0.923968 0.38247 0
    outer loop
      vertex 60.0465 24.2687 1.2
      vertex 60.1035 24.4064 5
      vertex 60.1035 24.4064 1.2
    endloop
  endfacet
  facet normal -0.923968 0.38247 0
    outer loop
      vertex 60.1035 24.4064 5
      vertex 60.0465 24.2687 1.2
      vertex 60.0465 24.2687 5
    endloop
  endfacet
  facet normal -0.852601 0.522562 0
    outer loop
      vertex 59.9686 24.1416 1.2
      vertex 60.0465 24.2687 5
      vertex 60.0465 24.2687 1.2
    endloop
  endfacet
  facet normal -0.852601 0.522562 0
    outer loop
      vertex 60.0465 24.2687 5
      vertex 59.9686 24.1416 1.2
      vertex 59.9686 24.1416 5
    endloop
  endfacet
  facet normal 0.923968 0.38247 0
    outer loop
      vertex 58.3535 24.2687 5
      vertex 58.2965 24.4064 1.2
      vertex 58.2965 24.4064 5
    endloop
  endfacet
  facet normal 0.923968 0.38247 0
    outer loop
      vertex 58.2965 24.4064 1.2
      vertex 58.3535 24.2687 5
      vertex 58.3535 24.2687 1.2
    endloop
  endfacet
  facet normal -0.923968 -0.38247 0
    outer loop
      vertex 60.1035 24.9936 1.2
      vertex 60.0465 25.1313 5
      vertex 60.0465 25.1313 1.2
    endloop
  endfacet
  facet normal -0.923968 -0.38247 0
    outer loop
      vertex 60.0465 25.1313 5
      vertex 60.1035 24.9936 1.2
      vertex 60.1035 24.9936 5
    endloop
  endfacet
  facet normal -0.38247 -0.923968 0
    outer loop
      vertex 59.4936 25.6035 1.2
      vertex 59.6313 25.5465 5
      vertex 59.4936 25.6035 5
    endloop
  endfacet
  facet normal -0.38247 -0.923968 -0
    outer loop
      vertex 59.6313 25.5465 5
      vertex 59.4936 25.6035 1.2
      vertex 59.6313 25.5465 1.2
    endloop
  endfacet
  facet normal 0.522562 0.852601 -0
    outer loop
      vertex 58.7687 23.8535 1.2
      vertex 58.6416 23.9314 5
      vertex 58.7687 23.8535 5
    endloop
  endfacet
  facet normal 0.522562 0.852601 0
    outer loop
      vertex 58.6416 23.9314 5
      vertex 58.7687 23.8535 1.2
      vertex 58.6416 23.9314 1.2
    endloop
  endfacet
  facet normal 0.649243 0.760581 -0
    outer loop
      vertex 58.6416 23.9314 1.2
      vertex 58.5282 24.0282 5
      vertex 58.6416 23.9314 5
    endloop
  endfacet
  facet normal 0.649243 0.760581 0
    outer loop
      vertex 58.5282 24.0282 5
      vertex 58.6416 23.9314 1.2
      vertex 58.5282 24.0282 1.2
    endloop
  endfacet
  facet normal -0.852601 -0.522562 0
    outer loop
      vertex 60.0465 25.1313 1.2
      vertex 59.9686 25.2584 5
      vertex 59.9686 25.2584 1.2
    endloop
  endfacet
  facet normal -0.852601 -0.522562 0
    outer loop
      vertex 59.9686 25.2584 5
      vertex 60.0465 25.1313 1.2
      vertex 60.0465 25.1313 5
    endloop
  endfacet
  facet normal -0.522562 0.852601 0
    outer loop
      vertex 59.7584 23.9314 1.2
      vertex 59.6313 23.8535 5
      vertex 59.7584 23.9314 5
    endloop
  endfacet
  facet normal -0.522562 0.852601 0
    outer loop
      vertex 59.6313 23.8535 5
      vertex 59.7584 23.9314 1.2
      vertex 59.6313 23.8535 1.2
    endloop
  endfacet
  facet normal 0.996915 0.0784919 0
    outer loop
      vertex 58.2617 24.5514 5
      vertex 58.25 24.7 1.2
      vertex 58.25 24.7 5
    endloop
  endfacet
  facet normal 0.996915 0.0784919 0
    outer loop
      vertex 58.25 24.7 1.2
      vertex 58.2617 24.5514 5
      vertex 58.2617 24.5514 1.2
    endloop
  endfacet
  facet normal -0.649575 0.760298 0
    outer loop
      vertex 59.8717 24.0282 1.2
      vertex 59.7584 23.9314 5
      vertex 59.8717 24.0282 5
    endloop
  endfacet
  facet normal -0.649575 0.760298 0
    outer loop
      vertex 59.7584 23.9314 5
      vertex 59.8717 24.0282 1.2
      vertex 59.7584 23.9314 1.2
    endloop
  endfacet
  facet normal 0.923968 -0.38247 0
    outer loop
      vertex 58.2965 24.9936 5
      vertex 58.3535 25.1313 1.2
      vertex 58.3535 25.1313 5
    endloop
  endfacet
  facet normal 0.923968 -0.38247 0
    outer loop
      vertex 58.3535 25.1313 1.2
      vertex 58.2965 24.9936 5
      vertex 58.2965 24.9936 1.2
    endloop
  endfacet
  facet normal 0.760581 0.649243 0
    outer loop
      vertex 58.5282 24.0282 5
      vertex 58.4314 24.1416 1.2
      vertex 58.4314 24.1416 5
    endloop
  endfacet
  facet normal 0.760581 0.649243 0
    outer loop
      vertex 58.4314 24.1416 1.2
      vertex 58.5282 24.0282 5
      vertex 58.5282 24.0282 1.2
    endloop
  endfacet
  facet normal -0.233529 0.97235 0
    outer loop
      vertex 59.7253 23.0832 0
      vertex 59.4659 23.0209 1.2
      vertex 59.7253 23.0832 1.2
    endloop
  endfacet
  facet normal -0.233529 0.97235 0
    outer loop
      vertex 59.4659 23.0209 1.2
      vertex 59.7253 23.0832 0
      vertex 59.4659 23.0209 0
    endloop
  endfacet
  facet normal -0.97235 -0.233529 0
    outer loop
      vertex 60.8791 24.9659 0
      vertex 60.8168 25.2253 1.2
      vertex 60.8168 25.2253 0
    endloop
  endfacet
  facet normal -0.97235 -0.233529 0
    outer loop
      vertex 60.8168 25.2253 1.2
      vertex 60.8791 24.9659 0
      vertex 60.8791 24.9659 1.2
    endloop
  endfacet
  facet normal -0.996925 -0.0783593 0
    outer loop
      vertex 60.9 24.7 0
      vertex 60.8791 24.9659 1.2
      vertex 60.8791 24.9659 0
    endloop
  endfacet
  facet normal -0.996925 -0.0783593 0
    outer loop
      vertex 60.8791 24.9659 1.2
      vertex 60.9 24.7 0
      vertex 60.9 24.7 1.2
    endloop
  endfacet
  facet normal 0.996925 -0.0783593 0
    outer loop
      vertex 57.5 24.7 1.2
      vertex 57.5209 24.9659 0
      vertex 57.5209 24.9659 1.2
    endloop
  endfacet
  facet normal 0.996925 -0.0783593 0
    outer loop
      vertex 57.5209 24.9659 0
      vertex 57.5 24.7 1.2
      vertex 57.5 24.7 0
    endloop
  endfacet
  facet normal 0.382672 0.923884 -0
    outer loop
      vertex 58.6747 23.0832 0
      vertex 58.4282 23.1853 1.2
      vertex 58.6747 23.0832 1.2
    endloop
  endfacet
  facet normal 0.382672 0.923884 0
    outer loop
      vertex 58.4282 23.1853 1.2
      vertex 58.6747 23.0832 0
      vertex 58.4282 23.1853 0
    endloop
  endfacet
  facet normal -0.649247 -0.760578 0
    outer loop
      vertex 60.1992 26.0753 0
      vertex 60.4021 25.9021 1.2
      vertex 60.1992 26.0753 1.2
    endloop
  endfacet
  facet normal -0.649247 -0.760578 -0
    outer loop
      vertex 60.4021 25.9021 1.2
      vertex 60.1992 26.0753 0
      vertex 60.4021 25.9021 0
    endloop
  endfacet
  facet normal -0.0783593 0.996925 0
    outer loop
      vertex 59.4659 23.0209 0
      vertex 59.2 23 1.2
      vertex 59.4659 23.0209 1.2
    endloop
  endfacet
  facet normal -0.0783593 0.996925 0
    outer loop
      vertex 59.2 23 1.2
      vertex 59.4659 23.0209 0
      vertex 59.2 23 0
    endloop
  endfacet
  facet normal 0.649247 -0.760578 0
    outer loop
      vertex 57.9979 25.9021 0
      vertex 58.2008 26.0753 1.2
      vertex 57.9979 25.9021 1.2
    endloop
  endfacet
  facet normal 0.649247 -0.760578 0
    outer loop
      vertex 58.2008 26.0753 1.2
      vertex 57.9979 25.9021 0
      vertex 58.2008 26.0753 0
    endloop
  endfacet
  facet normal -0.522632 -0.852558 0
    outer loop
      vertex 59.9718 26.2147 0
      vertex 60.1992 26.0753 1.2
      vertex 59.9718 26.2147 1.2
    endloop
  endfacet
  facet normal -0.522632 -0.852558 -0
    outer loop
      vertex 60.1992 26.0753 1.2
      vertex 59.9718 26.2147 0
      vertex 60.1992 26.0753 0
    endloop
  endfacet
  facet normal -0.382672 0.923884 0
    outer loop
      vertex 59.9718 23.1853 0
      vertex 59.7253 23.0832 1.2
      vertex 59.9718 23.1853 1.2
    endloop
  endfacet
  facet normal -0.382672 0.923884 0
    outer loop
      vertex 59.7253 23.0832 1.2
      vertex 59.9718 23.1853 0
      vertex 59.7253 23.0832 0
    endloop
  endfacet
  facet normal 0.0783593 -0.996925 0
    outer loop
      vertex 58.9341 26.3791 0
      vertex 59.2 26.4 1.2
      vertex 58.9341 26.3791 1.2
    endloop
  endfacet
  facet normal 0.0783593 -0.996925 0
    outer loop
      vertex 59.2 26.4 1.2
      vertex 58.9341 26.3791 0
      vertex 59.2 26.4 0
    endloop
  endfacet
  facet normal 0.996925 0.0783593 0
    outer loop
      vertex 57.5209 24.4341 1.2
      vertex 57.5 24.7 0
      vertex 57.5 24.7 1.2
    endloop
  endfacet
  facet normal 0.996925 0.0783593 0
    outer loop
      vertex 57.5 24.7 0
      vertex 57.5209 24.4341 1.2
      vertex 57.5209 24.4341 0
    endloop
  endfacet
  facet normal 0.522632 -0.852558 0
    outer loop
      vertex 58.2008 26.0753 0
      vertex 58.4282 26.2147 1.2
      vertex 58.2008 26.0753 1.2
    endloop
  endfacet
  facet normal 0.522632 -0.852558 0
    outer loop
      vertex 58.4282 26.2147 1.2
      vertex 58.2008 26.0753 0
      vertex 58.4282 26.2147 0
    endloop
  endfacet
  facet normal 0.97235 0.233529 0
    outer loop
      vertex 57.5832 24.1747 1.2
      vertex 57.5209 24.4341 0
      vertex 57.5209 24.4341 1.2
    endloop
  endfacet
  facet normal 0.97235 0.233529 0
    outer loop
      vertex 57.5209 24.4341 0
      vertex 57.5832 24.1747 1.2
      vertex 57.5832 24.1747 0
    endloop
  endfacet
  facet normal -0.852558 0.522632 0
    outer loop
      vertex 60.5753 23.7008 0
      vertex 60.7147 23.9282 1.2
      vertex 60.7147 23.9282 0
    endloop
  endfacet
  facet normal -0.852558 0.522632 0
    outer loop
      vertex 60.7147 23.9282 1.2
      vertex 60.5753 23.7008 0
      vertex 60.5753 23.7008 1.2
    endloop
  endfacet
  facet normal 0.97235 -0.233529 0
    outer loop
      vertex 57.5209 24.9659 1.2
      vertex 57.5832 25.2253 0
      vertex 57.5832 25.2253 1.2
    endloop
  endfacet
  facet normal 0.97235 -0.233529 0
    outer loop
      vertex 57.5832 25.2253 0
      vertex 57.5209 24.9659 1.2
      vertex 57.5209 24.9659 0
    endloop
  endfacet
  facet normal -0.522632 0.852558 0
    outer loop
      vertex 60.1992 23.3247 0
      vertex 59.9718 23.1853 1.2
      vertex 60.1992 23.3247 1.2
    endloop
  endfacet
  facet normal -0.522632 0.852558 0
    outer loop
      vertex 59.9718 23.1853 1.2
      vertex 60.1992 23.3247 0
      vertex 59.9718 23.1853 0
    endloop
  endfacet
  facet normal -0.923884 0.382672 0
    outer loop
      vertex 60.7147 23.9282 0
      vertex 60.8168 24.1747 1.2
      vertex 60.8168 24.1747 0
    endloop
  endfacet
  facet normal -0.923884 0.382672 0
    outer loop
      vertex 60.8168 24.1747 1.2
      vertex 60.7147 23.9282 0
      vertex 60.7147 23.9282 1.2
    endloop
  endfacet
  facet normal -0.233529 -0.97235 0
    outer loop
      vertex 59.4659 26.3791 0
      vertex 59.7253 26.3168 1.2
      vertex 59.4659 26.3791 1.2
    endloop
  endfacet
  facet normal -0.233529 -0.97235 -0
    outer loop
      vertex 59.7253 26.3168 1.2
      vertex 59.4659 26.3791 0
      vertex 59.7253 26.3168 0
    endloop
  endfacet
  facet normal 0.852558 -0.522632 0
    outer loop
      vertex 57.6853 25.4718 1.2
      vertex 57.8247 25.6992 0
      vertex 57.8247 25.6992 1.2
    endloop
  endfacet
  facet normal 0.852558 -0.522632 0
    outer loop
      vertex 57.8247 25.6992 0
      vertex 57.6853 25.4718 1.2
      vertex 57.6853 25.4718 0
    endloop
  endfacet
  facet normal -0.996925 0.0783593 0
    outer loop
      vertex 60.8791 24.4341 0
      vertex 60.9 24.7 1.2
      vertex 60.9 24.7 0
    endloop
  endfacet
  facet normal -0.996925 0.0783593 0
    outer loop
      vertex 60.9 24.7 1.2
      vertex 60.8791 24.4341 0
      vertex 60.8791 24.4341 1.2
    endloop
  endfacet
  facet normal 0.522632 0.852558 -0
    outer loop
      vertex 58.4282 23.1853 0
      vertex 58.2008 23.3247 1.2
      vertex 58.4282 23.1853 1.2
    endloop
  endfacet
  facet normal 0.522632 0.852558 0
    outer loop
      vertex 58.2008 23.3247 1.2
      vertex 58.4282 23.1853 0
      vertex 58.2008 23.3247 0
    endloop
  endfacet
  facet normal -0.760578 -0.649247 0
    outer loop
      vertex 60.5753 25.6992 0
      vertex 60.4021 25.9021 1.2
      vertex 60.4021 25.9021 0
    endloop
  endfacet
  facet normal -0.760578 -0.649247 0
    outer loop
      vertex 60.4021 25.9021 1.2
      vertex 60.5753 25.6992 0
      vertex 60.5753 25.6992 1.2
    endloop
  endfacet
  facet normal 0.923884 0.382672 0
    outer loop
      vertex 57.6853 23.9282 1.2
      vertex 57.5832 24.1747 0
      vertex 57.5832 24.1747 1.2
    endloop
  endfacet
  facet normal 0.923884 0.382672 0
    outer loop
      vertex 57.5832 24.1747 0
      vertex 57.6853 23.9282 1.2
      vertex 57.6853 23.9282 0
    endloop
  endfacet
  facet normal -0.97235 0.233529 0
    outer loop
      vertex 60.8168 24.1747 0
      vertex 60.8791 24.4341 1.2
      vertex 60.8791 24.4341 0
    endloop
  endfacet
  facet normal -0.97235 0.233529 0
    outer loop
      vertex 60.8791 24.4341 1.2
      vertex 60.8168 24.1747 0
      vertex 60.8168 24.1747 1.2
    endloop
  endfacet
  facet normal 0 0 -1
    outer loop
      vertex 60.15 24.7 1.2
      vertex 60.9 24.7 1.2
      vertex 60.8791 24.4341 1.2
    endloop
  endfacet
  facet normal 0 0 -1
    outer loop
      vertex 60.1383 24.5514 1.2
      vertex 60.8791 24.4341 1.2
      vertex 60.8168 24.1747 1.2
    endloop
  endfacet
  facet normal 0 0 -1
    outer loop
      vertex 60.9 24.7 1.2
      vertex 60.15 24.7 1.2
      vertex 60.8791 24.9659 1.2
    endloop
  endfacet
  facet normal 0 0 -1
    outer loop
      vertex 60.1035 24.4064 1.2
      vertex 60.8168 24.1747 1.2
      vertex 60.7147 23.9282 1.2
    endloop
  endfacet
  facet normal 0 0 -1
    outer loop
      vertex 60.1383 24.8486 1.2
      vertex 60.8791 24.9659 1.2
      vertex 60.15 24.7 1.2
    endloop
  endfacet
  facet normal 0 0 -1
    outer loop
      vertex 60.0465 24.2687 1.2
      vertex 60.7147 23.9282 1.2
      vertex 60.5753 23.7008 1.2
    endloop
  endfacet
  facet normal -0 0 -1
    outer loop
      vertex 60.8791 24.9659 1.2
      vertex 60.1383 24.8486 1.2
      vertex 60.8168 25.2253 1.2
    endloop
  endfacet
  facet normal 0 0 -1
    outer loop
      vertex 59.9686 24.1416 1.2
      vertex 60.5753 23.7008 1.2
      vertex 60.4021 23.4979 1.2
    endloop
  endfacet
  facet normal 0 0 -1
    outer loop
      vertex 60.1035 24.9936 1.2
      vertex 60.8168 25.2253 1.2
      vertex 60.1383 24.8486 1.2
    endloop
  endfacet
  facet normal 0 0 -1
    outer loop
      vertex 59.8717 24.0282 1.2
      vertex 60.4021 23.4979 1.2
      vertex 60.1992 23.3247 1.2
    endloop
  endfacet
  facet normal -0 0 -1
    outer loop
      vertex 60.8168 25.2253 1.2
      vertex 60.1035 24.9936 1.2
      vertex 60.7147 25.4718 1.2
    endloop
  endfacet
  facet normal 0 0 -1
    outer loop
      vertex 60.0465 25.1313 1.2
      vertex 60.7147 25.4718 1.2
      vertex 60.1035 24.9936 1.2
    endloop
  endfacet
  facet normal 0 0 -1
    outer loop
      vertex 60.8791 24.4341 1.2
      vertex 60.1383 24.5514 1.2
      vertex 60.15 24.7 1.2
    endloop
  endfacet
  facet normal 0 0 -1
    outer loop
      vertex 60.8168 24.1747 1.2
      vertex 60.1035 24.4064 1.2
      vertex 60.1383 24.5514 1.2
    endloop
  endfacet
  facet normal 0 0 -1
    outer loop
      vertex 60.7147 23.9282 1.2
      vertex 60.0465 24.2687 1.2
      vertex 60.1035 24.4064 1.2
    endloop
  endfacet
  facet normal 0 0 -1
    outer loop
      vertex 59.7584 23.9314 1.2
      vertex 60.1992 23.3247 1.2
      vertex 59.9718 23.1853 1.2
    endloop
  endfacet
  facet normal 0 0 -1
    outer loop
      vertex 60.5753 23.7008 1.2
      vertex 59.9686 24.1416 1.2
      vertex 60.0465 24.2687 1.2
    endloop
  endfacet
  facet normal 0 0 -1
    outer loop
      vertex 60.4021 23.4979 1.2
      vertex 59.8717 24.0282 1.2
      vertex 59.9686 24.1416 1.2
    endloop
  endfacet
  facet normal 0 0 -1
    outer loop
      vertex 60.1992 23.3247 1.2
      vertex 59.7584 23.9314 1.2
      vertex 59.8717 24.0282 1.2
    endloop
  endfacet
  facet normal 0 0 -1
    outer loop
      vertex 59.6313 23.8535 1.2
      vertex 59.9718 23.1853 1.2
      vertex 59.7253 23.0832 1.2
    endloop
  endfacet
  facet normal 0 0 -1
    outer loop
      vertex 59.9718 23.1853 1.2
      vertex 59.6313 23.8535 1.2
      vertex 59.7584 23.9314 1.2
    endloop
  endfacet
  facet normal 0 0 -1
    outer loop
      vertex 59.7253 23.0832 1.2
      vertex 59.4936 23.7965 1.2
      vertex 59.6313 23.8535 1.2
    endloop
  endfacet
  facet normal 0 0 -1
    outer loop
      vertex 59.4659 23.0209 1.2
      vertex 59.4936 23.7965 1.2
      vertex 59.7253 23.0832 1.2
    endloop
  endfacet
  facet normal 0 0 -1
    outer loop
      vertex 59.4659 23.0209 1.2
      vertex 59.3486 23.7617 1.2
      vertex 59.4936 23.7965 1.2
    endloop
  endfacet
  facet normal 0 0 -1
    outer loop
      vertex 59.2 23 1.2
      vertex 59.3486 23.7617 1.2
      vertex 59.4659 23.0209 1.2
    endloop
  endfacet
  facet normal 0 0 -1
    outer loop
      vertex 59.2 23 1.2
      vertex 59.2 23.75 1.2
      vertex 59.3486 23.7617 1.2
    endloop
  endfacet
  facet normal 0 0 -1
    outer loop
      vertex 59.2 23 1.2
      vertex 59.0514 23.7617 1.2
      vertex 59.2 23.75 1.2
    endloop
  endfacet
  facet normal 0 0 -1
    outer loop
      vertex 58.9341 23.0209 1.2
      vertex 59.0514 23.7617 1.2
      vertex 59.2 23 1.2
    endloop
  endfacet
  facet normal 0 0 -1
    outer loop
      vertex 58.9341 23.0209 1.2
      vertex 58.9064 23.7965 1.2
      vertex 59.0514 23.7617 1.2
    endloop
  endfacet
  facet normal 0 0 -1
    outer loop
      vertex 58.6747 23.0832 1.2
      vertex 58.9064 23.7965 1.2
      vertex 58.9341 23.0209 1.2
    endloop
  endfacet
  facet normal -0 0 -1
    outer loop
      vertex 58.9064 23.7965 1.2
      vertex 58.6747 23.0832 1.2
      vertex 58.7687 23.8535 1.2
    endloop
  endfacet
  facet normal 0 0 -1
    outer loop
      vertex 58.4282 23.1853 1.2
      vertex 58.7687 23.8535 1.2
      vertex 58.6747 23.0832 1.2
    endloop
  endfacet
  facet normal -0 0 -1
    outer loop
      vertex 58.7687 23.8535 1.2
      vertex 58.4282 23.1853 1.2
      vertex 58.6416 23.9314 1.2
    endloop
  endfacet
  facet normal 0 0 -1
    outer loop
      vertex 58.2008 23.3247 1.2
      vertex 58.6416 23.9314 1.2
      vertex 58.4282 23.1853 1.2
    endloop
  endfacet
  facet normal -0 0 -1
    outer loop
      vertex 58.6416 23.9314 1.2
      vertex 58.2008 23.3247 1.2
      vertex 58.5282 24.0282 1.2
    endloop
  endfacet
  facet normal 0 0 -1
    outer loop
      vertex 57.9979 23.4979 1.2
      vertex 58.5282 24.0282 1.2
      vertex 58.2008 23.3247 1.2
    endloop
  endfacet
  facet normal -0 0 -1
    outer loop
      vertex 58.5282 24.0282 1.2
      vertex 57.9979 23.4979 1.2
      vertex 58.4314 24.1416 1.2
    endloop
  endfacet
  facet normal 0 0 -1
    outer loop
      vertex 57.8247 23.7008 1.2
      vertex 58.4314 24.1416 1.2
      vertex 57.9979 23.4979 1.2
    endloop
  endfacet
  facet normal 0 0 -1
    outer loop
      vertex 57.6853 23.9282 1.2
      vertex 58.3535 24.2687 1.2
      vertex 57.8247 23.7008 1.2
    endloop
  endfacet
  facet normal -0 0 -1
    outer loop
      vertex 58.4314 24.1416 1.2
      vertex 57.8247 23.7008 1.2
      vertex 58.3535 24.2687 1.2
    endloop
  endfacet
  facet normal -0 0 -1
    outer loop
      vertex 60.7147 25.4718 1.2
      vertex 60.0465 25.1313 1.2
      vertex 60.5753 25.6992 1.2
    endloop
  endfacet
  facet normal 0 0 -1
    outer loop
      vertex 59.9686 25.2584 1.2
      vertex 60.5753 25.6992 1.2
      vertex 60.0465 25.1313 1.2
    endloop
  endfacet
  facet normal -0 0 -1
    outer loop
      vertex 60.5753 25.6992 1.2
      vertex 59.9686 25.2584 1.2
      vertex 60.4021 25.9021 1.2
    endloop
  endfacet
  facet normal 0 0 -1
    outer loop
      vertex 59.8717 25.3717 1.2
      vertex 60.4021 25.9021 1.2
      vertex 59.9686 25.2584 1.2
    endloop
  endfacet
  facet normal -0 0 -1
    outer loop
      vertex 60.4021 25.9021 1.2
      vertex 59.8717 25.3717 1.2
      vertex 60.1992 26.0753 1.2
    endloop
  endfacet
  facet normal 0 0 -1
    outer loop
      vertex 59.7584 25.4686 1.2
      vertex 60.1992 26.0753 1.2
      vertex 59.8717 25.3717 1.2
    endloop
  endfacet
  facet normal -0 0 -1
    outer loop
      vertex 60.1992 26.0753 1.2
      vertex 59.7584 25.4686 1.2
      vertex 59.9718 26.2147 1.2
    endloop
  endfacet
  facet normal 0 0 -1
    outer loop
      vertex 59.6313 25.5465 1.2
      vertex 59.9718 26.2147 1.2
      vertex 59.7584 25.4686 1.2
    endloop
  endfacet
  facet normal -0 0 -1
    outer loop
      vertex 59.9718 26.2147 1.2
      vertex 59.6313 25.5465 1.2
      vertex 59.7253 26.3168 1.2
    endloop
  endfacet
  facet normal 0 0 -1
    outer loop
      vertex 59.4936 25.6035 1.2
      vertex 59.7253 26.3168 1.2
      vertex 59.6313 25.5465 1.2
    endloop
  endfacet
  facet normal 0 0 -1
    outer loop
      vertex 59.4936 25.6035 1.2
      vertex 59.4659 26.3791 1.2
      vertex 59.7253 26.3168 1.2
    endloop
  endfacet
  facet normal 0 0 -1
    outer loop
      vertex 59.3486 25.6383 1.2
      vertex 59.4659 26.3791 1.2
      vertex 59.4936 25.6035 1.2
    endloop
  endfacet
  facet normal 0 0 -1
    outer loop
      vertex 59.2 25.65 1.2
      vertex 59.4659 26.3791 1.2
      vertex 59.3486 25.6383 1.2
    endloop
  endfacet
  facet normal 0 0 -1
    outer loop
      vertex 59.2 25.65 1.2
      vertex 59.2 26.4 1.2
      vertex 59.4659 26.3791 1.2
    endloop
  endfacet
  facet normal 0 0 -1
    outer loop
      vertex 59.0514 25.6383 1.2
      vertex 59.2 26.4 1.2
      vertex 59.2 25.65 1.2
    endloop
  endfacet
  facet normal 0 0 -1
    outer loop
      vertex 59.0514 25.6383 1.2
      vertex 58.9341 26.3791 1.2
      vertex 59.2 26.4 1.2
    endloop
  endfacet
  facet normal 0 0 -1
    outer loop
      vertex 58.9064 25.6035 1.2
      vertex 58.9341 26.3791 1.2
      vertex 59.0514 25.6383 1.2
    endloop
  endfacet
  facet normal 0 0 -1
    outer loop
      vertex 58.6747 26.3168 1.2
      vertex 58.9064 25.6035 1.2
      vertex 58.7687 25.5465 1.2
    endloop
  endfacet
  facet normal 0 0 -1
    outer loop
      vertex 58.9064 25.6035 1.2
      vertex 58.6747 26.3168 1.2
      vertex 58.9341 26.3791 1.2
    endloop
  endfacet
  facet normal 0 0 -1
    outer loop
      vertex 58.4282 26.2147 1.2
      vertex 58.7687 25.5465 1.2
      vertex 58.6416 25.4686 1.2
    endloop
  endfacet
  facet normal 0 0 -1
    outer loop
      vertex 58.2008 26.0753 1.2
      vertex 58.6416 25.4686 1.2
      vertex 58.5282 25.3717 1.2
    endloop
  endfacet
  facet normal 0 0 -1
    outer loop
      vertex 57.9979 25.9021 1.2
      vertex 58.5282 25.3717 1.2
      vertex 58.4314 25.2584 1.2
    endloop
  endfacet
  facet normal 0 0 -1
    outer loop
      vertex 58.7687 25.5465 1.2
      vertex 58.4282 26.2147 1.2
      vertex 58.6747 26.3168 1.2
    endloop
  endfacet
  facet normal 0 0 -1
    outer loop
      vertex 57.8247 25.6992 1.2
      vertex 58.4314 25.2584 1.2
      vertex 58.3535 25.1313 1.2
    endloop
  endfacet
  facet normal 0 0 -1
    outer loop
      vertex 57.6853 25.4718 1.2
      vertex 58.3535 25.1313 1.2
      vertex 58.2965 24.9936 1.2
    endloop
  endfacet
  facet normal 0 0 -1
    outer loop
      vertex 57.5832 25.2253 1.2
      vertex 58.2965 24.9936 1.2
      vertex 58.2617 24.8486 1.2
    endloop
  endfacet
  facet normal 0 0 -1
    outer loop
      vertex 58.6416 25.4686 1.2
      vertex 58.2008 26.0753 1.2
      vertex 58.4282 26.2147 1.2
    endloop
  endfacet
  facet normal 0 0 -1
    outer loop
      vertex 57.5209 24.9659 1.2
      vertex 58.2617 24.8486 1.2
      vertex 58.25 24.7 1.2
    endloop
  endfacet
  facet normal -0 0 -1
    outer loop
      vertex 58.3535 24.2687 1.2
      vertex 57.6853 23.9282 1.2
      vertex 58.2965 24.4064 1.2
    endloop
  endfacet
  facet normal 0 0 -1
    outer loop
      vertex 57.5832 24.1747 1.2
      vertex 58.2965 24.4064 1.2
      vertex 57.6853 23.9282 1.2
    endloop
  endfacet
  facet normal 0 0 -1
    outer loop
      vertex 58.5282 25.3717 1.2
      vertex 57.9979 25.9021 1.2
      vertex 58.2008 26.0753 1.2
    endloop
  endfacet
  facet normal -0 0 -1
    outer loop
      vertex 58.2965 24.4064 1.2
      vertex 57.5832 24.1747 1.2
      vertex 58.2617 24.5514 1.2
    endloop
  endfacet
  facet normal 0 0 -1
    outer loop
      vertex 58.4314 25.2584 1.2
      vertex 57.8247 25.6992 1.2
      vertex 57.9979 25.9021 1.2
    endloop
  endfacet
  facet normal 0 0 -1
    outer loop
      vertex 57.5209 24.4341 1.2
      vertex 58.2617 24.5514 1.2
      vertex 57.5832 24.1747 1.2
    endloop
  endfacet
  facet normal 0 0 -1
    outer loop
      vertex 58.3535 25.1313 1.2
      vertex 57.6853 25.4718 1.2
      vertex 57.8247 25.6992 1.2
    endloop
  endfacet
  facet normal -0 0 -1
    outer loop
      vertex 58.2617 24.5514 1.2
      vertex 57.5209 24.4341 1.2
      vertex 58.25 24.7 1.2
    endloop
  endfacet
  facet normal 0 0 -1
    outer loop
      vertex 58.2965 24.9936 1.2
      vertex 57.5832 25.2253 1.2
      vertex 57.6853 25.4718 1.2
    endloop
  endfacet
  facet normal 0 0 -1
    outer loop
      vertex 57.5 24.7 1.2
      vertex 58.25 24.7 1.2
      vertex 57.5209 24.4341 1.2
    endloop
  endfacet
  facet normal 0 0 -1
    outer loop
      vertex 58.2617 24.8486 1.2
      vertex 57.5209 24.9659 1.2
      vertex 57.5832 25.2253 1.2
    endloop
  endfacet
  facet normal 0 0 -1
    outer loop
      vertex 58.25 24.7 1.2
      vertex 57.5 24.7 1.2
      vertex 57.5209 24.9659 1.2
    endloop
  endfacet
  facet normal 0.760578 -0.649247 0
    outer loop
      vertex 57.8247 25.6992 1.2
      vertex 57.9979 25.9021 0
      vertex 57.9979 25.9021 1.2
    endloop
  endfacet
  facet normal 0.760578 -0.649247 0
    outer loop
      vertex 57.9979 25.9021 0
      vertex 57.8247 25.6992 1.2
      vertex 57.8247 25.6992 0
    endloop
  endfacet
  facet normal 0.923884 -0.382672 0
    outer loop
      vertex 57.5832 25.2253 1.2
      vertex 57.6853 25.4718 0
      vertex 57.6853 25.4718 1.2
    endloop
  endfacet
  facet normal 0.923884 -0.382672 0
    outer loop
      vertex 57.6853 25.4718 0
      vertex 57.5832 25.2253 1.2
      vertex 57.5832 25.2253 0
    endloop
  endfacet
  facet normal 0.382672 -0.923884 0
    outer loop
      vertex 58.4282 26.2147 0
      vertex 58.6747 26.3168 1.2
      vertex 58.4282 26.2147 1.2
    endloop
  endfacet
  facet normal 0.382672 -0.923884 0
    outer loop
      vertex 58.6747 26.3168 1.2
      vertex 58.4282 26.2147 0
      vertex 58.6747 26.3168 0
    endloop
  endfacet
  facet normal -0.0783593 -0.996925 0
    outer loop
      vertex 59.2 26.4 0
      vertex 59.4659 26.3791 1.2
      vertex 59.2 26.4 1.2
    endloop
  endfacet
  facet normal -0.0783593 -0.996925 -0
    outer loop
      vertex 59.4659 26.3791 1.2
      vertex 59.2 26.4 0
      vertex 59.4659 26.3791 0
    endloop
  endfacet
  facet normal 0.233529 -0.97235 0
    outer loop
      vertex 58.6747 26.3168 0
      vertex 58.9341 26.3791 1.2
      vertex 58.6747 26.3168 1.2
    endloop
  endfacet
  facet normal 0.233529 -0.97235 0
    outer loop
      vertex 58.9341 26.3791 1.2
      vertex 58.6747 26.3168 0
      vertex 58.9341 26.3791 0
    endloop
  endfacet
  facet normal -0.852558 -0.522632 0
    outer loop
      vertex 60.7147 25.4718 0
      vertex 60.5753 25.6992 1.2
      vertex 60.5753 25.6992 0
    endloop
  endfacet
  facet normal -0.852558 -0.522632 0
    outer loop
      vertex 60.5753 25.6992 1.2
      vertex 60.7147 25.4718 0
      vertex 60.7147 25.4718 1.2
    endloop
  endfacet
  facet normal 0.760578 0.649247 0
    outer loop
      vertex 57.9979 23.4979 1.2
      vertex 57.8247 23.7008 0
      vertex 57.8247 23.7008 1.2
    endloop
  endfacet
  facet normal 0.760578 0.649247 0
    outer loop
      vertex 57.8247 23.7008 0
      vertex 57.9979 23.4979 1.2
      vertex 57.9979 23.4979 0
    endloop
  endfacet
  facet normal 0.649247 0.760578 -0
    outer loop
      vertex 58.2008 23.3247 0
      vertex 57.9979 23.4979 1.2
      vertex 58.2008 23.3247 1.2
    endloop
  endfacet
  facet normal 0.649247 0.760578 0
    outer loop
      vertex 57.9979 23.4979 1.2
      vertex 58.2008 23.3247 0
      vertex 57.9979 23.4979 0
    endloop
  endfacet
  facet normal -0.760578 0.649247 0
    outer loop
      vertex 60.4021 23.4979 0
      vertex 60.5753 23.7008 1.2
      vertex 60.5753 23.7008 0
    endloop
  endfacet
  facet normal -0.760578 0.649247 0
    outer loop
      vertex 60.5753 23.7008 1.2
      vertex 60.4021 23.4979 0
      vertex 60.4021 23.4979 1.2
    endloop
  endfacet
  facet normal -0.382672 -0.923884 0
    outer loop
      vertex 59.7253 26.3168 0
      vertex 59.9718 26.2147 1.2
      vertex 59.7253 26.3168 1.2
    endloop
  endfacet
  facet normal -0.382672 -0.923884 -0
    outer loop
      vertex 59.9718 26.2147 1.2
      vertex 59.7253 26.3168 0
      vertex 59.9718 26.2147 0
    endloop
  endfacet
  facet normal 0.0783593 0.996925 -0
    outer loop
      vertex 59.2 23 0
      vertex 58.9341 23.0209 1.2
      vertex 59.2 23 1.2
    endloop
  endfacet
  facet normal 0.0783593 0.996925 0
    outer loop
      vertex 58.9341 23.0209 1.2
      vertex 59.2 23 0
      vertex 58.9341 23.0209 0
    endloop
  endfacet
  facet normal 0.233529 0.97235 -0
    outer loop
      vertex 58.9341 23.0209 0
      vertex 58.6747 23.0832 1.2
      vertex 58.9341 23.0209 1.2
    endloop
  endfacet
  facet normal 0.233529 0.97235 0
    outer loop
      vertex 58.6747 23.0832 1.2
      vertex 58.9341 23.0209 0
      vertex 58.6747 23.0832 0
    endloop
  endfacet
  facet normal -0.923884 -0.382672 0
    outer loop
      vertex 60.8168 25.2253 0
      vertex 60.7147 25.4718 1.2
      vertex 60.7147 25.4718 0
    endloop
  endfacet
  facet normal -0.923884 -0.382672 0
    outer loop
      vertex 60.7147 25.4718 1.2
      vertex 60.8168 25.2253 0
      vertex 60.8168 25.2253 1.2
    endloop
  endfacet
  facet normal -0.649247 0.760578 0
    outer loop
      vertex 60.4021 23.4979 0
      vertex 60.1992 23.3247 1.2
      vertex 60.4021 23.4979 1.2
    endloop
  endfacet
  facet normal -0.649247 0.760578 0
    outer loop
      vertex 60.1992 23.3247 1.2
      vertex 60.4021 23.4979 0
      vertex 60.1992 23.3247 0
    endloop
  endfacet
  facet normal 0.852558 0.522632 0
    outer loop
      vertex 57.8247 23.7008 1.2
      vertex 57.6853 23.9282 0
      vertex 57.6853 23.9282 1.2
    endloop
  endfacet
  facet normal 0.852558 0.522632 0
    outer loop
      vertex 57.6853 23.9282 0
      vertex 57.8247 23.7008 1.2
      vertex 57.8247 23.7008 0
    endloop
  endfacet
  facet normal 0.852601 0.522562 0
    outer loop
      vertex 58.4314 12.7416 5
      vertex 58.3535 12.8687 1.2
      vertex 58.3535 12.8687 5
    endloop
  endfacet
  facet normal 0.852601 0.522562 0
    outer loop
      vertex 58.3535 12.8687 1.2
      vertex 58.4314 12.7416 5
      vertex 58.4314 12.7416 1.2
    endloop
  endfacet
  facet normal 0.0784919 -0.996915 0
    outer loop
      vertex 59.0514 14.2383 1.2
      vertex 59.2 14.25 5
      vertex 59.0514 14.2383 5
    endloop
  endfacet
  facet normal 0.0784919 -0.996915 0
    outer loop
      vertex 59.2 14.25 5
      vertex 59.0514 14.2383 1.2
      vertex 59.2 14.25 1.2
    endloop
  endfacet
  facet normal -0.972387 -0.233373 0
    outer loop
      vertex 60.1383 13.4486 1.2
      vertex 60.1035 13.5936 5
      vertex 60.1035 13.5936 1.2
    endloop
  endfacet
  facet normal -0.972387 -0.233373 0
    outer loop
      vertex 60.1035 13.5936 5
      vertex 60.1383 13.4486 1.2
      vertex 60.1383 13.4486 5
    endloop
  endfacet
  facet normal -0.996915 -0.0784919 0
    outer loop
      vertex 60.15 13.3 1.2
      vertex 60.1383 13.4486 5
      vertex 60.1383 13.4486 1.2
    endloop
  endfacet
  facet normal -0.996915 -0.0784919 0
    outer loop
      vertex 60.1383 13.4486 5
      vertex 60.15 13.3 1.2
      vertex 60.15 13.3 5
    endloop
  endfacet
  facet normal -0.923968 -0.38247 0
    outer loop
      vertex 60.1035 13.5936 1.2
      vertex 60.0465 13.7313 5
      vertex 60.0465 13.7313 1.2
    endloop
  endfacet
  facet normal -0.923968 -0.38247 0
    outer loop
      vertex 60.0465 13.7313 5
      vertex 60.1035 13.5936 1.2
      vertex 60.1035 13.5936 5
    endloop
  endfacet
  facet normal 0.852601 -0.522562 0
    outer loop
      vertex 58.3535 13.7313 5
      vertex 58.4314 13.8584 1.2
      vertex 58.4314 13.8584 5
    endloop
  endfacet
  facet normal 0.852601 -0.522562 0
    outer loop
      vertex 58.4314 13.8584 1.2
      vertex 58.3535 13.7313 5
      vertex 58.3535 13.7313 1.2
    endloop
  endfacet
  facet normal -0.996915 0.0784919 0
    outer loop
      vertex 60.1383 13.1514 1.2
      vertex 60.15 13.3 5
      vertex 60.15 13.3 1.2
    endloop
  endfacet
  facet normal -0.996915 0.0784919 0
    outer loop
      vertex 60.15 13.3 5
      vertex 60.1383 13.1514 1.2
      vertex 60.1383 13.1514 5
    endloop
  endfacet
  facet normal -0.852601 -0.522562 0
    outer loop
      vertex 60.0465 13.7313 1.2
      vertex 59.9686 13.8584 5
      vertex 59.9686 13.8584 1.2
    endloop
  endfacet
  facet normal -0.852601 -0.522562 0
    outer loop
      vertex 59.9686 13.8584 5
      vertex 60.0465 13.7313 1.2
      vertex 60.0465 13.7313 5
    endloop
  endfacet
  facet normal 0.0784919 0.996915 -0
    outer loop
      vertex 59.2 12.35 1.2
      vertex 59.0514 12.3617 5
      vertex 59.2 12.35 5
    endloop
  endfacet
  facet normal 0.0784919 0.996915 0
    outer loop
      vertex 59.0514 12.3617 5
      vertex 59.2 12.35 1.2
      vertex 59.0514 12.3617 1.2
    endloop
  endfacet
  facet normal 0.649243 0.760581 -0
    outer loop
      vertex 58.6416 12.5314 1.2
      vertex 58.5282 12.6282 5
      vertex 58.6416 12.5314 5
    endloop
  endfacet
  facet normal 0.649243 0.760581 0
    outer loop
      vertex 58.5282 12.6282 5
      vertex 58.6416 12.5314 1.2
      vertex 58.5282 12.6282 1.2
    endloop
  endfacet
  facet normal -0.649575 -0.760298 0
    outer loop
      vertex 59.7584 14.0686 1.2
      vertex 59.8717 13.9718 5
      vertex 59.7584 14.0686 5
    endloop
  endfacet
  facet normal -0.649575 -0.760298 -0
    outer loop
      vertex 59.8717 13.9718 5
      vertex 59.7584 14.0686 1.2
      vertex 59.8717 13.9718 1.2
    endloop
  endfacet
  facet normal -0.923968 0.38247 0
    outer loop
      vertex 60.0465 12.8687 1.2
      vertex 60.1035 13.0064 5
      vertex 60.1035 13.0064 1.2
    endloop
  endfacet
  facet normal -0.923968 0.38247 0
    outer loop
      vertex 60.1035 13.0064 5
      vertex 60.0465 12.8687 1.2
      vertex 60.0465 12.8687 5
    endloop
  endfacet
  facet normal -0.972387 0.233373 0
    outer loop
      vertex 60.1035 13.0064 1.2
      vertex 60.1383 13.1514 5
      vertex 60.1383 13.1514 1.2
    endloop
  endfacet
  facet normal -0.972387 0.233373 0
    outer loop
      vertex 60.1383 13.1514 5
      vertex 60.1035 13.0064 1.2
      vertex 60.1035 13.0064 5
    endloop
  endfacet
  facet normal 0.996915 0.0784919 0
    outer loop
      vertex 58.2617 13.1514 5
      vertex 58.25 13.3 1.2
      vertex 58.25 13.3 5
    endloop
  endfacet
  facet normal 0.996915 0.0784919 0
    outer loop
      vertex 58.25 13.3 1.2
      vertex 58.2617 13.1514 5
      vertex 58.2617 13.1514 1.2
    endloop
  endfacet
  facet normal 0.233373 -0.972387 0
    outer loop
      vertex 58.9064 14.2035 1.2
      vertex 59.0514 14.2383 5
      vertex 58.9064 14.2035 5
    endloop
  endfacet
  facet normal 0.233373 -0.972387 0
    outer loop
      vertex 59.0514 14.2383 5
      vertex 58.9064 14.2035 1.2
      vertex 59.0514 14.2383 1.2
    endloop
  endfacet
  facet normal 0.760581 0.649243 0
    outer loop
      vertex 58.5282 12.6282 5
      vertex 58.4314 12.7416 1.2
      vertex 58.4314 12.7416 5
    endloop
  endfacet
  facet normal 0.760581 0.649243 0
    outer loop
      vertex 58.4314 12.7416 1.2
      vertex 58.5282 12.6282 5
      vertex 58.5282 12.6282 1.2
    endloop
  endfacet
  facet normal -0.649575 0.760298 0
    outer loop
      vertex 59.8717 12.6282 1.2
      vertex 59.7584 12.5314 5
      vertex 59.8717 12.6282 5
    endloop
  endfacet
  facet normal -0.649575 0.760298 0
    outer loop
      vertex 59.7584 12.5314 5
      vertex 59.8717 12.6282 1.2
      vertex 59.7584 12.5314 1.2
    endloop
  endfacet
  facet normal 0.760581 -0.649243 0
    outer loop
      vertex 58.4314 13.8584 5
      vertex 58.5282 13.9718 1.2
      vertex 58.5282 13.9718 5
    endloop
  endfacet
  facet normal 0.760581 -0.649243 0
    outer loop
      vertex 58.5282 13.9718 1.2
      vertex 58.4314 13.8584 5
      vertex 58.4314 13.8584 1.2
    endloop
  endfacet
  facet normal 0.38247 -0.923968 0
    outer loop
      vertex 58.7687 14.1465 1.2
      vertex 58.9064 14.2035 5
      vertex 58.7687 14.1465 5
    endloop
  endfacet
  facet normal 0.38247 -0.923968 0
    outer loop
      vertex 58.9064 14.2035 5
      vertex 58.7687 14.1465 1.2
      vertex 58.9064 14.2035 1.2
    endloop
  endfacet
  facet normal 0.649243 -0.760581 0
    outer loop
      vertex 58.5282 13.9718 1.2
      vertex 58.6416 14.0686 5
      vertex 58.5282 13.9718 5
    endloop
  endfacet
  facet normal 0.649243 -0.760581 0
    outer loop
      vertex 58.6416 14.0686 5
      vertex 58.5282 13.9718 1.2
      vertex 58.6416 14.0686 1.2
    endloop
  endfacet
  facet normal -0.38247 0.923968 0
    outer loop
      vertex 59.6313 12.4535 1.2
      vertex 59.4936 12.3965 5
      vertex 59.6313 12.4535 5
    endloop
  endfacet
  facet normal -0.38247 0.923968 0
    outer loop
      vertex 59.4936 12.3965 5
      vertex 59.6313 12.4535 1.2
      vertex 59.4936 12.3965 1.2
    endloop
  endfacet
  facet normal -0.38247 -0.923968 0
    outer loop
      vertex 59.4936 14.2035 1.2
      vertex 59.6313 14.1465 5
      vertex 59.4936 14.2035 5
    endloop
  endfacet
  facet normal -0.38247 -0.923968 -0
    outer loop
      vertex 59.6313 14.1465 5
      vertex 59.4936 14.2035 1.2
      vertex 59.6313 14.1465 1.2
    endloop
  endfacet
  facet normal -0.522562 0.852601 0
    outer loop
      vertex 59.7584 12.5314 1.2
      vertex 59.6313 12.4535 5
      vertex 59.7584 12.5314 5
    endloop
  endfacet
  facet normal -0.522562 0.852601 0
    outer loop
      vertex 59.6313 12.4535 5
      vertex 59.7584 12.5314 1.2
      vertex 59.6313 12.4535 1.2
    endloop
  endfacet
  facet normal 0.996915 -0.0784919 0
    outer loop
      vertex 58.25 13.3 5
      vertex 58.2617 13.4486 1.2
      vertex 58.2617 13.4486 5
    endloop
  endfacet
  facet normal 0.996915 -0.0784919 0
    outer loop
      vertex 58.2617 13.4486 1.2
      vertex 58.25 13.3 5
      vertex 58.25 13.3 1.2
    endloop
  endfacet
  facet normal -0.76025 0.649631 0
    outer loop
      vertex 59.8717 12.6282 1.2
      vertex 59.9686 12.7416 5
      vertex 59.9686 12.7416 1.2
    endloop
  endfacet
  facet normal -0.76025 0.649631 0
    outer loop
      vertex 59.9686 12.7416 5
      vertex 59.8717 12.6282 1.2
      vertex 59.8717 12.6282 5
    endloop
  endfacet
  facet normal 0.38247 0.923968 -0
    outer loop
      vertex 58.9064 12.3965 1.2
      vertex 58.7687 12.4535 5
      vertex 58.9064 12.3965 5
    endloop
  endfacet
  facet normal 0.38247 0.923968 0
    outer loop
      vertex 58.7687 12.4535 5
      vertex 58.9064 12.3965 1.2
      vertex 58.7687 12.4535 1.2
    endloop
  endfacet
  facet normal -0.76025 -0.649631 0
    outer loop
      vertex 59.9686 13.8584 1.2
      vertex 59.8717 13.9718 5
      vertex 59.8717 13.9718 1.2
    endloop
  endfacet
  facet normal -0.76025 -0.649631 0
    outer loop
      vertex 59.8717 13.9718 5
      vertex 59.9686 13.8584 1.2
      vertex 59.9686 13.8584 5
    endloop
  endfacet
  facet normal 0.923968 -0.38247 0
    outer loop
      vertex 58.2965 13.5936 5
      vertex 58.3535 13.7313 1.2
      vertex 58.3535 13.7313 5
    endloop
  endfacet
  facet normal 0.923968 -0.38247 0
    outer loop
      vertex 58.3535 13.7313 1.2
      vertex 58.2965 13.5936 5
      vertex 58.2965 13.5936 1.2
    endloop
  endfacet
  facet normal 0.522562 -0.852601 0
    outer loop
      vertex 58.6416 14.0686 1.2
      vertex 58.7687 14.1465 5
      vertex 58.6416 14.0686 5
    endloop
  endfacet
  facet normal 0.522562 -0.852601 0
    outer loop
      vertex 58.7687 14.1465 5
      vertex 58.6416 14.0686 1.2
      vertex 58.7687 14.1465 1.2
    endloop
  endfacet
  facet normal -0.0784919 -0.996915 0
    outer loop
      vertex 59.2 14.25 1.2
      vertex 59.3486 14.2383 5
      vertex 59.2 14.25 5
    endloop
  endfacet
  facet normal -0.0784919 -0.996915 -0
    outer loop
      vertex 59.3486 14.2383 5
      vertex 59.2 14.25 1.2
      vertex 59.3486 14.2383 1.2
    endloop
  endfacet
  facet normal -0.233373 0.972387 0
    outer loop
      vertex 59.4936 12.3965 1.2
      vertex 59.3486 12.3617 5
      vertex 59.4936 12.3965 5
    endloop
  endfacet
  facet normal -0.233373 0.972387 0
    outer loop
      vertex 59.3486 12.3617 5
      vertex 59.4936 12.3965 1.2
      vertex 59.3486 12.3617 1.2
    endloop
  endfacet
  facet normal -0.0784919 0.996915 0
    outer loop
      vertex 59.3486 12.3617 1.2
      vertex 59.2 12.35 5
      vertex 59.3486 12.3617 5
    endloop
  endfacet
  facet normal -0.0784919 0.996915 0
    outer loop
      vertex 59.2 12.35 5
      vertex 59.3486 12.3617 1.2
      vertex 59.2 12.35 1.2
    endloop
  endfacet
  facet normal 0.972387 0.233373 0
    outer loop
      vertex 58.2965 13.0064 5
      vertex 58.2617 13.1514 1.2
      vertex 58.2617 13.1514 5
    endloop
  endfacet
  facet normal 0.972387 0.233373 0
    outer loop
      vertex 58.2617 13.1514 1.2
      vertex 58.2965 13.0064 5
      vertex 58.2965 13.0064 1.2
    endloop
  endfacet
  facet normal 0.522562 0.852601 -0
    outer loop
      vertex 58.7687 12.4535 1.2
      vertex 58.6416 12.5314 5
      vertex 58.7687 12.4535 5
    endloop
  endfacet
  facet normal 0.522562 0.852601 0
    outer loop
      vertex 58.6416 12.5314 5
      vertex 58.7687 12.4535 1.2
      vertex 58.6416 12.5314 1.2
    endloop
  endfacet
  facet normal 0.972387 -0.233373 0
    outer loop
      vertex 58.2617 13.4486 5
      vertex 58.2965 13.5936 1.2
      vertex 58.2965 13.5936 5
    endloop
  endfacet
  facet normal 0.972387 -0.233373 0
    outer loop
      vertex 58.2965 13.5936 1.2
      vertex 58.2617 13.4486 5
      vertex 58.2617 13.4486 1.2
    endloop
  endfacet
  facet normal -0.233373 -0.972387 0
    outer loop
      vertex 59.3486 14.2383 1.2
      vertex 59.4936 14.2035 5
      vertex 59.3486 14.2383 5
    endloop
  endfacet
  facet normal -0.233373 -0.972387 -0
    outer loop
      vertex 59.4936 14.2035 5
      vertex 59.3486 14.2383 1.2
      vertex 59.4936 14.2035 1.2
    endloop
  endfacet
  facet normal -0.522562 -0.852601 0
    outer loop
      vertex 59.6313 14.1465 1.2
      vertex 59.7584 14.0686 5
      vertex 59.6313 14.1465 5
    endloop
  endfacet
  facet normal -0.522562 -0.852601 -0
    outer loop
      vertex 59.7584 14.0686 5
      vertex 59.6313 14.1465 1.2
      vertex 59.7584 14.0686 1.2
    endloop
  endfacet
  facet normal -0.852601 0.522562 0
    outer loop
      vertex 59.9686 12.7416 1.2
      vertex 60.0465 12.8687 5
      vertex 60.0465 12.8687 1.2
    endloop
  endfacet
  facet normal -0.852601 0.522562 0
    outer loop
      vertex 60.0465 12.8687 5
      vertex 59.9686 12.7416 1.2
      vertex 59.9686 12.7416 5
    endloop
  endfacet
  facet normal 0.923968 0.38247 0
    outer loop
      vertex 58.3535 12.8687 5
      vertex 58.2965 13.0064 1.2
      vertex 58.2965 13.0064 5
    endloop
  endfacet
  facet normal 0.923968 0.38247 0
    outer loop
      vertex 58.2965 13.0064 1.2
      vertex 58.3535 12.8687 5
      vertex 58.3535 12.8687 1.2
    endloop
  endfacet
  facet normal 0.233373 0.972387 -0
    outer loop
      vertex 59.0514 12.3617 1.2
      vertex 58.9064 12.3965 5
      vertex 59.0514 12.3617 5
    endloop
  endfacet
  facet normal 0.233373 0.972387 0
    outer loop
      vertex 58.9064 12.3965 5
      vertex 59.0514 12.3617 1.2
      vertex 58.9064 12.3965 1.2
    endloop
  endfacet
  facet normal 0.233529 -0.97235 0
    outer loop
      vertex 58.6747 14.9168 0
      vertex 58.9341 14.9791 1.2
      vertex 58.6747 14.9168 1.2
    endloop
  endfacet
  facet normal 0.233529 -0.97235 0
    outer loop
      vertex 58.9341 14.9791 1.2
      vertex 58.6747 14.9168 0
      vertex 58.9341 14.9791 0
    endloop
  endfacet
  facet normal -0.97235 -0.233529 0
    outer loop
      vertex 60.8791 13.5659 0
      vertex 60.8168 13.8253 1.2
      vertex 60.8168 13.8253 0
    endloop
  endfacet
  facet normal -0.97235 -0.233529 0
    outer loop
      vertex 60.8168 13.8253 1.2
      vertex 60.8791 13.5659 0
      vertex 60.8791 13.5659 1.2
    endloop
  endfacet
  facet normal -0.996925 -0.0783593 0
    outer loop
      vertex 60.9 13.3 0
      vertex 60.8791 13.5659 1.2
      vertex 60.8791 13.5659 0
    endloop
  endfacet
  facet normal -0.996925 -0.0783593 0
    outer loop
      vertex 60.8791 13.5659 1.2
      vertex 60.9 13.3 0
      vertex 60.9 13.3 1.2
    endloop
  endfacet
  facet normal 0.0783593 0.996925 -0
    outer loop
      vertex 59.2 11.6 0
      vertex 58.9341 11.6209 1.2
      vertex 59.2 11.6 1.2
    endloop
  endfacet
  facet normal 0.0783593 0.996925 0
    outer loop
      vertex 58.9341 11.6209 1.2
      vertex 59.2 11.6 0
      vertex 58.9341 11.6209 0
    endloop
  endfacet
  facet normal -0.0783593 0.996925 0
    outer loop
      vertex 59.4659 11.6209 0
      vertex 59.2 11.6 1.2
      vertex 59.4659 11.6209 1.2
    endloop
  endfacet
  facet normal -0.0783593 0.996925 0
    outer loop
      vertex 59.2 11.6 1.2
      vertex 59.4659 11.6209 0
      vertex 59.2 11.6 0
    endloop
  endfacet
  facet normal 0.382672 0.923884 -0
    outer loop
      vertex 58.6747 11.6832 0
      vertex 58.4282 11.7853 1.2
      vertex 58.6747 11.6832 1.2
    endloop
  endfacet
  facet normal 0.382672 0.923884 0
    outer loop
      vertex 58.4282 11.7853 1.2
      vertex 58.6747 11.6832 0
      vertex 58.4282 11.7853 0
    endloop
  endfacet
  facet normal -0.996925 0.0783593 0
    outer loop
      vertex 60.8791 13.0341 0
      vertex 60.9 13.3 1.2
      vertex 60.9 13.3 0
    endloop
  endfacet
  facet normal -0.996925 0.0783593 0
    outer loop
      vertex 60.9 13.3 1.2
      vertex 60.8791 13.0341 0
      vertex 60.8791 13.0341 1.2
    endloop
  endfacet
  facet normal -0.760578 -0.649247 0
    outer loop
      vertex 60.5753 14.2992 0
      vertex 60.4021 14.5021 1.2
      vertex 60.4021 14.5021 0
    endloop
  endfacet
  facet normal -0.760578 -0.649247 0
    outer loop
      vertex 60.4021 14.5021 1.2
      vertex 60.5753 14.2992 0
      vertex 60.5753 14.2992 1.2
    endloop
  endfacet
  facet normal 0.760578 -0.649247 0
    outer loop
      vertex 57.8247 14.2992 1.2
      vertex 57.9979 14.5021 0
      vertex 57.9979 14.5021 1.2
    endloop
  endfacet
  facet normal 0.760578 -0.649247 0
    outer loop
      vertex 57.9979 14.5021 0
      vertex 57.8247 14.2992 1.2
      vertex 57.8247 14.2992 0
    endloop
  endfacet
  facet normal -0.852558 -0.522632 0
    outer loop
      vertex 60.7147 14.0718 0
      vertex 60.5753 14.2992 1.2
      vertex 60.5753 14.2992 0
    endloop
  endfacet
  facet normal -0.852558 -0.522632 0
    outer loop
      vertex 60.5753 14.2992 1.2
      vertex 60.7147 14.0718 0
      vertex 60.7147 14.0718 1.2
    endloop
  endfacet
  facet normal -0.852558 0.522632 0
    outer loop
      vertex 60.5753 12.3008 0
      vertex 60.7147 12.5282 1.2
      vertex 60.7147 12.5282 0
    endloop
  endfacet
  facet normal -0.852558 0.522632 0
    outer loop
      vertex 60.7147 12.5282 1.2
      vertex 60.5753 12.3008 0
      vertex 60.5753 12.3008 1.2
    endloop
  endfacet
  facet normal -0.97235 0.233529 0
    outer loop
      vertex 60.8168 12.7747 0
      vertex 60.8791 13.0341 1.2
      vertex 60.8791 13.0341 0
    endloop
  endfacet
  facet normal -0.97235 0.233529 0
    outer loop
      vertex 60.8791 13.0341 1.2
      vertex 60.8168 12.7747 0
      vertex 60.8168 12.7747 1.2
    endloop
  endfacet
  facet normal 0.649247 -0.760578 0
    outer loop
      vertex 57.9979 14.5021 0
      vertex 58.2008 14.6753 1.2
      vertex 57.9979 14.5021 1.2
    endloop
  endfacet
  facet normal 0.649247 -0.760578 0
    outer loop
      vertex 58.2008 14.6753 1.2
      vertex 57.9979 14.5021 0
      vertex 58.2008 14.6753 0
    endloop
  endfacet
  facet normal 0.0783593 -0.996925 0
    outer loop
      vertex 58.9341 14.9791 0
      vertex 59.2 15 1.2
      vertex 58.9341 14.9791 1.2
    endloop
  endfacet
  facet normal 0.0783593 -0.996925 0
    outer loop
      vertex 59.2 15 1.2
      vertex 58.9341 14.9791 0
      vertex 59.2 15 0
    endloop
  endfacet
  facet normal -0.923884 -0.382672 0
    outer loop
      vertex 60.8168 13.8253 0
      vertex 60.7147 14.0718 1.2
      vertex 60.7147 14.0718 0
    endloop
  endfacet
  facet normal -0.923884 -0.382672 0
    outer loop
      vertex 60.7147 14.0718 1.2
      vertex 60.8168 13.8253 0
      vertex 60.8168 13.8253 1.2
    endloop
  endfacet
  facet normal -0.382672 -0.923884 0
    outer loop
      vertex 59.7253 14.9168 0
      vertex 59.9718 14.8147 1.2
      vertex 59.7253 14.9168 1.2
    endloop
  endfacet
  facet normal -0.382672 -0.923884 -0
    outer loop
      vertex 59.9718 14.8147 1.2
      vertex 59.7253 14.9168 0
      vertex 59.9718 14.8147 0
    endloop
  endfacet
  facet normal 0.522632 -0.852558 0
    outer loop
      vertex 58.2008 14.6753 0
      vertex 58.4282 14.8147 1.2
      vertex 58.2008 14.6753 1.2
    endloop
  endfacet
  facet normal 0.522632 -0.852558 0
    outer loop
      vertex 58.4282 14.8147 1.2
      vertex 58.2008 14.6753 0
      vertex 58.4282 14.8147 0
    endloop
  endfacet
  facet normal -0.382672 0.923884 0
    outer loop
      vertex 59.9718 11.7853 0
      vertex 59.7253 11.6832 1.2
      vertex 59.9718 11.7853 1.2
    endloop
  endfacet
  facet normal -0.382672 0.923884 0
    outer loop
      vertex 59.7253 11.6832 1.2
      vertex 59.9718 11.7853 0
      vertex 59.7253 11.6832 0
    endloop
  endfacet
  facet normal -0.522632 0.852558 0
    outer loop
      vertex 60.1992 11.9247 0
      vertex 59.9718 11.7853 1.2
      vertex 60.1992 11.9247 1.2
    endloop
  endfacet
  facet normal -0.522632 0.852558 0
    outer loop
      vertex 59.9718 11.7853 1.2
      vertex 60.1992 11.9247 0
      vertex 59.9718 11.7853 0
    endloop
  endfacet
  facet normal -0.233529 0.97235 0
    outer loop
      vertex 59.7253 11.6832 0
      vertex 59.4659 11.6209 1.2
      vertex 59.7253 11.6832 1.2
    endloop
  endfacet
  facet normal -0.233529 0.97235 0
    outer loop
      vertex 59.4659 11.6209 1.2
      vertex 59.7253 11.6832 0
      vertex 59.4659 11.6209 0
    endloop
  endfacet
  facet normal 0.522632 0.852558 -0
    outer loop
      vertex 58.4282 11.7853 0
      vertex 58.2008 11.9247 1.2
      vertex 58.4282 11.7853 1.2
    endloop
  endfacet
  facet normal 0.522632 0.852558 0
    outer loop
      vertex 58.2008 11.9247 1.2
      vertex 58.4282 11.7853 0
      vertex 58.2008 11.9247 0
    endloop
  endfacet
  facet normal -0.923884 0.382672 0
    outer loop
      vertex 60.7147 12.5282 0
      vertex 60.8168 12.7747 1.2
      vertex 60.8168 12.7747 0
    endloop
  endfacet
  facet normal -0.923884 0.382672 0
    outer loop
      vertex 60.8168 12.7747 1.2
      vertex 60.7147 12.5282 0
      vertex 60.7147 12.5282 1.2
    endloop
  endfacet
  facet normal -0.649247 -0.760578 0
    outer loop
      vertex 60.1992 14.6753 0
      vertex 60.4021 14.5021 1.2
      vertex 60.1992 14.6753 1.2
    endloop
  endfacet
  facet normal -0.649247 -0.760578 -0
    outer loop
      vertex 60.4021 14.5021 1.2
      vertex 60.1992 14.6753 0
      vertex 60.4021 14.5021 0
    endloop
  endfacet
  facet normal -0.522632 -0.852558 0
    outer loop
      vertex 59.9718 14.8147 0
      vertex 60.1992 14.6753 1.2
      vertex 59.9718 14.8147 1.2
    endloop
  endfacet
  facet normal -0.522632 -0.852558 -0
    outer loop
      vertex 60.1992 14.6753 1.2
      vertex 59.9718 14.8147 0
      vertex 60.1992 14.6753 0
    endloop
  endfacet
  facet normal 0.923884 0.382672 0
    outer loop
      vertex 57.6853 12.5282 1.2
      vertex 57.5832 12.7747 0
      vertex 57.5832 12.7747 1.2
    endloop
  endfacet
  facet normal 0.923884 0.382672 0
    outer loop
      vertex 57.5832 12.7747 0
      vertex 57.6853 12.5282 1.2
      vertex 57.6853 12.5282 0
    endloop
  endfacet
  facet normal 0.649247 0.760578 -0
    outer loop
      vertex 58.2008 11.9247 0
      vertex 57.9979 12.0979 1.2
      vertex 58.2008 11.9247 1.2
    endloop
  endfacet
  facet normal 0.649247 0.760578 0
    outer loop
      vertex 57.9979 12.0979 1.2
      vertex 58.2008 11.9247 0
      vertex 57.9979 12.0979 0
    endloop
  endfacet
  facet normal 0.382672 -0.923884 0
    outer loop
      vertex 58.4282 14.8147 0
      vertex 58.6747 14.9168 1.2
      vertex 58.4282 14.8147 1.2
    endloop
  endfacet
  facet normal 0.382672 -0.923884 0
    outer loop
      vertex 58.6747 14.9168 1.2
      vertex 58.4282 14.8147 0
      vertex 58.6747 14.9168 0
    endloop
  endfacet
  facet normal 0.97235 0.233529 0
    outer loop
      vertex 57.5832 12.7747 1.2
      vertex 57.5209 13.0341 0
      vertex 57.5209 13.0341 1.2
    endloop
  endfacet
  facet normal 0.97235 0.233529 0
    outer loop
      vertex 57.5209 13.0341 0
      vertex 57.5832 12.7747 1.2
      vertex 57.5832 12.7747 0
    endloop
  endfacet
  facet normal 0.852558 -0.522632 0
    outer loop
      vertex 57.6853 14.0718 1.2
      vertex 57.8247 14.2992 0
      vertex 57.8247 14.2992 1.2
    endloop
  endfacet
  facet normal 0.852558 -0.522632 0
    outer loop
      vertex 57.8247 14.2992 0
      vertex 57.6853 14.0718 1.2
      vertex 57.6853 14.0718 0
    endloop
  endfacet
  facet normal 0.97235 -0.233529 0
    outer loop
      vertex 57.5209 13.5659 1.2
      vertex 57.5832 13.8253 0
      vertex 57.5832 13.8253 1.2
    endloop
  endfacet
  facet normal 0.97235 -0.233529 0
    outer loop
      vertex 57.5832 13.8253 0
      vertex 57.5209 13.5659 1.2
      vertex 57.5209 13.5659 0
    endloop
  endfacet
  facet normal -0.760578 0.649247 0
    outer loop
      vertex 60.4021 12.0979 0
      vertex 60.5753 12.3008 1.2
      vertex 60.5753 12.3008 0
    endloop
  endfacet
  facet normal -0.760578 0.649247 0
    outer loop
      vertex 60.5753 12.3008 1.2
      vertex 60.4021 12.0979 0
      vertex 60.4021 12.0979 1.2
    endloop
  endfacet
  facet normal 0.996925 0.0783593 0
    outer loop
      vertex 57.5209 13.0341 1.2
      vertex 57.5 13.3 0
      vertex 57.5 13.3 1.2
    endloop
  endfacet
  facet normal 0.996925 0.0783593 0
    outer loop
      vertex 57.5 13.3 0
      vertex 57.5209 13.0341 1.2
      vertex 57.5209 13.0341 0
    endloop
  endfacet
  facet normal -0.649247 0.760578 0
    outer loop
      vertex 60.4021 12.0979 0
      vertex 60.1992 11.9247 1.2
      vertex 60.4021 12.0979 1.2
    endloop
  endfacet
  facet normal -0.649247 0.760578 0
    outer loop
      vertex 60.1992 11.9247 1.2
      vertex 60.4021 12.0979 0
      vertex 60.1992 11.9247 0
    endloop
  endfacet
  facet normal 0.760578 0.649247 0
    outer loop
      vertex 57.9979 12.0979 1.2
      vertex 57.8247 12.3008 0
      vertex 57.8247 12.3008 1.2
    endloop
  endfacet
  facet normal 0.760578 0.649247 0
    outer loop
      vertex 57.8247 12.3008 0
      vertex 57.9979 12.0979 1.2
      vertex 57.9979 12.0979 0
    endloop
  endfacet
  facet normal 0.852558 0.522632 0
    outer loop
      vertex 57.8247 12.3008 1.2
      vertex 57.6853 12.5282 0
      vertex 57.6853 12.5282 1.2
    endloop
  endfacet
  facet normal 0.852558 0.522632 0
    outer loop
      vertex 57.6853 12.5282 0
      vertex 57.8247 12.3008 1.2
      vertex 57.8247 12.3008 0
    endloop
  endfacet
  facet normal 0.233529 0.97235 -0
    outer loop
      vertex 58.9341 11.6209 0
      vertex 58.6747 11.6832 1.2
      vertex 58.9341 11.6209 1.2
    endloop
  endfacet
  facet normal 0.233529 0.97235 0
    outer loop
      vertex 58.6747 11.6832 1.2
      vertex 58.9341 11.6209 0
      vertex 58.6747 11.6832 0
    endloop
  endfacet
  facet normal -0.0783593 -0.996925 0
    outer loop
      vertex 59.2 15 0
      vertex 59.4659 14.9791 1.2
      vertex 59.2 15 1.2
    endloop
  endfacet
  facet normal -0.0783593 -0.996925 -0
    outer loop
      vertex 59.4659 14.9791 1.2
      vertex 59.2 15 0
      vertex 59.4659 14.9791 0
    endloop
  endfacet
  facet normal -0.233529 -0.97235 0
    outer loop
      vertex 59.4659 14.9791 0
      vertex 59.7253 14.9168 1.2
      vertex 59.4659 14.9791 1.2
    endloop
  endfacet
  facet normal -0.233529 -0.97235 -0
    outer loop
      vertex 59.7253 14.9168 1.2
      vertex 59.4659 14.9791 0
      vertex 59.7253 14.9168 0
    endloop
  endfacet
  facet normal 0 0 -1
    outer loop
      vertex 60.15 13.3 1.2
      vertex 60.9 13.3 1.2
      vertex 60.8791 13.0341 1.2
    endloop
  endfacet
  facet normal 0 0 -1
    outer loop
      vertex 60.1383 13.1514 1.2
      vertex 60.8791 13.0341 1.2
      vertex 60.8168 12.7747 1.2
    endloop
  endfacet
  facet normal 0 0 -1
    outer loop
      vertex 60.9 13.3 1.2
      vertex 60.15 13.3 1.2
      vertex 60.8791 13.5659 1.2
    endloop
  endfacet
  facet normal 0 0 -1
    outer loop
      vertex 60.1035 13.0064 1.2
      vertex 60.8168 12.7747 1.2
      vertex 60.7147 12.5282 1.2
    endloop
  endfacet
  facet normal 0 0 -1
    outer loop
      vertex 60.1383 13.4486 1.2
      vertex 60.8791 13.5659 1.2
      vertex 60.15 13.3 1.2
    endloop
  endfacet
  facet normal 0 0 -1
    outer loop
      vertex 60.0465 12.8687 1.2
      vertex 60.7147 12.5282 1.2
      vertex 60.5753 12.3008 1.2
    endloop
  endfacet
  facet normal -0 0 -1
    outer loop
      vertex 60.8791 13.5659 1.2
      vertex 60.1383 13.4486 1.2
      vertex 60.8168 13.8253 1.2
    endloop
  endfacet
  facet normal 0 0 -1
    outer loop
      vertex 59.9686 12.7416 1.2
      vertex 60.5753 12.3008 1.2
      vertex 60.4021 12.0979 1.2
    endloop
  endfacet
  facet normal 0 0 -1
    outer loop
      vertex 60.1035 13.5936 1.2
      vertex 60.8168 13.8253 1.2
      vertex 60.1383 13.4486 1.2
    endloop
  endfacet
  facet normal 0 0 -1
    outer loop
      vertex 59.8717 12.6282 1.2
      vertex 60.4021 12.0979 1.2
      vertex 60.1992 11.9247 1.2
    endloop
  endfacet
  facet normal -0 0 -1
    outer loop
      vertex 60.8168 13.8253 1.2
      vertex 60.1035 13.5936 1.2
      vertex 60.7147 14.0718 1.2
    endloop
  endfacet
  facet normal 0 0 -1
    outer loop
      vertex 60.0465 13.7313 1.2
      vertex 60.7147 14.0718 1.2
      vertex 60.1035 13.5936 1.2
    endloop
  endfacet
  facet normal 0 0 -1
    outer loop
      vertex 60.8791 13.0341 1.2
      vertex 60.1383 13.1514 1.2
      vertex 60.15 13.3 1.2
    endloop
  endfacet
  facet normal 0 0 -1
    outer loop
      vertex 60.8168 12.7747 1.2
      vertex 60.1035 13.0064 1.2
      vertex 60.1383 13.1514 1.2
    endloop
  endfacet
  facet normal 0 0 -1
    outer loop
      vertex 60.7147 12.5282 1.2
      vertex 60.0465 12.8687 1.2
      vertex 60.1035 13.0064 1.2
    endloop
  endfacet
  facet normal 0 0 -1
    outer loop
      vertex 59.7584 12.5314 1.2
      vertex 60.1992 11.9247 1.2
      vertex 59.9718 11.7853 1.2
    endloop
  endfacet
  facet normal 0 0 -1
    outer loop
      vertex 60.5753 12.3008 1.2
      vertex 59.9686 12.7416 1.2
      vertex 60.0465 12.8687 1.2
    endloop
  endfacet
  facet normal 0 0 -1
    outer loop
      vertex 60.4021 12.0979 1.2
      vertex 59.8717 12.6282 1.2
      vertex 59.9686 12.7416 1.2
    endloop
  endfacet
  facet normal 0 0 -1
    outer loop
      vertex 60.1992 11.9247 1.2
      vertex 59.7584 12.5314 1.2
      vertex 59.8717 12.6282 1.2
    endloop
  endfacet
  facet normal 0 0 -1
    outer loop
      vertex 59.6313 12.4535 1.2
      vertex 59.9718 11.7853 1.2
      vertex 59.7253 11.6832 1.2
    endloop
  endfacet
  facet normal 0 0 -1
    outer loop
      vertex 59.9718 11.7853 1.2
      vertex 59.6313 12.4535 1.2
      vertex 59.7584 12.5314 1.2
    endloop
  endfacet
  facet normal 0 0 -1
    outer loop
      vertex 59.7253 11.6832 1.2
      vertex 59.4936 12.3965 1.2
      vertex 59.6313 12.4535 1.2
    endloop
  endfacet
  facet normal 0 0 -1
    outer loop
      vertex 59.4659 11.6209 1.2
      vertex 59.4936 12.3965 1.2
      vertex 59.7253 11.6832 1.2
    endloop
  endfacet
  facet normal 0 0 -1
    outer loop
      vertex 59.4659 11.6209 1.2
      vertex 59.3486 12.3617 1.2
      vertex 59.4936 12.3965 1.2
    endloop
  endfacet
  facet normal 0 0 -1
    outer loop
      vertex 59.2 11.6 1.2
      vertex 59.3486 12.3617 1.2
      vertex 59.4659 11.6209 1.2
    endloop
  endfacet
  facet normal 0 0 -1
    outer loop
      vertex 59.2 11.6 1.2
      vertex 59.2 12.35 1.2
      vertex 59.3486 12.3617 1.2
    endloop
  endfacet
  facet normal 0 0 -1
    outer loop
      vertex 59.2 11.6 1.2
      vertex 59.0514 12.3617 1.2
      vertex 59.2 12.35 1.2
    endloop
  endfacet
  facet normal 0 0 -1
    outer loop
      vertex 58.9341 11.6209 1.2
      vertex 59.0514 12.3617 1.2
      vertex 59.2 11.6 1.2
    endloop
  endfacet
  facet normal 0 0 -1
    outer loop
      vertex 58.9341 11.6209 1.2
      vertex 58.9064 12.3965 1.2
      vertex 59.0514 12.3617 1.2
    endloop
  endfacet
  facet normal 0 0 -1
    outer loop
      vertex 58.6747 11.6832 1.2
      vertex 58.9064 12.3965 1.2
      vertex 58.9341 11.6209 1.2
    endloop
  endfacet
  facet normal -0 0 -1
    outer loop
      vertex 58.9064 12.3965 1.2
      vertex 58.6747 11.6832 1.2
      vertex 58.7687 12.4535 1.2
    endloop
  endfacet
  facet normal 0 0 -1
    outer loop
      vertex 58.4282 11.7853 1.2
      vertex 58.7687 12.4535 1.2
      vertex 58.6747 11.6832 1.2
    endloop
  endfacet
  facet normal -0 0 -1
    outer loop
      vertex 58.7687 12.4535 1.2
      vertex 58.4282 11.7853 1.2
      vertex 58.6416 12.5314 1.2
    endloop
  endfacet
  facet normal 0 0 -1
    outer loop
      vertex 58.2008 11.9247 1.2
      vertex 58.6416 12.5314 1.2
      vertex 58.4282 11.7853 1.2
    endloop
  endfacet
  facet normal -0 0 -1
    outer loop
      vertex 58.6416 12.5314 1.2
      vertex 58.2008 11.9247 1.2
      vertex 58.5282 12.6282 1.2
    endloop
  endfacet
  facet normal 0 0 -1
    outer loop
      vertex 57.9979 12.0979 1.2
      vertex 58.5282 12.6282 1.2
      vertex 58.2008 11.9247 1.2
    endloop
  endfacet
  facet normal -0 0 -1
    outer loop
      vertex 58.5282 12.6282 1.2
      vertex 57.9979 12.0979 1.2
      vertex 58.4314 12.7416 1.2
    endloop
  endfacet
  facet normal 0 0 -1
    outer loop
      vertex 57.8247 12.3008 1.2
      vertex 58.4314 12.7416 1.2
      vertex 57.9979 12.0979 1.2
    endloop
  endfacet
  facet normal 0 0 -1
    outer loop
      vertex 57.6853 12.5282 1.2
      vertex 58.3535 12.8687 1.2
      vertex 57.8247 12.3008 1.2
    endloop
  endfacet
  facet normal -0 0 -1
    outer loop
      vertex 58.4314 12.7416 1.2
      vertex 57.8247 12.3008 1.2
      vertex 58.3535 12.8687 1.2
    endloop
  endfacet
  facet normal -0 0 -1
    outer loop
      vertex 60.7147 14.0718 1.2
      vertex 60.0465 13.7313 1.2
      vertex 60.5753 14.2992 1.2
    endloop
  endfacet
  facet normal 0 0 -1
    outer loop
      vertex 59.9686 13.8584 1.2
      vertex 60.5753 14.2992 1.2
      vertex 60.0465 13.7313 1.2
    endloop
  endfacet
  facet normal -0 0 -1
    outer loop
      vertex 60.5753 14.2992 1.2
      vertex 59.9686 13.8584 1.2
      vertex 60.4021 14.5021 1.2
    endloop
  endfacet
  facet normal 0 0 -1
    outer loop
      vertex 59.8717 13.9718 1.2
      vertex 60.4021 14.5021 1.2
      vertex 59.9686 13.8584 1.2
    endloop
  endfacet
  facet normal -0 0 -1
    outer loop
      vertex 60.4021 14.5021 1.2
      vertex 59.8717 13.9718 1.2
      vertex 60.1992 14.6753 1.2
    endloop
  endfacet
  facet normal 0 0 -1
    outer loop
      vertex 59.7584 14.0686 1.2
      vertex 60.1992 14.6753 1.2
      vertex 59.8717 13.9718 1.2
    endloop
  endfacet
  facet normal -0 0 -1
    outer loop
      vertex 60.1992 14.6753 1.2
      vertex 59.7584 14.0686 1.2
      vertex 59.9718 14.8147 1.2
    endloop
  endfacet
  facet normal 0 0 -1
    outer loop
      vertex 59.6313 14.1465 1.2
      vertex 59.9718 14.8147 1.2
      vertex 59.7584 14.0686 1.2
    endloop
  endfacet
  facet normal -0 0 -1
    outer loop
      vertex 59.9718 14.8147 1.2
      vertex 59.6313 14.1465 1.2
      vertex 59.7253 14.9168 1.2
    endloop
  endfacet
  facet normal 0 0 -1
    outer loop
      vertex 59.4936 14.2035 1.2
      vertex 59.7253 14.9168 1.2
      vertex 59.6313 14.1465 1.2
    endloop
  endfacet
  facet normal 0 0 -1
    outer loop
      vertex 59.4936 14.2035 1.2
      vertex 59.4659 14.9791 1.2
      vertex 59.7253 14.9168 1.2
    endloop
  endfacet
  facet normal 0 0 -1
    outer loop
      vertex 59.3486 14.2383 1.2
      vertex 59.4659 14.9791 1.2
      vertex 59.4936 14.2035 1.2
    endloop
  endfacet
  facet normal 0 0 -1
    outer loop
      vertex 59.2 14.25 1.2
      vertex 59.4659 14.9791 1.2
      vertex 59.3486 14.2383 1.2
    endloop
  endfacet
  facet normal 0 0 -1
    outer loop
      vertex 59.2 14.25 1.2
      vertex 59.2 15 1.2
      vertex 59.4659 14.9791 1.2
    endloop
  endfacet
  facet normal 0 0 -1
    outer loop
      vertex 59.0514 14.2383 1.2
      vertex 59.2 15 1.2
      vertex 59.2 14.25 1.2
    endloop
  endfacet
  facet normal 0 0 -1
    outer loop
      vertex 59.0514 14.2383 1.2
      vertex 58.9341 14.9791 1.2
      vertex 59.2 15 1.2
    endloop
  endfacet
  facet normal 0 0 -1
    outer loop
      vertex 58.9064 14.2035 1.2
      vertex 58.9341 14.9791 1.2
      vertex 59.0514 14.2383 1.2
    endloop
  endfacet
  facet normal 0 0 -1
    outer loop
      vertex 58.6747 14.9168 1.2
      vertex 58.9064 14.2035 1.2
      vertex 58.7687 14.1465 1.2
    endloop
  endfacet
  facet normal 0 0 -1
    outer loop
      vertex 58.9064 14.2035 1.2
      vertex 58.6747 14.9168 1.2
      vertex 58.9341 14.9791 1.2
    endloop
  endfacet
  facet normal 0 0 -1
    outer loop
      vertex 58.4282 14.8147 1.2
      vertex 58.7687 14.1465 1.2
      vertex 58.6416 14.0686 1.2
    endloop
  endfacet
  facet normal 0 0 -1
    outer loop
      vertex 58.2008 14.6753 1.2
      vertex 58.6416 14.0686 1.2
      vertex 58.5282 13.9718 1.2
    endloop
  endfacet
  facet normal 0 0 -1
    outer loop
      vertex 57.9979 14.5021 1.2
      vertex 58.5282 13.9718 1.2
      vertex 58.4314 13.8584 1.2
    endloop
  endfacet
  facet normal 0 0 -1
    outer loop
      vertex 58.7687 14.1465 1.2
      vertex 58.4282 14.8147 1.2
      vertex 58.6747 14.9168 1.2
    endloop
  endfacet
  facet normal 0 0 -1
    outer loop
      vertex 57.8247 14.2992 1.2
      vertex 58.4314 13.8584 1.2
      vertex 58.3535 13.7313 1.2
    endloop
  endfacet
  facet normal 0 0 -1
    outer loop
      vertex 57.6853 14.0718 1.2
      vertex 58.3535 13.7313 1.2
      vertex 58.2965 13.5936 1.2
    endloop
  endfacet
  facet normal 0 0 -1
    outer loop
      vertex 57.5832 13.8253 1.2
      vertex 58.2965 13.5936 1.2
      vertex 58.2617 13.4486 1.2
    endloop
  endfacet
  facet normal 0 0 -1
    outer loop
      vertex 58.6416 14.0686 1.2
      vertex 58.2008 14.6753 1.2
      vertex 58.4282 14.8147 1.2
    endloop
  endfacet
  facet normal 0 0 -1
    outer loop
      vertex 57.5209 13.5659 1.2
      vertex 58.2617 13.4486 1.2
      vertex 58.25 13.3 1.2
    endloop
  endfacet
  facet normal -0 0 -1
    outer loop
      vertex 58.3535 12.8687 1.2
      vertex 57.6853 12.5282 1.2
      vertex 58.2965 13.0064 1.2
    endloop
  endfacet
  facet normal 0 0 -1
    outer loop
      vertex 57.5832 12.7747 1.2
      vertex 58.2965 13.0064 1.2
      vertex 57.6853 12.5282 1.2
    endloop
  endfacet
  facet normal 0 0 -1
    outer loop
      vertex 58.5282 13.9718 1.2
      vertex 57.9979 14.5021 1.2
      vertex 58.2008 14.6753 1.2
    endloop
  endfacet
  facet normal -0 0 -1
    outer loop
      vertex 58.2965 13.0064 1.2
      vertex 57.5832 12.7747 1.2
      vertex 58.2617 13.1514 1.2
    endloop
  endfacet
  facet normal 0 0 -1
    outer loop
      vertex 58.4314 13.8584 1.2
      vertex 57.8247 14.2992 1.2
      vertex 57.9979 14.5021 1.2
    endloop
  endfacet
  facet normal 0 0 -1
    outer loop
      vertex 57.5209 13.0341 1.2
      vertex 58.2617 13.1514 1.2
      vertex 57.5832 12.7747 1.2
    endloop
  endfacet
  facet normal 0 0 -1
    outer loop
      vertex 58.3535 13.7313 1.2
      vertex 57.6853 14.0718 1.2
      vertex 57.8247 14.2992 1.2
    endloop
  endfacet
  facet normal -0 0 -1
    outer loop
      vertex 58.2617 13.1514 1.2
      vertex 57.5209 13.0341 1.2
      vertex 58.25 13.3 1.2
    endloop
  endfacet
  facet normal 0 0 -1
    outer loop
      vertex 58.2965 13.5936 1.2
      vertex 57.5832 13.8253 1.2
      vertex 57.6853 14.0718 1.2
    endloop
  endfacet
  facet normal 0 0 -1
    outer loop
      vertex 57.5 13.3 1.2
      vertex 58.25 13.3 1.2
      vertex 57.5209 13.0341 1.2
    endloop
  endfacet
  facet normal 0 0 -1
    outer loop
      vertex 58.2617 13.4486 1.2
      vertex 57.5209 13.5659 1.2
      vertex 57.5832 13.8253 1.2
    endloop
  endfacet
  facet normal 0 0 -1
    outer loop
      vertex 58.25 13.3 1.2
      vertex 57.5 13.3 1.2
      vertex 57.5209 13.5659 1.2
    endloop
  endfacet
  facet normal 0.996925 -0.0783593 0
    outer loop
      vertex 57.5 13.3 1.2
      vertex 57.5209 13.5659 0
      vertex 57.5209 13.5659 1.2
    endloop
  endfacet
  facet normal 0.996925 -0.0783593 0
    outer loop
      vertex 57.5209 13.5659 0
      vertex 57.5 13.3 1.2
      vertex 57.5 13.3 0
    endloop
  endfacet
  facet normal 0.923884 -0.382672 0
    outer loop
      vertex 57.5832 13.8253 1.2
      vertex 57.6853 14.0718 0
      vertex 57.6853 14.0718 1.2
    endloop
  endfacet
  facet normal 0.923884 -0.382672 0
    outer loop
      vertex 57.6853 14.0718 0
      vertex 57.5832 13.8253 1.2
      vertex 57.5832 13.8253 0
    endloop
  endfacet
  facet normal 0.233373 0.972387 -0
    outer loop
      vertex 12.0514 23.7617 1.2
      vertex 11.9064 23.7965 5
      vertex 12.0514 23.7617 5
    endloop
  endfacet
  facet normal 0.233373 0.972387 0
    outer loop
      vertex 11.9064 23.7965 5
      vertex 12.0514 23.7617 1.2
      vertex 11.9064 23.7965 1.2
    endloop
  endfacet
  facet normal -0.972387 -0.233373 0
    outer loop
      vertex 13.1383 24.8486 1.2
      vertex 13.1035 24.9936 5
      vertex 13.1035 24.9936 1.2
    endloop
  endfacet
  facet normal -0.972387 -0.233373 0
    outer loop
      vertex 13.1035 24.9936 5
      vertex 13.1383 24.8486 1.2
      vertex 13.1383 24.8486 5
    endloop
  endfacet
  facet normal -0.996915 -0.0784919 0
    outer loop
      vertex 13.15 24.7 1.2
      vertex 13.1383 24.8486 5
      vertex 13.1383 24.8486 1.2
    endloop
  endfacet
  facet normal -0.996915 -0.0784919 0
    outer loop
      vertex 13.1383 24.8486 5
      vertex 13.15 24.7 1.2
      vertex 13.15 24.7 5
    endloop
  endfacet
  facet normal -0.38247 0.923968 0
    outer loop
      vertex 12.6313 23.8535 1.2
      vertex 12.4936 23.7965 5
      vertex 12.6313 23.8535 5
    endloop
  endfacet
  facet normal -0.38247 0.923968 0
    outer loop
      vertex 12.4936 23.7965 5
      vertex 12.6313 23.8535 1.2
      vertex 12.4936 23.7965 1.2
    endloop
  endfacet
  facet normal -0.0784919 -0.996915 0
    outer loop
      vertex 12.2 25.65 1.2
      vertex 12.3486 25.6383 5
      vertex 12.2 25.65 5
    endloop
  endfacet
  facet normal -0.0784919 -0.996915 -0
    outer loop
      vertex 12.3486 25.6383 5
      vertex 12.2 25.65 1.2
      vertex 12.3486 25.6383 1.2
    endloop
  endfacet
  facet normal -0.522562 -0.852601 0
    outer loop
      vertex 12.6313 25.5465 1.2
      vertex 12.7584 25.4686 5
      vertex 12.6313 25.5465 5
    endloop
  endfacet
  facet normal -0.522562 -0.852601 -0
    outer loop
      vertex 12.7584 25.4686 5
      vertex 12.6313 25.5465 1.2
      vertex 12.7584 25.4686 1.2
    endloop
  endfacet
  facet normal -0.649631 -0.76025 0
    outer loop
      vertex 12.7584 25.4686 1.2
      vertex 12.8718 25.3717 5
      vertex 12.7584 25.4686 5
    endloop
  endfacet
  facet normal -0.649631 -0.76025 -0
    outer loop
      vertex 12.8718 25.3717 5
      vertex 12.7584 25.4686 1.2
      vertex 12.8718 25.3717 1.2
    endloop
  endfacet
  facet normal 0.38247 0.923968 -0
    outer loop
      vertex 11.9064 23.7965 1.2
      vertex 11.7687 23.8535 5
      vertex 11.9064 23.7965 5
    endloop
  endfacet
  facet normal 0.38247 0.923968 0
    outer loop
      vertex 11.7687 23.8535 5
      vertex 11.9064 23.7965 1.2
      vertex 11.7687 23.8535 1.2
    endloop
  endfacet
  facet normal 0.0784919 -0.996915 0
    outer loop
      vertex 12.0514 25.6383 1.2
      vertex 12.2 25.65 5
      vertex 12.0514 25.6383 5
    endloop
  endfacet
  facet normal 0.0784919 -0.996915 0
    outer loop
      vertex 12.2 25.65 5
      vertex 12.0514 25.6383 1.2
      vertex 12.2 25.65 1.2
    endloop
  endfacet
  facet normal 0.649631 -0.76025 0
    outer loop
      vertex 11.5282 25.3717 1.2
      vertex 11.6416 25.4686 5
      vertex 11.5282 25.3717 5
    endloop
  endfacet
  facet normal 0.649631 -0.76025 0
    outer loop
      vertex 11.6416 25.4686 5
      vertex 11.5282 25.3717 1.2
      vertex 11.6416 25.4686 1.2
    endloop
  endfacet
  facet normal 0.852601 -0.522562 0
    outer loop
      vertex 11.3535 25.1313 5
      vertex 11.4314 25.2584 1.2
      vertex 11.4314 25.2584 5
    endloop
  endfacet
  facet normal 0.852601 -0.522562 0
    outer loop
      vertex 11.4314 25.2584 1.2
      vertex 11.3535 25.1313 5
      vertex 11.3535 25.1313 1.2
    endloop
  endfacet
  facet normal 0.852601 0.522562 0
    outer loop
      vertex 11.4314 24.1416 5
      vertex 11.3535 24.2687 1.2
      vertex 11.3535 24.2687 5
    endloop
  endfacet
  facet normal 0.852601 0.522562 0
    outer loop
      vertex 11.3535 24.2687 1.2
      vertex 11.4314 24.1416 5
      vertex 11.4314 24.1416 1.2
    endloop
  endfacet
  facet normal 0.38247 -0.923968 0
    outer loop
      vertex 11.7687 25.5465 1.2
      vertex 11.9064 25.6035 5
      vertex 11.7687 25.5465 5
    endloop
  endfacet
  facet normal 0.38247 -0.923968 0
    outer loop
      vertex 11.9064 25.6035 5
      vertex 11.7687 25.5465 1.2
      vertex 11.9064 25.6035 1.2
    endloop
  endfacet
  facet normal -0.233373 0.972387 0
    outer loop
      vertex 12.4936 23.7965 1.2
      vertex 12.3486 23.7617 5
      vertex 12.4936 23.7965 5
    endloop
  endfacet
  facet normal -0.233373 0.972387 0
    outer loop
      vertex 12.3486 23.7617 5
      vertex 12.4936 23.7965 1.2
      vertex 12.3486 23.7617 1.2
    endloop
  endfacet
  facet normal 0.760298 -0.649575 0
    outer loop
      vertex 11.4314 25.2584 5
      vertex 11.5282 25.3717 1.2
      vertex 11.5282 25.3717 5
    endloop
  endfacet
  facet normal 0.760298 -0.649575 0
    outer loop
      vertex 11.5282 25.3717 1.2
      vertex 11.4314 25.2584 5
      vertex 11.4314 25.2584 1.2
    endloop
  endfacet
  facet normal -0.760298 -0.649575 0
    outer loop
      vertex 12.9686 25.2584 1.2
      vertex 12.8718 25.3717 5
      vertex 12.8718 25.3717 1.2
    endloop
  endfacet
  facet normal -0.760298 -0.649575 0
    outer loop
      vertex 12.8718 25.3717 5
      vertex 12.9686 25.2584 1.2
      vertex 12.9686 25.2584 5
    endloop
  endfacet
  facet normal 0.233373 -0.972387 0
    outer loop
      vertex 11.9064 25.6035 1.2
      vertex 12.0514 25.6383 5
      vertex 11.9064 25.6035 5
    endloop
  endfacet
  facet normal 0.233373 -0.972387 0
    outer loop
      vertex 12.0514 25.6383 5
      vertex 11.9064 25.6035 1.2
      vertex 12.0514 25.6383 1.2
    endloop
  endfacet
  facet normal 0.972387 -0.233373 0
    outer loop
      vertex 11.2617 24.8486 5
      vertex 11.2965 24.9936 1.2
      vertex 11.2965 24.9936 5
    endloop
  endfacet
  facet normal 0.972387 -0.233373 0
    outer loop
      vertex 11.2965 24.9936 1.2
      vertex 11.2617 24.8486 5
      vertex 11.2617 24.8486 1.2
    endloop
  endfacet
  facet normal -0.760581 0.649243 0
    outer loop
      vertex 12.8718 24.0282 1.2
      vertex 12.9686 24.1416 5
      vertex 12.9686 24.1416 1.2
    endloop
  endfacet
  facet normal -0.760581 0.649243 0
    outer loop
      vertex 12.9686 24.1416 5
      vertex 12.8718 24.0282 1.2
      vertex 12.8718 24.0282 5
    endloop
  endfacet
  facet normal -0.233373 -0.972387 0
    outer loop
      vertex 12.3486 25.6383 1.2
      vertex 12.4936 25.6035 5
      vertex 12.3486 25.6383 5
    endloop
  endfacet
  facet normal -0.233373 -0.972387 -0
    outer loop
      vertex 12.4936 25.6035 5
      vertex 12.3486 25.6383 1.2
      vertex 12.4936 25.6035 1.2
    endloop
  endfacet
  facet normal 0.972387 0.233373 0
    outer loop
      vertex 11.2965 24.4064 5
      vertex 11.2617 24.5514 1.2
      vertex 11.2617 24.5514 5
    endloop
  endfacet
  facet normal 0.972387 0.233373 0
    outer loop
      vertex 11.2617 24.5514 1.2
      vertex 11.2965 24.4064 5
      vertex 11.2965 24.4064 1.2
    endloop
  endfacet
  facet normal 0.522562 -0.852601 0
    outer loop
      vertex 11.6416 25.4686 1.2
      vertex 11.7687 25.5465 5
      vertex 11.6416 25.4686 5
    endloop
  endfacet
  facet normal 0.522562 -0.852601 0
    outer loop
      vertex 11.7687 25.5465 5
      vertex 11.6416 25.4686 1.2
      vertex 11.7687 25.5465 1.2
    endloop
  endfacet
  facet normal -0.0784919 0.996915 0
    outer loop
      vertex 12.3486 23.7617 1.2
      vertex 12.2 23.75 5
      vertex 12.3486 23.7617 5
    endloop
  endfacet
  facet normal -0.0784919 0.996915 0
    outer loop
      vertex 12.2 23.75 5
      vertex 12.3486 23.7617 1.2
      vertex 12.2 23.75 1.2
    endloop
  endfacet
  facet normal 0.0784919 0.996915 -0
    outer loop
      vertex 12.2 23.75 1.2
      vertex 12.0514 23.7617 5
      vertex 12.2 23.75 5
    endloop
  endfacet
  facet normal 0.0784919 0.996915 0
    outer loop
      vertex 12.0514 23.7617 5
      vertex 12.2 23.75 1.2
      vertex 12.0514 23.7617 1.2
    endloop
  endfacet
  facet normal -0.996915 0.0784919 0
    outer loop
      vertex 13.1383 24.5514 1.2
      vertex 13.15 24.7 5
      vertex 13.15 24.7 1.2
    endloop
  endfacet
  facet normal -0.996915 0.0784919 0
    outer loop
      vertex 13.15 24.7 5
      vertex 13.1383 24.5514 1.2
      vertex 13.1383 24.5514 5
    endloop
  endfacet
  facet normal -0.972387 0.233373 0
    outer loop
      vertex 13.1035 24.4064 1.2
      vertex 13.1383 24.5514 5
      vertex 13.1383 24.5514 1.2
    endloop
  endfacet
  facet normal -0.972387 0.233373 0
    outer loop
      vertex 13.1383 24.5514 5
      vertex 13.1035 24.4064 1.2
      vertex 13.1035 24.4064 5
    endloop
  endfacet
  facet normal -0.923968 0.38247 0
    outer loop
      vertex 13.0465 24.2687 1.2
      vertex 13.1035 24.4064 5
      vertex 13.1035 24.4064 1.2
    endloop
  endfacet
  facet normal -0.923968 0.38247 0
    outer loop
      vertex 13.1035 24.4064 5
      vertex 13.0465 24.2687 1.2
      vertex 13.0465 24.2687 5
    endloop
  endfacet
  facet normal -0.852601 0.522562 0
    outer loop
      vertex 12.9686 24.1416 1.2
      vertex 13.0465 24.2687 5
      vertex 13.0465 24.2687 1.2
    endloop
  endfacet
  facet normal -0.852601 0.522562 0
    outer loop
      vertex 13.0465 24.2687 5
      vertex 12.9686 24.1416 1.2
      vertex 12.9686 24.1416 5
    endloop
  endfacet
  facet normal 0.923968 0.38247 0
    outer loop
      vertex 11.3535 24.2687 5
      vertex 11.2965 24.4064 1.2
      vertex 11.2965 24.4064 5
    endloop
  endfacet
  facet normal 0.923968 0.38247 0
    outer loop
      vertex 11.2965 24.4064 1.2
      vertex 11.3535 24.2687 5
      vertex 11.3535 24.2687 1.2
    endloop
  endfacet
  facet normal -0.923968 -0.38247 0
    outer loop
      vertex 13.1035 24.9936 1.2
      vertex 13.0465 25.1313 5
      vertex 13.0465 25.1313 1.2
    endloop
  endfacet
  facet normal -0.923968 -0.38247 0
    outer loop
      vertex 13.0465 25.1313 5
      vertex 13.1035 24.9936 1.2
      vertex 13.1035 24.9936 5
    endloop
  endfacet
  facet normal -0.38247 -0.923968 0
    outer loop
      vertex 12.4936 25.6035 1.2
      vertex 12.6313 25.5465 5
      vertex 12.4936 25.6035 5
    endloop
  endfacet
  facet normal -0.38247 -0.923968 -0
    outer loop
      vertex 12.6313 25.5465 5
      vertex 12.4936 25.6035 1.2
      vertex 12.6313 25.5465 1.2
    endloop
  endfacet
  facet normal 0.522562 0.852601 -0
    outer loop
      vertex 11.7687 23.8535 1.2
      vertex 11.6416 23.9314 5
      vertex 11.7687 23.8535 5
    endloop
  endfacet
  facet normal 0.522562 0.852601 0
    outer loop
      vertex 11.6416 23.9314 5
      vertex 11.7687 23.8535 1.2
      vertex 11.6416 23.9314 1.2
    endloop
  endfacet
  facet normal 0.649243 0.760581 -0
    outer loop
      vertex 11.6416 23.9314 1.2
      vertex 11.5282 24.0282 5
      vertex 11.6416 23.9314 5
    endloop
  endfacet
  facet normal 0.649243 0.760581 0
    outer loop
      vertex 11.5282 24.0282 5
      vertex 11.6416 23.9314 1.2
      vertex 11.5282 24.0282 1.2
    endloop
  endfacet
  facet normal -0.852601 -0.522562 0
    outer loop
      vertex 13.0465 25.1313 1.2
      vertex 12.9686 25.2584 5
      vertex 12.9686 25.2584 1.2
    endloop
  endfacet
  facet normal -0.852601 -0.522562 0
    outer loop
      vertex 12.9686 25.2584 5
      vertex 13.0465 25.1313 1.2
      vertex 13.0465 25.1313 5
    endloop
  endfacet
  facet normal 0.996915 -0.0784919 0
    outer loop
      vertex 11.25 24.7 5
      vertex 11.2617 24.8486 1.2
      vertex 11.2617 24.8486 5
    endloop
  endfacet
  facet normal 0.996915 -0.0784919 0
    outer loop
      vertex 11.2617 24.8486 1.2
      vertex 11.25 24.7 5
      vertex 11.25 24.7 1.2
    endloop
  endfacet
  facet normal -0.522562 0.852601 0
    outer loop
      vertex 12.7584 23.9314 1.2
      vertex 12.6313 23.8535 5
      vertex 12.7584 23.9314 5
    endloop
  endfacet
  facet normal -0.522562 0.852601 0
    outer loop
      vertex 12.6313 23.8535 5
      vertex 12.7584 23.9314 1.2
      vertex 12.6313 23.8535 1.2
    endloop
  endfacet
  facet normal 0.996915 0.0784919 0
    outer loop
      vertex 11.2617 24.5514 5
      vertex 11.25 24.7 1.2
      vertex 11.25 24.7 5
    endloop
  endfacet
  facet normal 0.996915 0.0784919 0
    outer loop
      vertex 11.25 24.7 1.2
      vertex 11.2617 24.5514 5
      vertex 11.2617 24.5514 1.2
    endloop
  endfacet
  facet normal -0.649243 0.760581 0
    outer loop
      vertex 12.8718 24.0282 1.2
      vertex 12.7584 23.9314 5
      vertex 12.8718 24.0282 5
    endloop
  endfacet
  facet normal -0.649243 0.760581 0
    outer loop
      vertex 12.7584 23.9314 5
      vertex 12.8718 24.0282 1.2
      vertex 12.7584 23.9314 1.2
    endloop
  endfacet
  facet normal 0.923968 -0.38247 0
    outer loop
      vertex 11.2965 24.9936 5
      vertex 11.3535 25.1313 1.2
      vertex 11.3535 25.1313 5
    endloop
  endfacet
  facet normal 0.923968 -0.38247 0
    outer loop
      vertex 11.3535 25.1313 1.2
      vertex 11.2965 24.9936 5
      vertex 11.2965 24.9936 1.2
    endloop
  endfacet
  facet normal 0.760581 0.649243 0
    outer loop
      vertex 11.5282 24.0282 5
      vertex 11.4314 24.1416 1.2
      vertex 11.4314 24.1416 5
    endloop
  endfacet
  facet normal 0.760581 0.649243 0
    outer loop
      vertex 11.4314 24.1416 1.2
      vertex 11.5282 24.0282 5
      vertex 11.5282 24.0282 1.2
    endloop
  endfacet
  facet normal -0.233529 0.97235 0
    outer loop
      vertex 12.7253 23.0832 0
      vertex 12.4659 23.0209 1.2
      vertex 12.7253 23.0832 1.2
    endloop
  endfacet
  facet normal -0.233529 0.97235 0
    outer loop
      vertex 12.4659 23.0209 1.2
      vertex 12.7253 23.0832 0
      vertex 12.4659 23.0209 0
    endloop
  endfacet
  facet normal -0.97235 -0.233529 0
    outer loop
      vertex 13.8791 24.9659 0
      vertex 13.8168 25.2253 1.2
      vertex 13.8168 25.2253 0
    endloop
  endfacet
  facet normal -0.97235 -0.233529 0
    outer loop
      vertex 13.8168 25.2253 1.2
      vertex 13.8791 24.9659 0
      vertex 13.8791 24.9659 1.2
    endloop
  endfacet
  facet normal -0.996925 -0.0783593 0
    outer loop
      vertex 13.9 24.7 0
      vertex 13.8791 24.9659 1.2
      vertex 13.8791 24.9659 0
    endloop
  endfacet
  facet normal -0.996925 -0.0783593 0
    outer loop
      vertex 13.8791 24.9659 1.2
      vertex 13.9 24.7 0
      vertex 13.9 24.7 1.2
    endloop
  endfacet
  facet normal 0.996925 -0.0783593 0
    outer loop
      vertex 10.5 24.7 1.2
      vertex 10.5209 24.9659 0
      vertex 10.5209 24.9659 1.2
    endloop
  endfacet
  facet normal 0.996925 -0.0783593 0
    outer loop
      vertex 10.5209 24.9659 0
      vertex 10.5 24.7 1.2
      vertex 10.5 24.7 0
    endloop
  endfacet
  facet normal -0.760578 -0.649247 0
    outer loop
      vertex 13.5753 25.6992 0
      vertex 13.4021 25.9021 1.2
      vertex 13.4021 25.9021 0
    endloop
  endfacet
  facet normal -0.760578 -0.649247 0
    outer loop
      vertex 13.4021 25.9021 1.2
      vertex 13.5753 25.6992 0
      vertex 13.5753 25.6992 1.2
    endloop
  endfacet
  facet normal -0.649247 -0.760578 0
    outer loop
      vertex 13.1992 26.0753 0
      vertex 13.4021 25.9021 1.2
      vertex 13.1992 26.0753 1.2
    endloop
  endfacet
  facet normal -0.649247 -0.760578 -0
    outer loop
      vertex 13.4021 25.9021 1.2
      vertex 13.1992 26.0753 0
      vertex 13.4021 25.9021 0
    endloop
  endfacet
  facet normal -0.0783593 0.996925 0
    outer loop
      vertex 12.4659 23.0209 0
      vertex 12.2 23 1.2
      vertex 12.4659 23.0209 1.2
    endloop
  endfacet
  facet normal -0.0783593 0.996925 0
    outer loop
      vertex 12.2 23 1.2
      vertex 12.4659 23.0209 0
      vertex 12.2 23 0
    endloop
  endfacet
  facet normal 0.649247 -0.760578 0
    outer loop
      vertex 10.9979 25.9021 0
      vertex 11.2008 26.0753 1.2
      vertex 10.9979 25.9021 1.2
    endloop
  endfacet
  facet normal 0.649247 -0.760578 0
    outer loop
      vertex 11.2008 26.0753 1.2
      vertex 10.9979 25.9021 0
      vertex 11.2008 26.0753 0
    endloop
  endfacet
  facet normal -0.522632 -0.852558 0
    outer loop
      vertex 12.9718 26.2147 0
      vertex 13.1992 26.0753 1.2
      vertex 12.9718 26.2147 1.2
    endloop
  endfacet
  facet normal -0.522632 -0.852558 -0
    outer loop
      vertex 13.1992 26.0753 1.2
      vertex 12.9718 26.2147 0
      vertex 13.1992 26.0753 0
    endloop
  endfacet
  facet normal -0.382672 0.923884 0
    outer loop
      vertex 12.9718 23.1853 0
      vertex 12.7253 23.0832 1.2
      vertex 12.9718 23.1853 1.2
    endloop
  endfacet
  facet normal -0.382672 0.923884 0
    outer loop
      vertex 12.7253 23.0832 1.2
      vertex 12.9718 23.1853 0
      vertex 12.7253 23.0832 0
    endloop
  endfacet
  facet normal 0.996925 0.0783593 0
    outer loop
      vertex 10.5209 24.4341 1.2
      vertex 10.5 24.7 0
      vertex 10.5 24.7 1.2
    endloop
  endfacet
  facet normal 0.996925 0.0783593 0
    outer loop
      vertex 10.5 24.7 0
      vertex 10.5209 24.4341 1.2
      vertex 10.5209 24.4341 0
    endloop
  endfacet
  facet normal 0.522632 -0.852558 0
    outer loop
      vertex 11.2008 26.0753 0
      vertex 11.4282 26.2147 1.2
      vertex 11.2008 26.0753 1.2
    endloop
  endfacet
  facet normal 0.522632 -0.852558 0
    outer loop
      vertex 11.4282 26.2147 1.2
      vertex 11.2008 26.0753 0
      vertex 11.4282 26.2147 0
    endloop
  endfacet
  facet normal 0.97235 0.233529 0
    outer loop
      vertex 10.5832 24.1747 1.2
      vertex 10.5209 24.4341 0
      vertex 10.5209 24.4341 1.2
    endloop
  endfacet
  facet normal 0.97235 0.233529 0
    outer loop
      vertex 10.5209 24.4341 0
      vertex 10.5832 24.1747 1.2
      vertex 10.5832 24.1747 0
    endloop
  endfacet
  facet normal -0.852558 0.522632 0
    outer loop
      vertex 13.5753 23.7008 0
      vertex 13.7147 23.9282 1.2
      vertex 13.7147 23.9282 0
    endloop
  endfacet
  facet normal -0.852558 0.522632 0
    outer loop
      vertex 13.7147 23.9282 1.2
      vertex 13.5753 23.7008 0
      vertex 13.5753 23.7008 1.2
    endloop
  endfacet
  facet normal 0.97235 -0.233529 0
    outer loop
      vertex 10.5209 24.9659 1.2
      vertex 10.5832 25.2253 0
      vertex 10.5832 25.2253 1.2
    endloop
  endfacet
  facet normal 0.97235 -0.233529 0
    outer loop
      vertex 10.5832 25.2253 0
      vertex 10.5209 24.9659 1.2
      vertex 10.5209 24.9659 0
    endloop
  endfacet
  facet normal -0.522632 0.852558 0
    outer loop
      vertex 13.1992 23.3247 0
      vertex 12.9718 23.1853 1.2
      vertex 13.1992 23.3247 1.2
    endloop
  endfacet
  facet normal -0.522632 0.852558 0
    outer loop
      vertex 12.9718 23.1853 1.2
      vertex 13.1992 23.3247 0
      vertex 12.9718 23.1853 0
    endloop
  endfacet
  facet normal -0.923884 0.382672 0
    outer loop
      vertex 13.7147 23.9282 0
      vertex 13.8168 24.1747 1.2
      vertex 13.8168 24.1747 0
    endloop
  endfacet
  facet normal -0.923884 0.382672 0
    outer loop
      vertex 13.8168 24.1747 1.2
      vertex 13.7147 23.9282 0
      vertex 13.7147 23.9282 1.2
    endloop
  endfacet
  facet normal -0.233529 -0.97235 0
    outer loop
      vertex 12.4659 26.3791 0
      vertex 12.7253 26.3168 1.2
      vertex 12.4659 26.3791 1.2
    endloop
  endfacet
  facet normal -0.233529 -0.97235 -0
    outer loop
      vertex 12.7253 26.3168 1.2
      vertex 12.4659 26.3791 0
      vertex 12.7253 26.3168 0
    endloop
  endfacet
  facet normal 0.852558 -0.522632 0
    outer loop
      vertex 10.6853 25.4718 1.2
      vertex 10.8247 25.6992 0
      vertex 10.8247 25.6992 1.2
    endloop
  endfacet
  facet normal 0.852558 -0.522632 0
    outer loop
      vertex 10.8247 25.6992 0
      vertex 10.6853 25.4718 1.2
      vertex 10.6853 25.4718 0
    endloop
  endfacet
  facet normal -0.996925 0.0783593 0
    outer loop
      vertex 13.8791 24.4341 0
      vertex 13.9 24.7 1.2
      vertex 13.9 24.7 0
    endloop
  endfacet
  facet normal -0.996925 0.0783593 0
    outer loop
      vertex 13.9 24.7 1.2
      vertex 13.8791 24.4341 0
      vertex 13.8791 24.4341 1.2
    endloop
  endfacet
  facet normal 0.522632 0.852558 -0
    outer loop
      vertex 11.4282 23.1853 0
      vertex 11.2008 23.3247 1.2
      vertex 11.4282 23.1853 1.2
    endloop
  endfacet
  facet normal 0.522632 0.852558 0
    outer loop
      vertex 11.2008 23.3247 1.2
      vertex 11.4282 23.1853 0
      vertex 11.2008 23.3247 0
    endloop
  endfacet
  facet normal 0.923884 0.382672 0
    outer loop
      vertex 10.6853 23.9282 1.2
      vertex 10.5832 24.1747 0
      vertex 10.5832 24.1747 1.2
    endloop
  endfacet
  facet normal 0.923884 0.382672 0
    outer loop
      vertex 10.5832 24.1747 0
      vertex 10.6853 23.9282 1.2
      vertex 10.6853 23.9282 0
    endloop
  endfacet
  facet normal -0.97235 0.233529 0
    outer loop
      vertex 13.8168 24.1747 0
      vertex 13.8791 24.4341 1.2
      vertex 13.8791 24.4341 0
    endloop
  endfacet
  facet normal -0.97235 0.233529 0
    outer loop
      vertex 13.8791 24.4341 1.2
      vertex 13.8168 24.1747 0
      vertex 13.8168 24.1747 1.2
    endloop
  endfacet
  facet normal 0 0 -1
    outer loop
      vertex 13.15 24.7 1.2
      vertex 13.9 24.7 1.2
      vertex 13.8791 24.4341 1.2
    endloop
  endfacet
  facet normal 0 0 -1
    outer loop
      vertex 13.1383 24.5514 1.2
      vertex 13.8791 24.4341 1.2
      vertex 13.8168 24.1747 1.2
    endloop
  endfacet
  facet normal 0 0 -1
    outer loop
      vertex 13.9 24.7 1.2
      vertex 13.15 24.7 1.2
      vertex 13.8791 24.9659 1.2
    endloop
  endfacet
  facet normal 0 0 -1
    outer loop
      vertex 13.1035 24.4064 1.2
      vertex 13.8168 24.1747 1.2
      vertex 13.7147 23.9282 1.2
    endloop
  endfacet
  facet normal 0 0 -1
    outer loop
      vertex 13.1383 24.8486 1.2
      vertex 13.8791 24.9659 1.2
      vertex 13.15 24.7 1.2
    endloop
  endfacet
  facet normal 0 0 -1
    outer loop
      vertex 13.0465 24.2687 1.2
      vertex 13.7147 23.9282 1.2
      vertex 13.5753 23.7008 1.2
    endloop
  endfacet
  facet normal -0 0 -1
    outer loop
      vertex 13.8791 24.9659 1.2
      vertex 13.1383 24.8486 1.2
      vertex 13.8168 25.2253 1.2
    endloop
  endfacet
  facet normal 0 0 -1
    outer loop
      vertex 12.9686 24.1416 1.2
      vertex 13.5753 23.7008 1.2
      vertex 13.4021 23.4979 1.2
    endloop
  endfacet
  facet normal 0 0 -1
    outer loop
      vertex 13.1035 24.9936 1.2
      vertex 13.8168 25.2253 1.2
      vertex 13.1383 24.8486 1.2
    endloop
  endfacet
  facet normal 0 0 -1
    outer loop
      vertex 12.8718 24.0282 1.2
      vertex 13.4021 23.4979 1.2
      vertex 13.1992 23.3247 1.2
    endloop
  endfacet
  facet normal -0 0 -1
    outer loop
      vertex 13.8168 25.2253 1.2
      vertex 13.1035 24.9936 1.2
      vertex 13.7147 25.4718 1.2
    endloop
  endfacet
  facet normal 0 0 -1
    outer loop
      vertex 13.0465 25.1313 1.2
      vertex 13.7147 25.4718 1.2
      vertex 13.1035 24.9936 1.2
    endloop
  endfacet
  facet normal 0 0 -1
    outer loop
      vertex 13.8791 24.4341 1.2
      vertex 13.1383 24.5514 1.2
      vertex 13.15 24.7 1.2
    endloop
  endfacet
  facet normal 0 0 -1
    outer loop
      vertex 13.8168 24.1747 1.2
      vertex 13.1035 24.4064 1.2
      vertex 13.1383 24.5514 1.2
    endloop
  endfacet
  facet normal 0 0 -1
    outer loop
      vertex 13.7147 23.9282 1.2
      vertex 13.0465 24.2687 1.2
      vertex 13.1035 24.4064 1.2
    endloop
  endfacet
  facet normal 0 0 -1
    outer loop
      vertex 12.7584 23.9314 1.2
      vertex 13.1992 23.3247 1.2
      vertex 12.9718 23.1853 1.2
    endloop
  endfacet
  facet normal 0 0 -1
    outer loop
      vertex 13.5753 23.7008 1.2
      vertex 12.9686 24.1416 1.2
      vertex 13.0465 24.2687 1.2
    endloop
  endfacet
  facet normal 0 0 -1
    outer loop
      vertex 13.4021 23.4979 1.2
      vertex 12.8718 24.0282 1.2
      vertex 12.9686 24.1416 1.2
    endloop
  endfacet
  facet normal 0 0 -1
    outer loop
      vertex 13.1992 23.3247 1.2
      vertex 12.7584 23.9314 1.2
      vertex 12.8718 24.0282 1.2
    endloop
  endfacet
  facet normal 0 0 -1
    outer loop
      vertex 12.6313 23.8535 1.2
      vertex 12.9718 23.1853 1.2
      vertex 12.7253 23.0832 1.2
    endloop
  endfacet
  facet normal 0 0 -1
    outer loop
      vertex 12.9718 23.1853 1.2
      vertex 12.6313 23.8535 1.2
      vertex 12.7584 23.9314 1.2
    endloop
  endfacet
  facet normal 0 0 -1
    outer loop
      vertex 12.7253 23.0832 1.2
      vertex 12.4936 23.7965 1.2
      vertex 12.6313 23.8535 1.2
    endloop
  endfacet
  facet normal 0 0 -1
    outer loop
      vertex 12.4659 23.0209 1.2
      vertex 12.4936 23.7965 1.2
      vertex 12.7253 23.0832 1.2
    endloop
  endfacet
  facet normal 0 0 -1
    outer loop
      vertex 12.4659 23.0209 1.2
      vertex 12.3486 23.7617 1.2
      vertex 12.4936 23.7965 1.2
    endloop
  endfacet
  facet normal 0 0 -1
    outer loop
      vertex 12.2 23 1.2
      vertex 12.3486 23.7617 1.2
      vertex 12.4659 23.0209 1.2
    endloop
  endfacet
  facet normal 0 0 -1
    outer loop
      vertex 12.2 23 1.2
      vertex 12.2 23.75 1.2
      vertex 12.3486 23.7617 1.2
    endloop
  endfacet
  facet normal 0 0 -1
    outer loop
      vertex 12.2 23 1.2
      vertex 12.0514 23.7617 1.2
      vertex 12.2 23.75 1.2
    endloop
  endfacet
  facet normal 0 0 -1
    outer loop
      vertex 11.9341 23.0209 1.2
      vertex 12.0514 23.7617 1.2
      vertex 12.2 23 1.2
    endloop
  endfacet
  facet normal 0 0 -1
    outer loop
      vertex 11.9341 23.0209 1.2
      vertex 11.9064 23.7965 1.2
      vertex 12.0514 23.7617 1.2
    endloop
  endfacet
  facet normal 0 0 -1
    outer loop
      vertex 11.6747 23.0832 1.2
      vertex 11.9064 23.7965 1.2
      vertex 11.9341 23.0209 1.2
    endloop
  endfacet
  facet normal -0 0 -1
    outer loop
      vertex 11.9064 23.7965 1.2
      vertex 11.6747 23.0832 1.2
      vertex 11.7687 23.8535 1.2
    endloop
  endfacet
  facet normal 0 0 -1
    outer loop
      vertex 11.4282 23.1853 1.2
      vertex 11.7687 23.8535 1.2
      vertex 11.6747 23.0832 1.2
    endloop
  endfacet
  facet normal -0 0 -1
    outer loop
      vertex 11.7687 23.8535 1.2
      vertex 11.4282 23.1853 1.2
      vertex 11.6416 23.9314 1.2
    endloop
  endfacet
  facet normal 0 0 -1
    outer loop
      vertex 11.2008 23.3247 1.2
      vertex 11.6416 23.9314 1.2
      vertex 11.4282 23.1853 1.2
    endloop
  endfacet
  facet normal -0 0 -1
    outer loop
      vertex 11.6416 23.9314 1.2
      vertex 11.2008 23.3247 1.2
      vertex 11.5282 24.0282 1.2
    endloop
  endfacet
  facet normal 0 0 -1
    outer loop
      vertex 10.9979 23.4979 1.2
      vertex 11.5282 24.0282 1.2
      vertex 11.2008 23.3247 1.2
    endloop
  endfacet
  facet normal -0 0 -1
    outer loop
      vertex 11.5282 24.0282 1.2
      vertex 10.9979 23.4979 1.2
      vertex 11.4314 24.1416 1.2
    endloop
  endfacet
  facet normal 0 0 -1
    outer loop
      vertex 10.8247 23.7008 1.2
      vertex 11.4314 24.1416 1.2
      vertex 10.9979 23.4979 1.2
    endloop
  endfacet
  facet normal 0 0 -1
    outer loop
      vertex 10.6853 23.9282 1.2
      vertex 11.3535 24.2687 1.2
      vertex 10.8247 23.7008 1.2
    endloop
  endfacet
  facet normal -0 0 -1
    outer loop
      vertex 11.4314 24.1416 1.2
      vertex 10.8247 23.7008 1.2
      vertex 11.3535 24.2687 1.2
    endloop
  endfacet
  facet normal -0 0 -1
    outer loop
      vertex 13.7147 25.4718 1.2
      vertex 13.0465 25.1313 1.2
      vertex 13.5753 25.6992 1.2
    endloop
  endfacet
  facet normal 0 0 -1
    outer loop
      vertex 12.9686 25.2584 1.2
      vertex 13.5753 25.6992 1.2
      vertex 13.0465 25.1313 1.2
    endloop
  endfacet
  facet normal -0 0 -1
    outer loop
      vertex 13.5753 25.6992 1.2
      vertex 12.9686 25.2584 1.2
      vertex 13.4021 25.9021 1.2
    endloop
  endfacet
  facet normal 0 0 -1
    outer loop
      vertex 12.8718 25.3717 1.2
      vertex 13.4021 25.9021 1.2
      vertex 12.9686 25.2584 1.2
    endloop
  endfacet
  facet normal -0 0 -1
    outer loop
      vertex 13.4021 25.9021 1.2
      vertex 12.8718 25.3717 1.2
      vertex 13.1992 26.0753 1.2
    endloop
  endfacet
  facet normal 0 0 -1
    outer loop
      vertex 12.7584 25.4686 1.2
      vertex 13.1992 26.0753 1.2
      vertex 12.8718 25.3717 1.2
    endloop
  endfacet
  facet normal -0 0 -1
    outer loop
      vertex 13.1992 26.0753 1.2
      vertex 12.7584 25.4686 1.2
      vertex 12.9718 26.2147 1.2
    endloop
  endfacet
  facet normal 0 0 -1
    outer loop
      vertex 12.6313 25.5465 1.2
      vertex 12.9718 26.2147 1.2
      vertex 12.7584 25.4686 1.2
    endloop
  endfacet
  facet normal -0 0 -1
    outer loop
      vertex 12.9718 26.2147 1.2
      vertex 12.6313 25.5465 1.2
      vertex 12.7253 26.3168 1.2
    endloop
  endfacet
  facet normal 0 0 -1
    outer loop
      vertex 12.4936 25.6035 1.2
      vertex 12.7253 26.3168 1.2
      vertex 12.6313 25.5465 1.2
    endloop
  endfacet
  facet normal 0 0 -1
    outer loop
      vertex 12.4936 25.6035 1.2
      vertex 12.4659 26.3791 1.2
      vertex 12.7253 26.3168 1.2
    endloop
  endfacet
  facet normal 0 0 -1
    outer loop
      vertex 12.3486 25.6383 1.2
      vertex 12.4659 26.3791 1.2
      vertex 12.4936 25.6035 1.2
    endloop
  endfacet
  facet normal 0 0 -1
    outer loop
      vertex 12.2 25.65 1.2
      vertex 12.4659 26.3791 1.2
      vertex 12.3486 25.6383 1.2
    endloop
  endfacet
  facet normal 0 0 -1
    outer loop
      vertex 12.2 25.65 1.2
      vertex 12.2 26.4 1.2
      vertex 12.4659 26.3791 1.2
    endloop
  endfacet
  facet normal 0 0 -1
    outer loop
      vertex 12.0514 25.6383 1.2
      vertex 12.2 26.4 1.2
      vertex 12.2 25.65 1.2
    endloop
  endfacet
  facet normal 0 0 -1
    outer loop
      vertex 12.0514 25.6383 1.2
      vertex 11.9341 26.3791 1.2
      vertex 12.2 26.4 1.2
    endloop
  endfacet
  facet normal 0 0 -1
    outer loop
      vertex 11.9064 25.6035 1.2
      vertex 11.9341 26.3791 1.2
      vertex 12.0514 25.6383 1.2
    endloop
  endfacet
  facet normal 0 0 -1
    outer loop
      vertex 11.6747 26.3168 1.2
      vertex 11.9064 25.6035 1.2
      vertex 11.7687 25.5465 1.2
    endloop
  endfacet
  facet normal 0 0 -1
    outer loop
      vertex 11.9064 25.6035 1.2
      vertex 11.6747 26.3168 1.2
      vertex 11.9341 26.3791 1.2
    endloop
  endfacet
  facet normal 0 0 -1
    outer loop
      vertex 11.4282 26.2147 1.2
      vertex 11.7687 25.5465 1.2
      vertex 11.6416 25.4686 1.2
    endloop
  endfacet
  facet normal 0 0 -1
    outer loop
      vertex 11.2008 26.0753 1.2
      vertex 11.6416 25.4686 1.2
      vertex 11.5282 25.3717 1.2
    endloop
  endfacet
  facet normal 0 0 -1
    outer loop
      vertex 10.9979 25.9021 1.2
      vertex 11.5282 25.3717 1.2
      vertex 11.4314 25.2584 1.2
    endloop
  endfacet
  facet normal 0 0 -1
    outer loop
      vertex 11.7687 25.5465 1.2
      vertex 11.4282 26.2147 1.2
      vertex 11.6747 26.3168 1.2
    endloop
  endfacet
  facet normal 0 0 -1
    outer loop
      vertex 10.8247 25.6992 1.2
      vertex 11.4314 25.2584 1.2
      vertex 11.3535 25.1313 1.2
    endloop
  endfacet
  facet normal 0 0 -1
    outer loop
      vertex 10.6853 25.4718 1.2
      vertex 11.3535 25.1313 1.2
      vertex 11.2965 24.9936 1.2
    endloop
  endfacet
  facet normal 0 0 -1
    outer loop
      vertex 10.5832 25.2253 1.2
      vertex 11.2965 24.9936 1.2
      vertex 11.2617 24.8486 1.2
    endloop
  endfacet
  facet normal 0 0 -1
    outer loop
      vertex 11.6416 25.4686 1.2
      vertex 11.2008 26.0753 1.2
      vertex 11.4282 26.2147 1.2
    endloop
  endfacet
  facet normal 0 0 -1
    outer loop
      vertex 10.5209 24.9659 1.2
      vertex 11.2617 24.8486 1.2
      vertex 11.25 24.7 1.2
    endloop
  endfacet
  facet normal -0 0 -1
    outer loop
      vertex 11.3535 24.2687 1.2
      vertex 10.6853 23.9282 1.2
      vertex 11.2965 24.4064 1.2
    endloop
  endfacet
  facet normal 0 0 -1
    outer loop
      vertex 10.5832 24.1747 1.2
      vertex 11.2965 24.4064 1.2
      vertex 10.6853 23.9282 1.2
    endloop
  endfacet
  facet normal 0 0 -1
    outer loop
      vertex 11.5282 25.3717 1.2
      vertex 10.9979 25.9021 1.2
      vertex 11.2008 26.0753 1.2
    endloop
  endfacet
  facet normal -0 0 -1
    outer loop
      vertex 11.2965 24.4064 1.2
      vertex 10.5832 24.1747 1.2
      vertex 11.2617 24.5514 1.2
    endloop
  endfacet
  facet normal 0 0 -1
    outer loop
      vertex 11.4314 25.2584 1.2
      vertex 10.8247 25.6992 1.2
      vertex 10.9979 25.9021 1.2
    endloop
  endfacet
  facet normal 0 0 -1
    outer loop
      vertex 10.5209 24.4341 1.2
      vertex 11.2617 24.5514 1.2
      vertex 10.5832 24.1747 1.2
    endloop
  endfacet
  facet normal 0 0 -1
    outer loop
      vertex 11.3535 25.1313 1.2
      vertex 10.6853 25.4718 1.2
      vertex 10.8247 25.6992 1.2
    endloop
  endfacet
  facet normal -0 0 -1
    outer loop
      vertex 11.2617 24.5514 1.2
      vertex 10.5209 24.4341 1.2
      vertex 11.25 24.7 1.2
    endloop
  endfacet
  facet normal 0 0 -1
    outer loop
      vertex 11.2965 24.9936 1.2
      vertex 10.5832 25.2253 1.2
      vertex 10.6853 25.4718 1.2
    endloop
  endfacet
  facet normal 0 0 -1
    outer loop
      vertex 10.5 24.7 1.2
      vertex 11.25 24.7 1.2
      vertex 10.5209 24.4341 1.2
    endloop
  endfacet
  facet normal 0 0 -1
    outer loop
      vertex 11.2617 24.8486 1.2
      vertex 10.5209 24.9659 1.2
      vertex 10.5832 25.2253 1.2
    endloop
  endfacet
  facet normal 0 0 -1
    outer loop
      vertex 11.25 24.7 1.2
      vertex 10.5 24.7 1.2
      vertex 10.5209 24.9659 1.2
    endloop
  endfacet
  facet normal 0.760578 -0.649247 0
    outer loop
      vertex 10.8247 25.6992 1.2
      vertex 10.9979 25.9021 0
      vertex 10.9979 25.9021 1.2
    endloop
  endfacet
  facet normal 0.760578 -0.649247 0
    outer loop
      vertex 10.9979 25.9021 0
      vertex 10.8247 25.6992 1.2
      vertex 10.8247 25.6992 0
    endloop
  endfacet
  facet normal 0.923884 -0.382672 0
    outer loop
      vertex 10.5832 25.2253 1.2
      vertex 10.6853 25.4718 0
      vertex 10.6853 25.4718 1.2
    endloop
  endfacet
  facet normal 0.923884 -0.382672 0
    outer loop
      vertex 10.6853 25.4718 0
      vertex 10.5832 25.2253 1.2
      vertex 10.5832 25.2253 0
    endloop
  endfacet
  facet normal 0.382672 -0.923884 0
    outer loop
      vertex 11.4282 26.2147 0
      vertex 11.6747 26.3168 1.2
      vertex 11.4282 26.2147 1.2
    endloop
  endfacet
  facet normal 0.382672 -0.923884 0
    outer loop
      vertex 11.6747 26.3168 1.2
      vertex 11.4282 26.2147 0
      vertex 11.6747 26.3168 0
    endloop
  endfacet
  facet normal -0.0783593 -0.996925 0
    outer loop
      vertex 12.2 26.4 0
      vertex 12.4659 26.3791 1.2
      vertex 12.2 26.4 1.2
    endloop
  endfacet
  facet normal -0.0783593 -0.996925 -0
    outer loop
      vertex 12.4659 26.3791 1.2
      vertex 12.2 26.4 0
      vertex 12.4659 26.3791 0
    endloop
  endfacet
  facet normal 0.233529 -0.97235 0
    outer loop
      vertex 11.6747 26.3168 0
      vertex 11.9341 26.3791 1.2
      vertex 11.6747 26.3168 1.2
    endloop
  endfacet
  facet normal 0.233529 -0.97235 0
    outer loop
      vertex 11.9341 26.3791 1.2
      vertex 11.6747 26.3168 0
      vertex 11.9341 26.3791 0
    endloop
  endfacet
  facet normal -0.852558 -0.522632 0
    outer loop
      vertex 13.7147 25.4718 0
      vertex 13.5753 25.6992 1.2
      vertex 13.5753 25.6992 0
    endloop
  endfacet
  facet normal -0.852558 -0.522632 0
    outer loop
      vertex 13.5753 25.6992 1.2
      vertex 13.7147 25.4718 0
      vertex 13.7147 25.4718 1.2
    endloop
  endfacet
  facet normal 0.760578 0.649247 0
    outer loop
      vertex 10.9979 23.4979 1.2
      vertex 10.8247 23.7008 0
      vertex 10.8247 23.7008 1.2
    endloop
  endfacet
  facet normal 0.760578 0.649247 0
    outer loop
      vertex 10.8247 23.7008 0
      vertex 10.9979 23.4979 1.2
      vertex 10.9979 23.4979 0
    endloop
  endfacet
  facet normal 0.649247 0.760578 -0
    outer loop
      vertex 11.2008 23.3247 0
      vertex 10.9979 23.4979 1.2
      vertex 11.2008 23.3247 1.2
    endloop
  endfacet
  facet normal 0.649247 0.760578 0
    outer loop
      vertex 10.9979 23.4979 1.2
      vertex 11.2008 23.3247 0
      vertex 10.9979 23.4979 0
    endloop
  endfacet
  facet normal -0.760578 0.649247 0
    outer loop
      vertex 13.4021 23.4979 0
      vertex 13.5753 23.7008 1.2
      vertex 13.5753 23.7008 0
    endloop
  endfacet
  facet normal -0.760578 0.649247 0
    outer loop
      vertex 13.5753 23.7008 1.2
      vertex 13.4021 23.4979 0
      vertex 13.4021 23.4979 1.2
    endloop
  endfacet
  facet normal -0.382672 -0.923884 0
    outer loop
      vertex 12.7253 26.3168 0
      vertex 12.9718 26.2147 1.2
      vertex 12.7253 26.3168 1.2
    endloop
  endfacet
  facet normal -0.382672 -0.923884 -0
    outer loop
      vertex 12.9718 26.2147 1.2
      vertex 12.7253 26.3168 0
      vertex 12.9718 26.2147 0
    endloop
  endfacet
  facet normal 0.0783593 0.996925 -0
    outer loop
      vertex 12.2 23 0
      vertex 11.9341 23.0209 1.2
      vertex 12.2 23 1.2
    endloop
  endfacet
  facet normal 0.0783593 0.996925 0
    outer loop
      vertex 11.9341 23.0209 1.2
      vertex 12.2 23 0
      vertex 11.9341 23.0209 0
    endloop
  endfacet
  facet normal 0.233529 0.97235 -0
    outer loop
      vertex 11.9341 23.0209 0
      vertex 11.6747 23.0832 1.2
      vertex 11.9341 23.0209 1.2
    endloop
  endfacet
  facet normal 0.233529 0.97235 0
    outer loop
      vertex 11.6747 23.0832 1.2
      vertex 11.9341 23.0209 0
      vertex 11.6747 23.0832 0
    endloop
  endfacet
  facet normal 0.0783593 -0.996925 0
    outer loop
      vertex 11.9341 26.3791 0
      vertex 12.2 26.4 1.2
      vertex 11.9341 26.3791 1.2
    endloop
  endfacet
  facet normal 0.0783593 -0.996925 0
    outer loop
      vertex 12.2 26.4 1.2
      vertex 11.9341 26.3791 0
      vertex 12.2 26.4 0
    endloop
  endfacet
  facet normal -0.923884 -0.382672 0
    outer loop
      vertex 13.8168 25.2253 0
      vertex 13.7147 25.4718 1.2
      vertex 13.7147 25.4718 0
    endloop
  endfacet
  facet normal -0.923884 -0.382672 0
    outer loop
      vertex 13.7147 25.4718 1.2
      vertex 13.8168 25.2253 0
      vertex 13.8168 25.2253 1.2
    endloop
  endfacet
  facet normal -0.649247 0.760578 0
    outer loop
      vertex 13.4021 23.4979 0
      vertex 13.1992 23.3247 1.2
      vertex 13.4021 23.4979 1.2
    endloop
  endfacet
  facet normal -0.649247 0.760578 0
    outer loop
      vertex 13.1992 23.3247 1.2
      vertex 13.4021 23.4979 0
      vertex 13.1992 23.3247 0
    endloop
  endfacet
  facet normal 0.852558 0.522632 0
    outer loop
      vertex 10.8247 23.7008 1.2
      vertex 10.6853 23.9282 0
      vertex 10.6853 23.9282 1.2
    endloop
  endfacet
  facet normal 0.852558 0.522632 0
    outer loop
      vertex 10.6853 23.9282 0
      vertex 10.8247 23.7008 1.2
      vertex 10.8247 23.7008 0
    endloop
  endfacet
  facet normal 0.382672 0.923884 -0
    outer loop
      vertex 11.6747 23.0832 0
      vertex 11.4282 23.1853 1.2
      vertex 11.6747 23.0832 1.2
    endloop
  endfacet
  facet normal 0.382672 0.923884 0
    outer loop
      vertex 11.4282 23.1853 1.2
      vertex 11.6747 23.0832 0
      vertex 11.4282 23.1853 0
    endloop
  endfacet
  facet normal 0.852601 0.522562 0
    outer loop
      vertex 11.4314 12.7416 5
      vertex 11.3535 12.8687 1.2
      vertex 11.3535 12.8687 5
    endloop
  endfacet
  facet normal 0.852601 0.522562 0
    outer loop
      vertex 11.3535 12.8687 1.2
      vertex 11.4314 12.7416 5
      vertex 11.4314 12.7416 1.2
    endloop
  endfacet
  facet normal 0.0784919 -0.996915 0
    outer loop
      vertex 12.0514 14.2383 1.2
      vertex 12.2 14.25 5
      vertex 12.0514 14.2383 5
    endloop
  endfacet
  facet normal 0.0784919 -0.996915 0
    outer loop
      vertex 12.2 14.25 5
      vertex 12.0514 14.2383 1.2
      vertex 12.2 14.25 1.2
    endloop
  endfacet
  facet normal -0.972387 -0.233373 0
    outer loop
      vertex 13.1383 13.4486 1.2
      vertex 13.1035 13.5936 5
      vertex 13.1035 13.5936 1.2
    endloop
  endfacet
  facet normal -0.972387 -0.233373 0
    outer loop
      vertex 13.1035 13.5936 5
      vertex 13.1383 13.4486 1.2
      vertex 13.1383 13.4486 5
    endloop
  endfacet
  facet normal -0.996915 -0.0784919 0
    outer loop
      vertex 13.15 13.3 1.2
      vertex 13.1383 13.4486 5
      vertex 13.1383 13.4486 1.2
    endloop
  endfacet
  facet normal -0.996915 -0.0784919 0
    outer loop
      vertex 13.1383 13.4486 5
      vertex 13.15 13.3 1.2
      vertex 13.15 13.3 5
    endloop
  endfacet
  facet normal -0.923968 -0.38247 0
    outer loop
      vertex 13.1035 13.5936 1.2
      vertex 13.0465 13.7313 5
      vertex 13.0465 13.7313 1.2
    endloop
  endfacet
  facet normal -0.923968 -0.38247 0
    outer loop
      vertex 13.0465 13.7313 5
      vertex 13.1035 13.5936 1.2
      vertex 13.1035 13.5936 5
    endloop
  endfacet
  facet normal -0.0784919 0.996915 0
    outer loop
      vertex 12.3486 12.3617 1.2
      vertex 12.2 12.35 5
      vertex 12.3486 12.3617 5
    endloop
  endfacet
  facet normal -0.0784919 0.996915 0
    outer loop
      vertex 12.2 12.35 5
      vertex 12.3486 12.3617 1.2
      vertex 12.2 12.35 1.2
    endloop
  endfacet
  facet normal 0.852601 -0.522562 0
    outer loop
      vertex 11.3535 13.7313 5
      vertex 11.4314 13.8584 1.2
      vertex 11.4314 13.8584 5
    endloop
  endfacet
  facet normal 0.852601 -0.522562 0
    outer loop
      vertex 11.4314 13.8584 1.2
      vertex 11.3535 13.7313 5
      vertex 11.3535 13.7313 1.2
    endloop
  endfacet
  facet normal -0.996915 0.0784919 0
    outer loop
      vertex 13.1383 13.1514 1.2
      vertex 13.15 13.3 5
      vertex 13.15 13.3 1.2
    endloop
  endfacet
  facet normal -0.996915 0.0784919 0
    outer loop
      vertex 13.15 13.3 5
      vertex 13.1383 13.1514 1.2
      vertex 13.1383 13.1514 5
    endloop
  endfacet
  facet normal -0.852601 -0.522562 0
    outer loop
      vertex 13.0465 13.7313 1.2
      vertex 12.9686 13.8584 5
      vertex 12.9686 13.8584 1.2
    endloop
  endfacet
  facet normal -0.852601 -0.522562 0
    outer loop
      vertex 12.9686 13.8584 5
      vertex 13.0465 13.7313 1.2
      vertex 13.0465 13.7313 5
    endloop
  endfacet
  facet normal 0.0784919 0.996915 -0
    outer loop
      vertex 12.2 12.35 1.2
      vertex 12.0514 12.3617 5
      vertex 12.2 12.35 5
    endloop
  endfacet
  facet normal 0.0784919 0.996915 0
    outer loop
      vertex 12.0514 12.3617 5
      vertex 12.2 12.35 1.2
      vertex 12.0514 12.3617 1.2
    endloop
  endfacet
  facet normal 0.649243 0.760581 -0
    outer loop
      vertex 11.6416 12.5314 1.2
      vertex 11.5282 12.6282 5
      vertex 11.6416 12.5314 5
    endloop
  endfacet
  facet normal 0.649243 0.760581 0
    outer loop
      vertex 11.5282 12.6282 5
      vertex 11.6416 12.5314 1.2
      vertex 11.5282 12.6282 1.2
    endloop
  endfacet
  facet normal -0.649243 -0.760581 0
    outer loop
      vertex 12.7584 14.0686 1.2
      vertex 12.8718 13.9718 5
      vertex 12.7584 14.0686 5
    endloop
  endfacet
  facet normal -0.649243 -0.760581 -0
    outer loop
      vertex 12.8718 13.9718 5
      vertex 12.7584 14.0686 1.2
      vertex 12.8718 13.9718 1.2
    endloop
  endfacet
  facet normal -0.923968 0.38247 0
    outer loop
      vertex 13.0465 12.8687 1.2
      vertex 13.1035 13.0064 5
      vertex 13.1035 13.0064 1.2
    endloop
  endfacet
  facet normal -0.923968 0.38247 0
    outer loop
      vertex 13.1035 13.0064 5
      vertex 13.0465 12.8687 1.2
      vertex 13.0465 12.8687 5
    endloop
  endfacet
  facet normal -0.972387 0.233373 0
    outer loop
      vertex 13.1035 13.0064 1.2
      vertex 13.1383 13.1514 5
      vertex 13.1383 13.1514 1.2
    endloop
  endfacet
  facet normal -0.972387 0.233373 0
    outer loop
      vertex 13.1383 13.1514 5
      vertex 13.1035 13.0064 1.2
      vertex 13.1035 13.0064 5
    endloop
  endfacet
  facet normal 0.996915 0.0784919 0
    outer loop
      vertex 11.2617 13.1514 5
      vertex 11.25 13.3 1.2
      vertex 11.25 13.3 5
    endloop
  endfacet
  facet normal 0.996915 0.0784919 0
    outer loop
      vertex 11.25 13.3 1.2
      vertex 11.2617 13.1514 5
      vertex 11.2617 13.1514 1.2
    endloop
  endfacet
  facet normal 0.923968 0.38247 0
    outer loop
      vertex 11.3535 12.8687 5
      vertex 11.2965 13.0064 1.2
      vertex 11.2965 13.0064 5
    endloop
  endfacet
  facet normal 0.923968 0.38247 0
    outer loop
      vertex 11.2965 13.0064 1.2
      vertex 11.3535 12.8687 5
      vertex 11.3535 12.8687 1.2
    endloop
  endfacet
  facet normal 0.233373 -0.972387 0
    outer loop
      vertex 11.9064 14.2035 1.2
      vertex 12.0514 14.2383 5
      vertex 11.9064 14.2035 5
    endloop
  endfacet
  facet normal 0.233373 -0.972387 0
    outer loop
      vertex 12.0514 14.2383 5
      vertex 11.9064 14.2035 1.2
      vertex 12.0514 14.2383 1.2
    endloop
  endfacet
  facet normal 0.760581 0.649243 0
    outer loop
      vertex 11.5282 12.6282 5
      vertex 11.4314 12.7416 1.2
      vertex 11.4314 12.7416 5
    endloop
  endfacet
  facet normal 0.760581 0.649243 0
    outer loop
      vertex 11.4314 12.7416 1.2
      vertex 11.5282 12.6282 5
      vertex 11.5282 12.6282 1.2
    endloop
  endfacet
  facet normal -0.649243 0.760581 0
    outer loop
      vertex 12.8718 12.6282 1.2
      vertex 12.7584 12.5314 5
      vertex 12.8718 12.6282 5
    endloop
  endfacet
  facet normal -0.649243 0.760581 0
    outer loop
      vertex 12.7584 12.5314 5
      vertex 12.8718 12.6282 1.2
      vertex 12.7584 12.5314 1.2
    endloop
  endfacet
  facet normal 0.760581 -0.649243 0
    outer loop
      vertex 11.4314 13.8584 5
      vertex 11.5282 13.9718 1.2
      vertex 11.5282 13.9718 5
    endloop
  endfacet
  facet normal 0.760581 -0.649243 0
    outer loop
      vertex 11.5282 13.9718 1.2
      vertex 11.4314 13.8584 5
      vertex 11.4314 13.8584 1.2
    endloop
  endfacet
  facet normal 0.38247 -0.923968 0
    outer loop
      vertex 11.7687 14.1465 1.2
      vertex 11.9064 14.2035 5
      vertex 11.7687 14.1465 5
    endloop
  endfacet
  facet normal 0.38247 -0.923968 0
    outer loop
      vertex 11.9064 14.2035 5
      vertex 11.7687 14.1465 1.2
      vertex 11.9064 14.2035 1.2
    endloop
  endfacet
  facet normal 0.649243 -0.760581 0
    outer loop
      vertex 11.5282 13.9718 1.2
      vertex 11.6416 14.0686 5
      vertex 11.5282 13.9718 5
    endloop
  endfacet
  facet normal 0.649243 -0.760581 0
    outer loop
      vertex 11.6416 14.0686 5
      vertex 11.5282 13.9718 1.2
      vertex 11.6416 14.0686 1.2
    endloop
  endfacet
  facet normal -0.38247 0.923968 0
    outer loop
      vertex 12.6313 12.4535 1.2
      vertex 12.4936 12.3965 5
      vertex 12.6313 12.4535 5
    endloop
  endfacet
  facet normal -0.38247 0.923968 0
    outer loop
      vertex 12.4936 12.3965 5
      vertex 12.6313 12.4535 1.2
      vertex 12.4936 12.3965 1.2
    endloop
  endfacet
  facet normal -0.38247 -0.923968 0
    outer loop
      vertex 12.4936 14.2035 1.2
      vertex 12.6313 14.1465 5
      vertex 12.4936 14.2035 5
    endloop
  endfacet
  facet normal -0.38247 -0.923968 -0
    outer loop
      vertex 12.6313 14.1465 5
      vertex 12.4936 14.2035 1.2
      vertex 12.6313 14.1465 1.2
    endloop
  endfacet
  facet normal -0.522562 0.852601 0
    outer loop
      vertex 12.7584 12.5314 1.2
      vertex 12.6313 12.4535 5
      vertex 12.7584 12.5314 5
    endloop
  endfacet
  facet normal -0.522562 0.852601 0
    outer loop
      vertex 12.6313 12.4535 5
      vertex 12.7584 12.5314 1.2
      vertex 12.6313 12.4535 1.2
    endloop
  endfacet
  facet normal 0.996915 -0.0784919 0
    outer loop
      vertex 11.25 13.3 5
      vertex 11.2617 13.4486 1.2
      vertex 11.2617 13.4486 5
    endloop
  endfacet
  facet normal 0.996915 -0.0784919 0
    outer loop
      vertex 11.2617 13.4486 1.2
      vertex 11.25 13.3 5
      vertex 11.25 13.3 1.2
    endloop
  endfacet
  facet normal -0.760581 0.649243 0
    outer loop
      vertex 12.8718 12.6282 1.2
      vertex 12.9686 12.7416 5
      vertex 12.9686 12.7416 1.2
    endloop
  endfacet
  facet normal -0.760581 0.649243 0
    outer loop
      vertex 12.9686 12.7416 5
      vertex 12.8718 12.6282 1.2
      vertex 12.8718 12.6282 5
    endloop
  endfacet
  facet normal 0.38247 0.923968 -0
    outer loop
      vertex 11.9064 12.3965 1.2
      vertex 11.7687 12.4535 5
      vertex 11.9064 12.3965 5
    endloop
  endfacet
  facet normal 0.38247 0.923968 0
    outer loop
      vertex 11.7687 12.4535 5
      vertex 11.9064 12.3965 1.2
      vertex 11.7687 12.4535 1.2
    endloop
  endfacet
  facet normal -0.760581 -0.649243 0
    outer loop
      vertex 12.9686 13.8584 1.2
      vertex 12.8718 13.9718 5
      vertex 12.8718 13.9718 1.2
    endloop
  endfacet
  facet normal -0.760581 -0.649243 0
    outer loop
      vertex 12.8718 13.9718 5
      vertex 12.9686 13.8584 1.2
      vertex 12.9686 13.8584 5
    endloop
  endfacet
  facet normal 0.923968 -0.38247 0
    outer loop
      vertex 11.2965 13.5936 5
      vertex 11.3535 13.7313 1.2
      vertex 11.3535 13.7313 5
    endloop
  endfacet
  facet normal 0.923968 -0.38247 0
    outer loop
      vertex 11.3535 13.7313 1.2
      vertex 11.2965 13.5936 5
      vertex 11.2965 13.5936 1.2
    endloop
  endfacet
  facet normal 0.522562 -0.852601 0
    outer loop
      vertex 11.6416 14.0686 1.2
      vertex 11.7687 14.1465 5
      vertex 11.6416 14.0686 5
    endloop
  endfacet
  facet normal 0.522562 -0.852601 0
    outer loop
      vertex 11.7687 14.1465 5
      vertex 11.6416 14.0686 1.2
      vertex 11.7687 14.1465 1.2
    endloop
  endfacet
  facet normal -0.0784919 -0.996915 0
    outer loop
      vertex 12.2 14.25 1.2
      vertex 12.3486 14.2383 5
      vertex 12.2 14.25 5
    endloop
  endfacet
  facet normal -0.0784919 -0.996915 -0
    outer loop
      vertex 12.3486 14.2383 5
      vertex 12.2 14.25 1.2
      vertex 12.3486 14.2383 1.2
    endloop
  endfacet
  facet normal -0.233373 0.972387 0
    outer loop
      vertex 12.4936 12.3965 1.2
      vertex 12.3486 12.3617 5
      vertex 12.4936 12.3965 5
    endloop
  endfacet
  facet normal -0.233373 0.972387 0
    outer loop
      vertex 12.3486 12.3617 5
      vertex 12.4936 12.3965 1.2
      vertex 12.3486 12.3617 1.2
    endloop
  endfacet
  facet normal 0.972387 0.233373 0
    outer loop
      vertex 11.2965 13.0064 5
      vertex 11.2617 13.1514 1.2
      vertex 11.2617 13.1514 5
    endloop
  endfacet
  facet normal 0.972387 0.233373 0
    outer loop
      vertex 11.2617 13.1514 1.2
      vertex 11.2965 13.0064 5
      vertex 11.2965 13.0064 1.2
    endloop
  endfacet
  facet normal 0.522562 0.852601 -0
    outer loop
      vertex 11.7687 12.4535 1.2
      vertex 11.6416 12.5314 5
      vertex 11.7687 12.4535 5
    endloop
  endfacet
  facet normal 0.522562 0.852601 0
    outer loop
      vertex 11.6416 12.5314 5
      vertex 11.7687 12.4535 1.2
      vertex 11.6416 12.5314 1.2
    endloop
  endfacet
  facet normal 0.972387 -0.233373 0
    outer loop
      vertex 11.2617 13.4486 5
      vertex 11.2965 13.5936 1.2
      vertex 11.2965 13.5936 5
    endloop
  endfacet
  facet normal 0.972387 -0.233373 0
    outer loop
      vertex 11.2965 13.5936 1.2
      vertex 11.2617 13.4486 5
      vertex 11.2617 13.4486 1.2
    endloop
  endfacet
  facet normal -0.233373 -0.972387 0
    outer loop
      vertex 12.3486 14.2383 1.2
      vertex 12.4936 14.2035 5
      vertex 12.3486 14.2383 5
    endloop
  endfacet
  facet normal -0.233373 -0.972387 -0
    outer loop
      vertex 12.4936 14.2035 5
      vertex 12.3486 14.2383 1.2
      vertex 12.4936 14.2035 1.2
    endloop
  endfacet
  facet normal -0.522562 -0.852601 0
    outer loop
      vertex 12.6313 14.1465 1.2
      vertex 12.7584 14.0686 5
      vertex 12.6313 14.1465 5
    endloop
  endfacet
  facet normal -0.522562 -0.852601 -0
    outer loop
      vertex 12.7584 14.0686 5
      vertex 12.6313 14.1465 1.2
      vertex 12.7584 14.0686 1.2
    endloop
  endfacet
  facet normal -0.852601 0.522562 0
    outer loop
      vertex 12.9686 12.7416 1.2
      vertex 13.0465 12.8687 5
      vertex 13.0465 12.8687 1.2
    endloop
  endfacet
  facet normal -0.852601 0.522562 0
    outer loop
      vertex 13.0465 12.8687 5
      vertex 12.9686 12.7416 1.2
      vertex 12.9686 12.7416 5
    endloop
  endfacet
  facet normal 0.233373 0.972387 -0
    outer loop
      vertex 12.0514 12.3617 1.2
      vertex 11.9064 12.3965 5
      vertex 12.0514 12.3617 5
    endloop
  endfacet
  facet normal 0.233373 0.972387 0
    outer loop
      vertex 11.9064 12.3965 5
      vertex 12.0514 12.3617 1.2
      vertex 11.9064 12.3965 1.2
    endloop
  endfacet
  facet normal 0.233529 -0.97235 0
    outer loop
      vertex 11.6747 14.9168 0
      vertex 11.9341 14.9791 1.2
      vertex 11.6747 14.9168 1.2
    endloop
  endfacet
  facet normal 0.233529 -0.97235 0
    outer loop
      vertex 11.9341 14.9791 1.2
      vertex 11.6747 14.9168 0
      vertex 11.9341 14.9791 0
    endloop
  endfacet
  facet normal -0.97235 -0.233529 0
    outer loop
      vertex 13.8791 13.5659 0
      vertex 13.8168 13.8253 1.2
      vertex 13.8168 13.8253 0
    endloop
  endfacet
  facet normal -0.97235 -0.233529 0
    outer loop
      vertex 13.8168 13.8253 1.2
      vertex 13.8791 13.5659 0
      vertex 13.8791 13.5659 1.2
    endloop
  endfacet
  facet normal -0.996925 -0.0783593 0
    outer loop
      vertex 13.9 13.3 0
      vertex 13.8791 13.5659 1.2
      vertex 13.8791 13.5659 0
    endloop
  endfacet
  facet normal -0.996925 -0.0783593 0
    outer loop
      vertex 13.8791 13.5659 1.2
      vertex 13.9 13.3 0
      vertex 13.9 13.3 1.2
    endloop
  endfacet
  facet normal 0.0783593 0.996925 -0
    outer loop
      vertex 12.2 11.6 0
      vertex 11.9341 11.6209 1.2
      vertex 12.2 11.6 1.2
    endloop
  endfacet
  facet normal 0.0783593 0.996925 0
    outer loop
      vertex 11.9341 11.6209 1.2
      vertex 12.2 11.6 0
      vertex 11.9341 11.6209 0
    endloop
  endfacet
  facet normal -0.0783593 0.996925 0
    outer loop
      vertex 12.4659 11.6209 0
      vertex 12.2 11.6 1.2
      vertex 12.4659 11.6209 1.2
    endloop
  endfacet
  facet normal -0.0783593 0.996925 0
    outer loop
      vertex 12.2 11.6 1.2
      vertex 12.4659 11.6209 0
      vertex 12.2 11.6 0
    endloop
  endfacet
  facet normal 0.382672 0.923884 -0
    outer loop
      vertex 11.6747 11.6832 0
      vertex 11.4282 11.7853 1.2
      vertex 11.6747 11.6832 1.2
    endloop
  endfacet
  facet normal 0.382672 0.923884 0
    outer loop
      vertex 11.4282 11.7853 1.2
      vertex 11.6747 11.6832 0
      vertex 11.4282 11.7853 0
    endloop
  endfacet
  facet normal -0.996925 0.0783593 0
    outer loop
      vertex 13.8791 13.0341 0
      vertex 13.9 13.3 1.2
      vertex 13.9 13.3 0
    endloop
  endfacet
  facet normal -0.996925 0.0783593 0
    outer loop
      vertex 13.9 13.3 1.2
      vertex 13.8791 13.0341 0
      vertex 13.8791 13.0341 1.2
    endloop
  endfacet
  facet normal -0.760578 -0.649247 0
    outer loop
      vertex 13.5753 14.2992 0
      vertex 13.4021 14.5021 1.2
      vertex 13.4021 14.5021 0
    endloop
  endfacet
  facet normal -0.760578 -0.649247 0
    outer loop
      vertex 13.4021 14.5021 1.2
      vertex 13.5753 14.2992 0
      vertex 13.5753 14.2992 1.2
    endloop
  endfacet
  facet normal 0.760578 -0.649247 0
    outer loop
      vertex 10.8247 14.2992 1.2
      vertex 10.9979 14.5021 0
      vertex 10.9979 14.5021 1.2
    endloop
  endfacet
  facet normal 0.760578 -0.649247 0
    outer loop
      vertex 10.9979 14.5021 0
      vertex 10.8247 14.2992 1.2
      vertex 10.8247 14.2992 0
    endloop
  endfacet
  facet normal -0.852558 -0.522632 0
    outer loop
      vertex 13.7147 14.0718 0
      vertex 13.5753 14.2992 1.2
      vertex 13.5753 14.2992 0
    endloop
  endfacet
  facet normal -0.852558 -0.522632 0
    outer loop
      vertex 13.5753 14.2992 1.2
      vertex 13.7147 14.0718 0
      vertex 13.7147 14.0718 1.2
    endloop
  endfacet
  facet normal -0.852558 0.522632 0
    outer loop
      vertex 13.5753 12.3008 0
      vertex 13.7147 12.5282 1.2
      vertex 13.7147 12.5282 0
    endloop
  endfacet
  facet normal -0.852558 0.522632 0
    outer loop
      vertex 13.7147 12.5282 1.2
      vertex 13.5753 12.3008 0
      vertex 13.5753 12.3008 1.2
    endloop
  endfacet
  facet normal -0.97235 0.233529 0
    outer loop
      vertex 13.8168 12.7747 0
      vertex 13.8791 13.0341 1.2
      vertex 13.8791 13.0341 0
    endloop
  endfacet
  facet normal -0.97235 0.233529 0
    outer loop
      vertex 13.8791 13.0341 1.2
      vertex 13.8168 12.7747 0
      vertex 13.8168 12.7747 1.2
    endloop
  endfacet
  facet normal 0.649247 -0.760578 0
    outer loop
      vertex 10.9979 14.5021 0
      vertex 11.2008 14.6753 1.2
      vertex 10.9979 14.5021 1.2
    endloop
  endfacet
  facet normal 0.649247 -0.760578 0
    outer loop
      vertex 11.2008 14.6753 1.2
      vertex 10.9979 14.5021 0
      vertex 11.2008 14.6753 0
    endloop
  endfacet
  facet normal 0.0783593 -0.996925 0
    outer loop
      vertex 11.9341 14.9791 0
      vertex 12.2 15 1.2
      vertex 11.9341 14.9791 1.2
    endloop
  endfacet
  facet normal 0.0783593 -0.996925 0
    outer loop
      vertex 12.2 15 1.2
      vertex 11.9341 14.9791 0
      vertex 12.2 15 0
    endloop
  endfacet
  facet normal -0.923884 -0.382672 0
    outer loop
      vertex 13.8168 13.8253 0
      vertex 13.7147 14.0718 1.2
      vertex 13.7147 14.0718 0
    endloop
  endfacet
  facet normal -0.923884 -0.382672 0
    outer loop
      vertex 13.7147 14.0718 1.2
      vertex 13.8168 13.8253 0
      vertex 13.8168 13.8253 1.2
    endloop
  endfacet
  facet normal -0.382672 -0.923884 0
    outer loop
      vertex 12.7253 14.9168 0
      vertex 12.9718 14.8147 1.2
      vertex 12.7253 14.9168 1.2
    endloop
  endfacet
  facet normal -0.382672 -0.923884 -0
    outer loop
      vertex 12.9718 14.8147 1.2
      vertex 12.7253 14.9168 0
      vertex 12.9718 14.8147 0
    endloop
  endfacet
  facet normal 0.522632 -0.852558 0
    outer loop
      vertex 11.2008 14.6753 0
      vertex 11.4282 14.8147 1.2
      vertex 11.2008 14.6753 1.2
    endloop
  endfacet
  facet normal 0.522632 -0.852558 0
    outer loop
      vertex 11.4282 14.8147 1.2
      vertex 11.2008 14.6753 0
      vertex 11.4282 14.8147 0
    endloop
  endfacet
  facet normal -0.382672 0.923884 0
    outer loop
      vertex 12.9718 11.7853 0
      vertex 12.7253 11.6832 1.2
      vertex 12.9718 11.7853 1.2
    endloop
  endfacet
  facet normal -0.382672 0.923884 0
    outer loop
      vertex 12.7253 11.6832 1.2
      vertex 12.9718 11.7853 0
      vertex 12.7253 11.6832 0
    endloop
  endfacet
  facet normal -0.522632 0.852558 0
    outer loop
      vertex 13.1992 11.9247 0
      vertex 12.9718 11.7853 1.2
      vertex 13.1992 11.9247 1.2
    endloop
  endfacet
  facet normal -0.522632 0.852558 0
    outer loop
      vertex 12.9718 11.7853 1.2
      vertex 13.1992 11.9247 0
      vertex 12.9718 11.7853 0
    endloop
  endfacet
  facet normal -0.233529 0.97235 0
    outer loop
      vertex 12.7253 11.6832 0
      vertex 12.4659 11.6209 1.2
      vertex 12.7253 11.6832 1.2
    endloop
  endfacet
  facet normal -0.233529 0.97235 0
    outer loop
      vertex 12.4659 11.6209 1.2
      vertex 12.7253 11.6832 0
      vertex 12.4659 11.6209 0
    endloop
  endfacet
  facet normal 0.522632 0.852558 -0
    outer loop
      vertex 11.4282 11.7853 0
      vertex 11.2008 11.9247 1.2
      vertex 11.4282 11.7853 1.2
    endloop
  endfacet
  facet normal 0.522632 0.852558 0
    outer loop
      vertex 11.2008 11.9247 1.2
      vertex 11.4282 11.7853 0
      vertex 11.2008 11.9247 0
    endloop
  endfacet
  facet normal -0.923884 0.382672 0
    outer loop
      vertex 13.7147 12.5282 0
      vertex 13.8168 12.7747 1.2
      vertex 13.8168 12.7747 0
    endloop
  endfacet
  facet normal -0.923884 0.382672 0
    outer loop
      vertex 13.8168 12.7747 1.2
      vertex 13.7147 12.5282 0
      vertex 13.7147 12.5282 1.2
    endloop
  endfacet
  facet normal -0.649247 -0.760578 0
    outer loop
      vertex 13.1992 14.6753 0
      vertex 13.4021 14.5021 1.2
      vertex 13.1992 14.6753 1.2
    endloop
  endfacet
  facet normal -0.649247 -0.760578 -0
    outer loop
      vertex 13.4021 14.5021 1.2
      vertex 13.1992 14.6753 0
      vertex 13.4021 14.5021 0
    endloop
  endfacet
  facet normal -0.522632 -0.852558 0
    outer loop
      vertex 12.9718 14.8147 0
      vertex 13.1992 14.6753 1.2
      vertex 12.9718 14.8147 1.2
    endloop
  endfacet
  facet normal -0.522632 -0.852558 -0
    outer loop
      vertex 13.1992 14.6753 1.2
      vertex 12.9718 14.8147 0
      vertex 13.1992 14.6753 0
    endloop
  endfacet
  facet normal 0.923884 0.382672 0
    outer loop
      vertex 10.6853 12.5282 1.2
      vertex 10.5832 12.7747 0
      vertex 10.5832 12.7747 1.2
    endloop
  endfacet
  facet normal 0.923884 0.382672 0
    outer loop
      vertex 10.5832 12.7747 0
      vertex 10.6853 12.5282 1.2
      vertex 10.6853 12.5282 0
    endloop
  endfacet
  facet normal 0.649247 0.760578 -0
    outer loop
      vertex 11.2008 11.9247 0
      vertex 10.9979 12.0979 1.2
      vertex 11.2008 11.9247 1.2
    endloop
  endfacet
  facet normal 0.649247 0.760578 0
    outer loop
      vertex 10.9979 12.0979 1.2
      vertex 11.2008 11.9247 0
      vertex 10.9979 12.0979 0
    endloop
  endfacet
  facet normal 0.382672 -0.923884 0
    outer loop
      vertex 11.4282 14.8147 0
      vertex 11.6747 14.9168 1.2
      vertex 11.4282 14.8147 1.2
    endloop
  endfacet
  facet normal 0.382672 -0.923884 0
    outer loop
      vertex 11.6747 14.9168 1.2
      vertex 11.4282 14.8147 0
      vertex 11.6747 14.9168 0
    endloop
  endfacet
  facet normal 0.97235 0.233529 0
    outer loop
      vertex 10.5832 12.7747 1.2
      vertex 10.5209 13.0341 0
      vertex 10.5209 13.0341 1.2
    endloop
  endfacet
  facet normal 0.97235 0.233529 0
    outer loop
      vertex 10.5209 13.0341 0
      vertex 10.5832 12.7747 1.2
      vertex 10.5832 12.7747 0
    endloop
  endfacet
  facet normal 0.852558 -0.522632 0
    outer loop
      vertex 10.6853 14.0718 1.2
      vertex 10.8247 14.2992 0
      vertex 10.8247 14.2992 1.2
    endloop
  endfacet
  facet normal 0.852558 -0.522632 0
    outer loop
      vertex 10.8247 14.2992 0
      vertex 10.6853 14.0718 1.2
      vertex 10.6853 14.0718 0
    endloop
  endfacet
  facet normal 0.97235 -0.233529 0
    outer loop
      vertex 10.5209 13.5659 1.2
      vertex 10.5832 13.8253 0
      vertex 10.5832 13.8253 1.2
    endloop
  endfacet
  facet normal 0.97235 -0.233529 0
    outer loop
      vertex 10.5832 13.8253 0
      vertex 10.5209 13.5659 1.2
      vertex 10.5209 13.5659 0
    endloop
  endfacet
  facet normal -0.760578 0.649247 0
    outer loop
      vertex 13.4021 12.0979 0
      vertex 13.5753 12.3008 1.2
      vertex 13.5753 12.3008 0
    endloop
  endfacet
  facet normal -0.760578 0.649247 0
    outer loop
      vertex 13.5753 12.3008 1.2
      vertex 13.4021 12.0979 0
      vertex 13.4021 12.0979 1.2
    endloop
  endfacet
  facet normal 0.996925 0.0783593 0
    outer loop
      vertex 10.5209 13.0341 1.2
      vertex 10.5 13.3 0
      vertex 10.5 13.3 1.2
    endloop
  endfacet
  facet normal 0.996925 0.0783593 0
    outer loop
      vertex 10.5 13.3 0
      vertex 10.5209 13.0341 1.2
      vertex 10.5209 13.0341 0
    endloop
  endfacet
  facet normal -0.649247 0.760578 0
    outer loop
      vertex 13.4021 12.0979 0
      vertex 13.1992 11.9247 1.2
      vertex 13.4021 12.0979 1.2
    endloop
  endfacet
  facet normal -0.649247 0.760578 0
    outer loop
      vertex 13.1992 11.9247 1.2
      vertex 13.4021 12.0979 0
      vertex 13.1992 11.9247 0
    endloop
  endfacet
  facet normal 0.760578 0.649247 0
    outer loop
      vertex 10.9979 12.0979 1.2
      vertex 10.8247 12.3008 0
      vertex 10.8247 12.3008 1.2
    endloop
  endfacet
  facet normal 0.760578 0.649247 0
    outer loop
      vertex 10.8247 12.3008 0
      vertex 10.9979 12.0979 1.2
      vertex 10.9979 12.0979 0
    endloop
  endfacet
  facet normal 0.852558 0.522632 0
    outer loop
      vertex 10.8247 12.3008 1.2
      vertex 10.6853 12.5282 0
      vertex 10.6853 12.5282 1.2
    endloop
  endfacet
  facet normal 0.852558 0.522632 0
    outer loop
      vertex 10.6853 12.5282 0
      vertex 10.8247 12.3008 1.2
      vertex 10.8247 12.3008 0
    endloop
  endfacet
  facet normal 0.233529 0.97235 -0
    outer loop
      vertex 11.9341 11.6209 0
      vertex 11.6747 11.6832 1.2
      vertex 11.9341 11.6209 1.2
    endloop
  endfacet
  facet normal 0.233529 0.97235 0
    outer loop
      vertex 11.6747 11.6832 1.2
      vertex 11.9341 11.6209 0
      vertex 11.6747 11.6832 0
    endloop
  endfacet
  facet normal -0.0783593 -0.996925 0
    outer loop
      vertex 12.2 15 0
      vertex 12.4659 14.9791 1.2
      vertex 12.2 15 1.2
    endloop
  endfacet
  facet normal -0.0783593 -0.996925 -0
    outer loop
      vertex 12.4659 14.9791 1.2
      vertex 12.2 15 0
      vertex 12.4659 14.9791 0
    endloop
  endfacet
  facet normal -0.233529 -0.97235 0
    outer loop
      vertex 12.4659 14.9791 0
      vertex 12.7253 14.9168 1.2
      vertex 12.4659 14.9791 1.2
    endloop
  endfacet
  facet normal -0.233529 -0.97235 -0
    outer loop
      vertex 12.7253 14.9168 1.2
      vertex 12.4659 14.9791 0
      vertex 12.7253 14.9168 0
    endloop
  endfacet
  facet normal 0 0 -1
    outer loop
      vertex 13.15 13.3 1.2
      vertex 13.9 13.3 1.2
      vertex 13.8791 13.0341 1.2
    endloop
  endfacet
  facet normal 0 0 -1
    outer loop
      vertex 13.1383 13.1514 1.2
      vertex 13.8791 13.0341 1.2
      vertex 13.8168 12.7747 1.2
    endloop
  endfacet
  facet normal 0 0 -1
    outer loop
      vertex 13.9 13.3 1.2
      vertex 13.15 13.3 1.2
      vertex 13.8791 13.5659 1.2
    endloop
  endfacet
  facet normal 0 0 -1
    outer loop
      vertex 13.1035 13.0064 1.2
      vertex 13.8168 12.7747 1.2
      vertex 13.7147 12.5282 1.2
    endloop
  endfacet
  facet normal 0 0 -1
    outer loop
      vertex 13.1383 13.4486 1.2
      vertex 13.8791 13.5659 1.2
      vertex 13.15 13.3 1.2
    endloop
  endfacet
  facet normal 0 0 -1
    outer loop
      vertex 13.0465 12.8687 1.2
      vertex 13.7147 12.5282 1.2
      vertex 13.5753 12.3008 1.2
    endloop
  endfacet
  facet normal -0 0 -1
    outer loop
      vertex 13.8791 13.5659 1.2
      vertex 13.1383 13.4486 1.2
      vertex 13.8168 13.8253 1.2
    endloop
  endfacet
  facet normal 0 0 -1
    outer loop
      vertex 12.9686 12.7416 1.2
      vertex 13.5753 12.3008 1.2
      vertex 13.4021 12.0979 1.2
    endloop
  endfacet
  facet normal 0 0 -1
    outer loop
      vertex 13.1035 13.5936 1.2
      vertex 13.8168 13.8253 1.2
      vertex 13.1383 13.4486 1.2
    endloop
  endfacet
  facet normal 0 0 -1
    outer loop
      vertex 12.8718 12.6282 1.2
      vertex 13.4021 12.0979 1.2
      vertex 13.1992 11.9247 1.2
    endloop
  endfacet
  facet normal -0 0 -1
    outer loop
      vertex 13.8168 13.8253 1.2
      vertex 13.1035 13.5936 1.2
      vertex 13.7147 14.0718 1.2
    endloop
  endfacet
  facet normal 0 0 -1
    outer loop
      vertex 13.0465 13.7313 1.2
      vertex 13.7147 14.0718 1.2
      vertex 13.1035 13.5936 1.2
    endloop
  endfacet
  facet normal 0 0 -1
    outer loop
      vertex 13.8791 13.0341 1.2
      vertex 13.1383 13.1514 1.2
      vertex 13.15 13.3 1.2
    endloop
  endfacet
  facet normal 0 0 -1
    outer loop
      vertex 13.8168 12.7747 1.2
      vertex 13.1035 13.0064 1.2
      vertex 13.1383 13.1514 1.2
    endloop
  endfacet
  facet normal 0 0 -1
    outer loop
      vertex 13.7147 12.5282 1.2
      vertex 13.0465 12.8687 1.2
      vertex 13.1035 13.0064 1.2
    endloop
  endfacet
  facet normal 0 0 -1
    outer loop
      vertex 12.7584 12.5314 1.2
      vertex 13.1992 11.9247 1.2
      vertex 12.9718 11.7853 1.2
    endloop
  endfacet
  facet normal 0 0 -1
    outer loop
      vertex 13.5753 12.3008 1.2
      vertex 12.9686 12.7416 1.2
      vertex 13.0465 12.8687 1.2
    endloop
  endfacet
  facet normal 0 0 -1
    outer loop
      vertex 13.4021 12.0979 1.2
      vertex 12.8718 12.6282 1.2
      vertex 12.9686 12.7416 1.2
    endloop
  endfacet
  facet normal 0 0 -1
    outer loop
      vertex 13.1992 11.9247 1.2
      vertex 12.7584 12.5314 1.2
      vertex 12.8718 12.6282 1.2
    endloop
  endfacet
  facet normal 0 0 -1
    outer loop
      vertex 12.6313 12.4535 1.2
      vertex 12.9718 11.7853 1.2
      vertex 12.7253 11.6832 1.2
    endloop
  endfacet
  facet normal 0 0 -1
    outer loop
      vertex 12.9718 11.7853 1.2
      vertex 12.6313 12.4535 1.2
      vertex 12.7584 12.5314 1.2
    endloop
  endfacet
  facet normal 0 0 -1
    outer loop
      vertex 12.7253 11.6832 1.2
      vertex 12.4936 12.3965 1.2
      vertex 12.6313 12.4535 1.2
    endloop
  endfacet
  facet normal 0 0 -1
    outer loop
      vertex 12.4659 11.6209 1.2
      vertex 12.4936 12.3965 1.2
      vertex 12.7253 11.6832 1.2
    endloop
  endfacet
  facet normal 0 0 -1
    outer loop
      vertex 12.4659 11.6209 1.2
      vertex 12.3486 12.3617 1.2
      vertex 12.4936 12.3965 1.2
    endloop
  endfacet
  facet normal 0 0 -1
    outer loop
      vertex 12.2 11.6 1.2
      vertex 12.3486 12.3617 1.2
      vertex 12.4659 11.6209 1.2
    endloop
  endfacet
  facet normal 0 0 -1
    outer loop
      vertex 12.2 11.6 1.2
      vertex 12.2 12.35 1.2
      vertex 12.3486 12.3617 1.2
    endloop
  endfacet
  facet normal 0 0 -1
    outer loop
      vertex 12.2 11.6 1.2
      vertex 12.0514 12.3617 1.2
      vertex 12.2 12.35 1.2
    endloop
  endfacet
  facet normal 0 0 -1
    outer loop
      vertex 11.9341 11.6209 1.2
      vertex 12.0514 12.3617 1.2
      vertex 12.2 11.6 1.2
    endloop
  endfacet
  facet normal 0 0 -1
    outer loop
      vertex 11.9341 11.6209 1.2
      vertex 11.9064 12.3965 1.2
      vertex 12.0514 12.3617 1.2
    endloop
  endfacet
  facet normal 0 0 -1
    outer loop
      vertex 11.6747 11.6832 1.2
      vertex 11.9064 12.3965 1.2
      vertex 11.9341 11.6209 1.2
    endloop
  endfacet
  facet normal -0 0 -1
    outer loop
      vertex 11.9064 12.3965 1.2
      vertex 11.6747 11.6832 1.2
      vertex 11.7687 12.4535 1.2
    endloop
  endfacet
  facet normal 0 0 -1
    outer loop
      vertex 11.4282 11.7853 1.2
      vertex 11.7687 12.4535 1.2
      vertex 11.6747 11.6832 1.2
    endloop
  endfacet
  facet normal -0 0 -1
    outer loop
      vertex 11.7687 12.4535 1.2
      vertex 11.4282 11.7853 1.2
      vertex 11.6416 12.5314 1.2
    endloop
  endfacet
  facet normal 0 0 -1
    outer loop
      vertex 11.2008 11.9247 1.2
      vertex 11.6416 12.5314 1.2
      vertex 11.4282 11.7853 1.2
    endloop
  endfacet
  facet normal -0 0 -1
    outer loop
      vertex 11.6416 12.5314 1.2
      vertex 11.2008 11.9247 1.2
      vertex 11.5282 12.6282 1.2
    endloop
  endfacet
  facet normal 0 0 -1
    outer loop
      vertex 10.9979 12.0979 1.2
      vertex 11.5282 12.6282 1.2
      vertex 11.2008 11.9247 1.2
    endloop
  endfacet
  facet normal -0 0 -1
    outer loop
      vertex 11.5282 12.6282 1.2
      vertex 10.9979 12.0979 1.2
      vertex 11.4314 12.7416 1.2
    endloop
  endfacet
  facet normal 0 0 -1
    outer loop
      vertex 10.8247 12.3008 1.2
      vertex 11.4314 12.7416 1.2
      vertex 10.9979 12.0979 1.2
    endloop
  endfacet
  facet normal 0 0 -1
    outer loop
      vertex 10.6853 12.5282 1.2
      vertex 11.3535 12.8687 1.2
      vertex 10.8247 12.3008 1.2
    endloop
  endfacet
  facet normal -0 0 -1
    outer loop
      vertex 11.4314 12.7416 1.2
      vertex 10.8247 12.3008 1.2
      vertex 11.3535 12.8687 1.2
    endloop
  endfacet
  facet normal -0 0 -1
    outer loop
      vertex 13.7147 14.0718 1.2
      vertex 13.0465 13.7313 1.2
      vertex 13.5753 14.2992 1.2
    endloop
  endfacet
  facet normal 0 0 -1
    outer loop
      vertex 12.9686 13.8584 1.2
      vertex 13.5753 14.2992 1.2
      vertex 13.0465 13.7313 1.2
    endloop
  endfacet
  facet normal -0 0 -1
    outer loop
      vertex 13.5753 14.2992 1.2
      vertex 12.9686 13.8584 1.2
      vertex 13.4021 14.5021 1.2
    endloop
  endfacet
  facet normal 0 0 -1
    outer loop
      vertex 12.8718 13.9718 1.2
      vertex 13.4021 14.5021 1.2
      vertex 12.9686 13.8584 1.2
    endloop
  endfacet
  facet normal -0 0 -1
    outer loop
      vertex 13.4021 14.5021 1.2
      vertex 12.8718 13.9718 1.2
      vertex 13.1992 14.6753 1.2
    endloop
  endfacet
  facet normal 0 0 -1
    outer loop
      vertex 12.7584 14.0686 1.2
      vertex 13.1992 14.6753 1.2
      vertex 12.8718 13.9718 1.2
    endloop
  endfacet
  facet normal -0 0 -1
    outer loop
      vertex 13.1992 14.6753 1.2
      vertex 12.7584 14.0686 1.2
      vertex 12.9718 14.8147 1.2
    endloop
  endfacet
  facet normal 0 0 -1
    outer loop
      vertex 12.6313 14.1465 1.2
      vertex 12.9718 14.8147 1.2
      vertex 12.7584 14.0686 1.2
    endloop
  endfacet
  facet normal -0 0 -1
    outer loop
      vertex 12.9718 14.8147 1.2
      vertex 12.6313 14.1465 1.2
      vertex 12.7253 14.9168 1.2
    endloop
  endfacet
  facet normal 0 0 -1
    outer loop
      vertex 12.4936 14.2035 1.2
      vertex 12.7253 14.9168 1.2
      vertex 12.6313 14.1465 1.2
    endloop
  endfacet
  facet normal 0 0 -1
    outer loop
      vertex 12.4936 14.2035 1.2
      vertex 12.4659 14.9791 1.2
      vertex 12.7253 14.9168 1.2
    endloop
  endfacet
  facet normal 0 0 -1
    outer loop
      vertex 12.3486 14.2383 1.2
      vertex 12.4659 14.9791 1.2
      vertex 12.4936 14.2035 1.2
    endloop
  endfacet
  facet normal 0 0 -1
    outer loop
      vertex 12.2 14.25 1.2
      vertex 12.4659 14.9791 1.2
      vertex 12.3486 14.2383 1.2
    endloop
  endfacet
  facet normal 0 0 -1
    outer loop
      vertex 12.2 14.25 1.2
      vertex 12.2 15 1.2
      vertex 12.4659 14.9791 1.2
    endloop
  endfacet
  facet normal 0 0 -1
    outer loop
      vertex 12.0514 14.2383 1.2
      vertex 12.2 15 1.2
      vertex 12.2 14.25 1.2
    endloop
  endfacet
  facet normal 0 0 -1
    outer loop
      vertex 12.0514 14.2383 1.2
      vertex 11.9341 14.9791 1.2
      vertex 12.2 15 1.2
    endloop
  endfacet
  facet normal 0 0 -1
    outer loop
      vertex 11.9064 14.2035 1.2
      vertex 11.9341 14.9791 1.2
      vertex 12.0514 14.2383 1.2
    endloop
  endfacet
  facet normal 0 0 -1
    outer loop
      vertex 11.6747 14.9168 1.2
      vertex 11.9064 14.2035 1.2
      vertex 11.7687 14.1465 1.2
    endloop
  endfacet
  facet normal 0 0 -1
    outer loop
      vertex 11.9064 14.2035 1.2
      vertex 11.6747 14.9168 1.2
      vertex 11.9341 14.9791 1.2
    endloop
  endfacet
  facet normal 0 0 -1
    outer loop
      vertex 11.4282 14.8147 1.2
      vertex 11.7687 14.1465 1.2
      vertex 11.6416 14.0686 1.2
    endloop
  endfacet
  facet normal 0 0 -1
    outer loop
      vertex 11.2008 14.6753 1.2
      vertex 11.6416 14.0686 1.2
      vertex 11.5282 13.9718 1.2
    endloop
  endfacet
  facet normal 0 0 -1
    outer loop
      vertex 10.9979 14.5021 1.2
      vertex 11.5282 13.9718 1.2
      vertex 11.4314 13.8584 1.2
    endloop
  endfacet
  facet normal 0 0 -1
    outer loop
      vertex 11.7687 14.1465 1.2
      vertex 11.4282 14.8147 1.2
      vertex 11.6747 14.9168 1.2
    endloop
  endfacet
  facet normal 0 0 -1
    outer loop
      vertex 10.8247 14.2992 1.2
      vertex 11.4314 13.8584 1.2
      vertex 11.3535 13.7313 1.2
    endloop
  endfacet
  facet normal 0 0 -1
    outer loop
      vertex 10.6853 14.0718 1.2
      vertex 11.3535 13.7313 1.2
      vertex 11.2965 13.5936 1.2
    endloop
  endfacet
  facet normal 0 0 -1
    outer loop
      vertex 10.5832 13.8253 1.2
      vertex 11.2965 13.5936 1.2
      vertex 11.2617 13.4486 1.2
    endloop
  endfacet
  facet normal 0 0 -1
    outer loop
      vertex 11.6416 14.0686 1.2
      vertex 11.2008 14.6753 1.2
      vertex 11.4282 14.8147 1.2
    endloop
  endfacet
  facet normal 0 0 -1
    outer loop
      vertex 10.5209 13.5659 1.2
      vertex 11.2617 13.4486 1.2
      vertex 11.25 13.3 1.2
    endloop
  endfacet
  facet normal -0 0 -1
    outer loop
      vertex 11.3535 12.8687 1.2
      vertex 10.6853 12.5282 1.2
      vertex 11.2965 13.0064 1.2
    endloop
  endfacet
  facet normal 0 0 -1
    outer loop
      vertex 10.5832 12.7747 1.2
      vertex 11.2965 13.0064 1.2
      vertex 10.6853 12.5282 1.2
    endloop
  endfacet
  facet normal 0 0 -1
    outer loop
      vertex 11.5282 13.9718 1.2
      vertex 10.9979 14.5021 1.2
      vertex 11.2008 14.6753 1.2
    endloop
  endfacet
  facet normal -0 0 -1
    outer loop
      vertex 11.2965 13.0064 1.2
      vertex 10.5832 12.7747 1.2
      vertex 11.2617 13.1514 1.2
    endloop
  endfacet
  facet normal 0 0 -1
    outer loop
      vertex 11.4314 13.8584 1.2
      vertex 10.8247 14.2992 1.2
      vertex 10.9979 14.5021 1.2
    endloop
  endfacet
  facet normal 0 0 -1
    outer loop
      vertex 10.5209 13.0341 1.2
      vertex 11.2617 13.1514 1.2
      vertex 10.5832 12.7747 1.2
    endloop
  endfacet
  facet normal 0 0 -1
    outer loop
      vertex 11.3535 13.7313 1.2
      vertex 10.6853 14.0718 1.2
      vertex 10.8247 14.2992 1.2
    endloop
  endfacet
  facet normal -0 0 -1
    outer loop
      vertex 11.2617 13.1514 1.2
      vertex 10.5209 13.0341 1.2
      vertex 11.25 13.3 1.2
    endloop
  endfacet
  facet normal 0 0 -1
    outer loop
      vertex 11.2965 13.5936 1.2
      vertex 10.5832 13.8253 1.2
      vertex 10.6853 14.0718 1.2
    endloop
  endfacet
  facet normal 0 0 -1
    outer loop
      vertex 10.5 13.3 1.2
      vertex 11.25 13.3 1.2
      vertex 10.5209 13.0341 1.2
    endloop
  endfacet
  facet normal 0 0 -1
    outer loop
      vertex 11.2617 13.4486 1.2
      vertex 10.5209 13.5659 1.2
      vertex 10.5832 13.8253 1.2
    endloop
  endfacet
  facet normal 0 0 -1
    outer loop
      vertex 11.25 13.3 1.2
      vertex 10.5 13.3 1.2
      vertex 10.5209 13.5659 1.2
    endloop
  endfacet
  facet normal 0.996925 -0.0783593 0
    outer loop
      vertex 10.5 13.3 1.2
      vertex 10.5209 13.5659 0
      vertex 10.5209 13.5659 1.2
    endloop
  endfacet
  facet normal 0.996925 -0.0783593 0
    outer loop
      vertex 10.5209 13.5659 0
      vertex 10.5 13.3 1.2
      vertex 10.5 13.3 0
    endloop
  endfacet
  facet normal 0.923884 -0.382672 0
    outer loop
      vertex 10.5832 13.8253 1.2
      vertex 10.6853 14.0718 0
      vertex 10.6853 14.0718 1.2
    endloop
  endfacet
  facet normal 0.923884 -0.382672 0
    outer loop
      vertex 10.6853 14.0718 0
      vertex 10.5832 13.8253 1.2
      vertex 10.5832 13.8253 0
    endloop
  endfacet
  facet normal -0.972354 -0.233511 0
    outer loop
      vertex 11.1483 7.65702 0
      vertex 10.9944 8.29787 0.599999
      vertex 10.9944 8.29787 0
    endloop
  endfacet
  facet normal -0.972354 -0.233511 0
    outer loop
      vertex 10.9944 8.29787 0.599999
      vertex 11.1483 7.65702 0
      vertex 11.1483 7.65702 0.599999
    endloop
  endfacet
  facet normal -0.996918 -0.0784461 0
    outer loop
      vertex 11.2 7 0
      vertex 11.1483 7.65702 0.599999
      vertex 11.1483 7.65702 0
    endloop
  endfacet
  facet normal -0.996918 -0.0784461 0
    outer loop
      vertex 11.1483 7.65702 0.599999
      vertex 11.2 7 0
      vertex 11.2 7 0.599999
    endloop
  endfacet
  facet normal -0.760385 -0.649472 0
    outer loop
      vertex 10.3979 9.4687 0
      vertex 9.96985 9.96985 0.599999
      vertex 9.96985 9.96985 0
    endloop
  endfacet
  facet normal -0.760385 -0.649472 0
    outer loop
      vertex 9.96985 9.96985 0.599999
      vertex 10.3979 9.4687 0
      vertex 10.3979 9.4687 0.599999
    endloop
  endfacet
  facet normal 0.649446 0.760408 -0
    outer loop
      vertex 4.5313 3.60213 0
      vertex 4.03015 4.03015 0.599999
      vertex 4.5313 3.60213 0.599999
    endloop
  endfacet
  facet normal 0.649446 0.760408 0
    outer loop
      vertex 4.03015 4.03015 0.599999
      vertex 4.5313 3.60213 0
      vertex 4.03015 4.03015 0
    endloop
  endfacet
  facet normal -0.852679 -0.522435 0
    outer loop
      vertex 10.7422 8.90676 0
      vertex 10.3979 9.4687 0.599999
      vertex 10.3979 9.4687 0
    endloop
  endfacet
  facet normal -0.852679 -0.522435 0
    outer loop
      vertex 10.3979 9.4687 0.599999
      vertex 10.7422 8.90676 0
      vertex 10.7422 8.90676 0.599999
    endloop
  endfacet
  facet normal 0.522502 0.852638 -0
    outer loop
      vertex 5.09324 3.25777 0
      vertex 4.5313 3.60213 0.599999
      vertex 5.09324 3.25777 0.599999
    endloop
  endfacet
  facet normal 0.522502 0.852638 0
    outer loop
      vertex 4.5313 3.60213 0.599999
      vertex 5.09324 3.25777 0
      vertex 4.5313 3.60213 0
    endloop
  endfacet
  facet normal -0.38267 -0.923885 0
    outer loop
      vertex 8.29787 10.9944 0
      vertex 8.90676 10.7422 0.599999
      vertex 8.29787 10.9944 0.599999
    endloop
  endfacet
  facet normal -0.38267 -0.923885 -0
    outer loop
      vertex 8.90676 10.7422 0.599999
      vertex 8.29787 10.9944 0
      vertex 8.90676 10.7422 0
    endloop
  endfacet
  facet normal -0.923885 0.38267 0
    outer loop
      vertex 10.7422 5.09324 0
      vertex 10.9944 5.70213 0.599999
      vertex 10.9944 5.70213 0
    endloop
  endfacet
  facet normal -0.923885 0.38267 0
    outer loop
      vertex 10.9944 5.70213 0.599999
      vertex 10.7422 5.09324 0
      vertex 10.7422 5.09324 0.599999
    endloop
  endfacet
  facet normal 0.92388 0.382683 0
    outer loop
      vertex 3.25777 5.09324 0.599999
      vertex 3.00556 5.70213 0
      vertex 3.00556 5.70213 0.599999
    endloop
  endfacet
  facet normal 0.92388 0.382683 0
    outer loop
      vertex 3.00556 5.70213 0
      vertex 3.25777 5.09324 0.599999
      vertex 3.25777 5.09324 0
    endloop
  endfacet
  facet normal 0.649472 -0.760385 0
    outer loop
      vertex 4.03015 9.96985 0
      vertex 4.5313 10.3979 0.599999
      vertex 4.03015 9.96985 0.599999
    endloop
  endfacet
  facet normal 0.649472 -0.760385 0
    outer loop
      vertex 4.5313 10.3979 0.599999
      vertex 4.03015 9.96985 0
      vertex 4.5313 10.3979 0
    endloop
  endfacet
  facet normal -0.233439 0.972371 0
    outer loop
      vertex 8.29787 3.00556 0
      vertex 7.65702 2.85171 0.599999
      vertex 8.29787 3.00556 0.599999
    endloop
  endfacet
  facet normal -0.233439 0.972371 0
    outer loop
      vertex 7.65702 2.85171 0.599999
      vertex 8.29787 3.00556 0
      vertex 7.65702 2.85171 0
    endloop
  endfacet
  facet normal -0.522502 0.852638 0
    outer loop
      vertex 9.4687 3.60213 0
      vertex 8.90676 3.25777 0.599999
      vertex 9.4687 3.60213 0.599999
    endloop
  endfacet
  facet normal -0.522502 0.852638 0
    outer loop
      vertex 8.90676 3.25777 0.599999
      vertex 9.4687 3.60213 0
      vertex 8.90676 3.25777 0
    endloop
  endfacet
  facet normal -0.233511 -0.972354 0
    outer loop
      vertex 7.65702 11.1483 0
      vertex 8.29787 10.9944 0.599999
      vertex 7.65702 11.1483 0.599999
    endloop
  endfacet
  facet normal -0.233511 -0.972354 -0
    outer loop
      vertex 8.29787 10.9944 0.599999
      vertex 7.65702 11.1483 0
      vertex 8.29787 10.9944 0
    endloop
  endfacet
  facet normal 0.382683 0.92388 -0
    outer loop
      vertex 5.70213 3.00556 0
      vertex 5.09324 3.25777 0.599999
      vertex 5.70213 3.00556 0.599999
    endloop
  endfacet
  facet normal 0.382683 0.92388 0
    outer loop
      vertex 5.09324 3.25777 0.599999
      vertex 5.70213 3.00556 0
      vertex 5.09324 3.25777 0
    endloop
  endfacet
  facet normal 0.996917 0.07846 0
    outer loop
      vertex 2.85171 6.34297 0.599999
      vertex 2.8 7 0
      vertex 2.8 7 0.599999
    endloop
  endfacet
  facet normal 0.996917 0.07846 0
    outer loop
      vertex 2.8 7 0
      vertex 2.85171 6.34297 0.599999
      vertex 2.85171 6.34297 0
    endloop
  endfacet
  facet normal 0.852638 0.522502 0
    outer loop
      vertex 3.60213 4.5313 0.599999
      vertex 3.25777 5.09324 0
      vertex 3.25777 5.09324 0.599999
    endloop
  endfacet
  facet normal 0.852638 0.522502 0
    outer loop
      vertex 3.25777 5.09324 0
      vertex 3.60213 4.5313 0.599999
      vertex 3.60213 4.5313 0
    endloop
  endfacet
  facet normal -0.0784612 0.996917 0
    outer loop
      vertex 7.65702 2.85171 0
      vertex 7 2.8 0.599999
      vertex 7.65702 2.85171 0.599999
    endloop
  endfacet
  facet normal -0.0784612 0.996917 0
    outer loop
      vertex 7 2.8 0.599999
      vertex 7.65702 2.85171 0
      vertex 7 2.8 0
    endloop
  endfacet
  facet normal -0.852679 0.522435 0
    outer loop
      vertex 10.3979 4.5313 0
      vertex 10.7422 5.09324 0.599999
      vertex 10.7422 5.09324 0
    endloop
  endfacet
  facet normal -0.852679 0.522435 0
    outer loop
      vertex 10.7422 5.09324 0.599999
      vertex 10.3979 4.5313 0
      vertex 10.3979 4.5313 0.599999
    endloop
  endfacet
  facet normal 0.522435 -0.852679 0
    outer loop
      vertex 4.5313 10.3979 0
      vertex 5.09324 10.7422 0.599999
      vertex 4.5313 10.3979 0.599999
    endloop
  endfacet
  facet normal 0.522435 -0.852679 0
    outer loop
      vertex 5.09324 10.7422 0.599999
      vertex 4.5313 10.3979 0
      vertex 5.09324 10.7422 0
    endloop
  endfacet
  facet normal 0.760408 -0.649446 0
    outer loop
      vertex 3.60213 9.4687 0.599999
      vertex 4.03015 9.96985 0
      vertex 4.03015 9.96985 0.599999
    endloop
  endfacet
  facet normal 0.760408 -0.649446 0
    outer loop
      vertex 4.03015 9.96985 0
      vertex 3.60213 9.4687 0.599999
      vertex 3.60213 9.4687 0
    endloop
  endfacet
  facet normal -0.649472 -0.760385 0
    outer loop
      vertex 9.4687 10.3979 0
      vertex 9.96985 9.96985 0.599999
      vertex 9.4687 10.3979 0.599999
    endloop
  endfacet
  facet normal -0.649472 -0.760385 -0
    outer loop
      vertex 9.96985 9.96985 0.599999
      vertex 9.4687 10.3979 0
      vertex 9.96985 9.96985 0
    endloop
  endfacet
  facet normal 0.972371 -0.233439 0
    outer loop
      vertex 2.85171 7.65702 0.599999
      vertex 3.00556 8.29787 0
      vertex 3.00556 8.29787 0.599999
    endloop
  endfacet
  facet normal 0.972371 -0.233439 0
    outer loop
      vertex 3.00556 8.29787 0
      vertex 2.85171 7.65702 0.599999
      vertex 2.85171 7.65702 0
    endloop
  endfacet
  facet normal -0.382683 0.92388 0
    outer loop
      vertex 8.90676 3.25777 0
      vertex 8.29787 3.00556 0.599999
      vertex 8.90676 3.25777 0.599999
    endloop
  endfacet
  facet normal -0.382683 0.92388 0
    outer loop
      vertex 8.29787 3.00556 0.599999
      vertex 8.90676 3.25777 0
      vertex 8.29787 3.00556 0
    endloop
  endfacet
  facet normal -0.522435 -0.852679 0
    outer loop
      vertex 8.90676 10.7422 0
      vertex 9.4687 10.3979 0.599999
      vertex 8.90676 10.7422 0.599999
    endloop
  endfacet
  facet normal -0.522435 -0.852679 -0
    outer loop
      vertex 9.4687 10.3979 0.599999
      vertex 8.90676 10.7422 0
      vertex 9.4687 10.3979 0
    endloop
  endfacet
  facet normal 0.07846 0.996917 -0
    outer loop
      vertex 7 2.8 0
      vertex 6.34297 2.85171 0.599999
      vertex 7 2.8 0.599999
    endloop
  endfacet
  facet normal 0.07846 0.996917 0
    outer loop
      vertex 6.34297 2.85171 0.599999
      vertex 7 2.8 0
      vertex 6.34297 2.85171 0
    endloop
  endfacet
  facet normal 0.38267 -0.923885 0
    outer loop
      vertex 5.09324 10.7422 0
      vertex 5.70213 10.9944 0.599999
      vertex 5.09324 10.7422 0.599999
    endloop
  endfacet
  facet normal 0.38267 -0.923885 0
    outer loop
      vertex 5.70213 10.9944 0.599999
      vertex 5.09324 10.7422 0
      vertex 5.70213 10.9944 0
    endloop
  endfacet
  facet normal 0.233514 -0.972353 0
    outer loop
      vertex 5.70213 10.9944 0
      vertex 6.34297 11.1483 0.599999
      vertex 5.70213 10.9944 0.599999
    endloop
  endfacet
  facet normal 0.233514 -0.972353 0
    outer loop
      vertex 6.34297 11.1483 0.599999
      vertex 5.70213 10.9944 0
      vertex 6.34297 11.1483 0
    endloop
  endfacet
  facet normal 0.760408 0.649446 0
    outer loop
      vertex 4.03015 4.03015 0.599999
      vertex 3.60213 4.5313 0
      vertex 3.60213 4.5313 0.599999
    endloop
  endfacet
  facet normal 0.760408 0.649446 0
    outer loop
      vertex 3.60213 4.5313 0
      vertex 4.03015 4.03015 0.599999
      vertex 4.03015 4.03015 0
    endloop
  endfacet
  facet normal -0.760385 0.649472 0
    outer loop
      vertex 9.96985 4.03015 0
      vertex 10.3979 4.5313 0.599999
      vertex 10.3979 4.5313 0
    endloop
  endfacet
  facet normal -0.760385 0.649472 0
    outer loop
      vertex 10.3979 4.5313 0.599999
      vertex 9.96985 4.03015 0
      vertex 9.96985 4.03015 0.599999
    endloop
  endfacet
  facet normal -0.996918 0.0784449 0
    outer loop
      vertex 11.1483 6.34297 0
      vertex 11.2 7 0.599999
      vertex 11.2 7 0
    endloop
  endfacet
  facet normal -0.996918 0.0784449 0
    outer loop
      vertex 11.2 7 0.599999
      vertex 11.1483 6.34297 0
      vertex 11.1483 6.34297 0.599999
    endloop
  endfacet
  facet normal -0.923885 -0.38267 0
    outer loop
      vertex 10.9944 8.29787 0
      vertex 10.7422 8.90676 0.599999
      vertex 10.7422 8.90676 0
    endloop
  endfacet
  facet normal -0.923885 -0.38267 0
    outer loop
      vertex 10.7422 8.90676 0.599999
      vertex 10.9944 8.29787 0
      vertex 10.9944 8.29787 0.599999
    endloop
  endfacet
  facet normal -0.972353 0.233514 0
    outer loop
      vertex 10.9944 5.70213 0
      vertex 11.1483 6.34297 0.599999
      vertex 11.1483 6.34297 0
    endloop
  endfacet
  facet normal -0.972353 0.233514 0
    outer loop
      vertex 11.1483 6.34297 0.599999
      vertex 10.9944 5.70213 0
      vertex 10.9944 5.70213 0.599999
    endloop
  endfacet
  facet normal -0.649446 0.760408 0
    outer loop
      vertex 9.96985 4.03015 0
      vertex 9.4687 3.60213 0.599999
      vertex 9.96985 4.03015 0.599999
    endloop
  endfacet
  facet normal -0.649446 0.760408 0
    outer loop
      vertex 9.4687 3.60213 0.599999
      vertex 9.96985 4.03015 0
      vertex 9.4687 3.60213 0
    endloop
  endfacet
  facet normal 0.233442 0.972371 -0
    outer loop
      vertex 6.34297 2.85171 0
      vertex 5.70213 3.00556 0.599999
      vertex 6.34297 2.85171 0.599999
    endloop
  endfacet
  facet normal 0.233442 0.972371 0
    outer loop
      vertex 5.70213 3.00556 0.599999
      vertex 6.34297 2.85171 0
      vertex 5.70213 3.00556 0
    endloop
  endfacet
  facet normal 0.972371 0.233442 0
    outer loop
      vertex 3.00556 5.70213 0.599999
      vertex 2.85171 6.34297 0
      vertex 2.85171 6.34297 0.599999
    endloop
  endfacet
  facet normal 0.972371 0.233442 0
    outer loop
      vertex 2.85171 6.34297 0
      vertex 3.00556 5.70213 0.599999
      vertex 3.00556 5.70213 0
    endloop
  endfacet
  facet normal 0.996917 -0.0784612 0
    outer loop
      vertex 2.8 7 0.599999
      vertex 2.85171 7.65702 0
      vertex 2.85171 7.65702 0.599999
    endloop
  endfacet
  facet normal 0.996917 -0.0784612 0
    outer loop
      vertex 2.85171 7.65702 0
      vertex 2.8 7 0.599999
      vertex 2.8 7 0
    endloop
  endfacet
  facet normal 0.0784449 -0.996918 0
    outer loop
      vertex 6.34297 11.1483 0
      vertex 7 11.2 0.599999
      vertex 6.34297 11.1483 0.599999
    endloop
  endfacet
  facet normal 0.0784449 -0.996918 0
    outer loop
      vertex 7 11.2 0.599999
      vertex 6.34297 11.1483 0
      vertex 7 11.2 0
    endloop
  endfacet
  facet normal -0.0784461 -0.996918 0
    outer loop
      vertex 7 11.2 0
      vertex 7.65702 11.1483 0.599999
      vertex 7 11.2 0.599999
    endloop
  endfacet
  facet normal -0.0784461 -0.996918 -0
    outer loop
      vertex 7.65702 11.1483 0.599999
      vertex 7 11.2 0
      vertex 7.65702 11.1483 0
    endloop
  endfacet
  facet normal 0.852638 -0.522502 0
    outer loop
      vertex 3.25777 8.90676 0.599999
      vertex 3.60213 9.4687 0
      vertex 3.60213 9.4687 0.599999
    endloop
  endfacet
  facet normal 0.852638 -0.522502 0
    outer loop
      vertex 3.60213 9.4687 0
      vertex 3.25777 8.90676 0.599999
      vertex 3.25777 8.90676 0
    endloop
  endfacet
  facet normal 0 0 -1
    outer loop
      vertex 11.1483 6.34297 0.599999
      vertex 11.1483 7.65702 0.599999
      vertex 11.2 7 0.599999
    endloop
  endfacet
  facet normal 0 0 -1
    outer loop
      vertex 10.9944 5.70213 0.599999
      vertex 11.1483 7.65702 0.599999
      vertex 11.1483 6.34297 0.599999
    endloop
  endfacet
  facet normal 0 0 -1
    outer loop
      vertex 10.9944 5.70213 0.599999
      vertex 10.9944 8.29787 0.599999
      vertex 11.1483 7.65702 0.599999
    endloop
  endfacet
  facet normal 0 0 -1
    outer loop
      vertex 10.7422 5.09324 0.599999
      vertex 10.9944 8.29787 0.599999
      vertex 10.9944 5.70213 0.599999
    endloop
  endfacet
  facet normal 0 0 -1
    outer loop
      vertex 10.7422 5.09324 0.599999
      vertex 10.7422 8.90676 0.599999
      vertex 10.9944 8.29787 0.599999
    endloop
  endfacet
  facet normal 0 0 -1
    outer loop
      vertex 10.3979 4.5313 0.599999
      vertex 10.7422 8.90676 0.599999
      vertex 10.7422 5.09324 0.599999
    endloop
  endfacet
  facet normal 0 0 -1
    outer loop
      vertex 10.3979 4.5313 0.599999
      vertex 10.3979 9.4687 0.599999
      vertex 10.7422 8.90676 0.599999
    endloop
  endfacet
  facet normal 0 0 -1
    outer loop
      vertex 9.96985 4.03015 0.599999
      vertex 10.3979 9.4687 0.599999
      vertex 10.3979 4.5313 0.599999
    endloop
  endfacet
  facet normal 0 0 -1
    outer loop
      vertex 9.96985 4.03015 0.599999
      vertex 9.96985 9.96985 0.599999
      vertex 10.3979 9.4687 0.599999
    endloop
  endfacet
  facet normal 0 0 -1
    outer loop
      vertex 9.4687 3.60213 0.599999
      vertex 9.96985 9.96985 0.599999
      vertex 9.96985 4.03015 0.599999
    endloop
  endfacet
  facet normal 0 0 -1
    outer loop
      vertex 9.4687 3.60213 0.599999
      vertex 9.4687 10.3979 0.599999
      vertex 9.96985 9.96985 0.599999
    endloop
  endfacet
  facet normal 0 0 -1
    outer loop
      vertex 8.90676 3.25777 0.599999
      vertex 9.4687 10.3979 0.599999
      vertex 9.4687 3.60213 0.599999
    endloop
  endfacet
  facet normal 0 0 -1
    outer loop
      vertex 8.90676 3.25777 0.599999
      vertex 8.90676 10.7422 0.599999
      vertex 9.4687 10.3979 0.599999
    endloop
  endfacet
  facet normal 0 0 -1
    outer loop
      vertex 8.29787 3.00556 0.599999
      vertex 8.90676 10.7422 0.599999
      vertex 8.90676 3.25777 0.599999
    endloop
  endfacet
  facet normal 0 0 -1
    outer loop
      vertex 8.29787 3.00556 0.599999
      vertex 8.29787 10.9944 0.599999
      vertex 8.90676 10.7422 0.599999
    endloop
  endfacet
  facet normal 0 0 -1
    outer loop
      vertex 7.65702 2.85171 0.599999
      vertex 8.29787 10.9944 0.599999
      vertex 8.29787 3.00556 0.599999
    endloop
  endfacet
  facet normal 0 0 -1
    outer loop
      vertex 7.65702 2.85171 0.599999
      vertex 7.65702 11.1483 0.599999
      vertex 8.29787 10.9944 0.599999
    endloop
  endfacet
  facet normal 0 0 -1
    outer loop
      vertex 7 2.8 0.599999
      vertex 7.65702 11.1483 0.599999
      vertex 7.65702 2.85171 0.599999
    endloop
  endfacet
  facet normal 0 0 -1
    outer loop
      vertex 7 2.8 0.599999
      vertex 7 11.2 0.599999
      vertex 7.65702 11.1483 0.599999
    endloop
  endfacet
  facet normal 0 0 -1
    outer loop
      vertex 6.34297 2.85171 0.599999
      vertex 7 11.2 0.599999
      vertex 7 2.8 0.599999
    endloop
  endfacet
  facet normal 0 0 -1
    outer loop
      vertex 6.34297 2.85171 0.599999
      vertex 6.34297 11.1483 0.599999
      vertex 7 11.2 0.599999
    endloop
  endfacet
  facet normal 0 0 -1
    outer loop
      vertex 5.70213 3.00556 0.599999
      vertex 6.34297 11.1483 0.599999
      vertex 6.34297 2.85171 0.599999
    endloop
  endfacet
  facet normal 0 0 -1
    outer loop
      vertex 5.70213 3.00556 0.599999
      vertex 5.70213 10.9944 0.599999
      vertex 6.34297 11.1483 0.599999
    endloop
  endfacet
  facet normal 0 0 -1
    outer loop
      vertex 5.09324 3.25777 0.599999
      vertex 5.70213 10.9944 0.599999
      vertex 5.70213 3.00556 0.599999
    endloop
  endfacet
  facet normal 0 0 -1
    outer loop
      vertex 5.09324 3.25777 0.599999
      vertex 5.09324 10.7422 0.599999
      vertex 5.70213 10.9944 0.599999
    endloop
  endfacet
  facet normal 0 0 -1
    outer loop
      vertex 4.5313 3.60213 0.599999
      vertex 5.09324 10.7422 0.599999
      vertex 5.09324 3.25777 0.599999
    endloop
  endfacet
  facet normal 0 0 -1
    outer loop
      vertex 4.5313 3.60213 0.599999
      vertex 4.5313 10.3979 0.599999
      vertex 5.09324 10.7422 0.599999
    endloop
  endfacet
  facet normal 0 0 -1
    outer loop
      vertex 4.03015 4.03015 0.599999
      vertex 4.5313 10.3979 0.599999
      vertex 4.5313 3.60213 0.599999
    endloop
  endfacet
  facet normal 0 0 -1
    outer loop
      vertex 4.03015 4.03015 0.599999
      vertex 4.03015 9.96985 0.599999
      vertex 4.5313 10.3979 0.599999
    endloop
  endfacet
  facet normal 0 0 -1
    outer loop
      vertex 3.60213 4.5313 0.599999
      vertex 4.03015 9.96985 0.599999
      vertex 4.03015 4.03015 0.599999
    endloop
  endfacet
  facet normal 0 0 -1
    outer loop
      vertex 3.60213 4.5313 0.599999
      vertex 3.60213 9.4687 0.599999
      vertex 4.03015 9.96985 0.599999
    endloop
  endfacet
  facet normal 0 0 -1
    outer loop
      vertex 3.25777 5.09324 0.599999
      vertex 3.60213 9.4687 0.599999
      vertex 3.60213 4.5313 0.599999
    endloop
  endfacet
  facet normal 0 0 -1
    outer loop
      vertex 3.25777 5.09324 0.599999
      vertex 3.25777 8.90676 0.599999
      vertex 3.60213 9.4687 0.599999
    endloop
  endfacet
  facet normal 0 0 -1
    outer loop
      vertex 3.00556 5.70213 0.599999
      vertex 3.25777 8.90676 0.599999
      vertex 3.25777 5.09324 0.599999
    endloop
  endfacet
  facet normal 0 0 -1
    outer loop
      vertex 3.00556 5.70213 0.599999
      vertex 3.00556 8.29787 0.599999
      vertex 3.25777 8.90676 0.599999
    endloop
  endfacet
  facet normal 0 0 -1
    outer loop
      vertex 2.85171 6.34297 0.599999
      vertex 3.00556 8.29787 0.599999
      vertex 3.00556 5.70213 0.599999
    endloop
  endfacet
  facet normal 0 0 -1
    outer loop
      vertex 2.85171 6.34297 0.599999
      vertex 2.85171 7.65702 0.599999
      vertex 3.00556 8.29787 0.599999
    endloop
  endfacet
  facet normal 0 -0 -1
    outer loop
      vertex 2.85171 7.65702 0.599999
      vertex 2.85171 6.34297 0.599999
      vertex 2.8 7 0.599999
    endloop
  endfacet
  facet normal 0.92388 -0.382683 0
    outer loop
      vertex 3.00556 8.29787 0.599999
      vertex 3.25777 8.90676 0
      vertex 3.25777 8.90676 0.599999
    endloop
  endfacet
  facet normal 0.92388 -0.382683 0
    outer loop
      vertex 3.25777 8.90676 0
      vertex 3.00556 8.29787 0.599999
      vertex 3.00556 8.29787 0
    endloop
  endfacet
  facet normal -0.972358 -0.233493 0
    outer loop
      vertex 11.1483 31.657 0
      vertex 10.9944 32.2979 0.599999
      vertex 10.9944 32.2979 0
    endloop
  endfacet
  facet normal -0.972358 -0.233493 0
    outer loop
      vertex 10.9944 32.2979 0.599999
      vertex 11.1483 31.657 0
      vertex 11.1483 31.657 0.599999
    endloop
  endfacet
  facet normal -0.996918 -0.0784485 0
    outer loop
      vertex 11.2 31 0
      vertex 11.1483 31.657 0.599999
      vertex 11.1483 31.657 0
    endloop
  endfacet
  facet normal -0.996918 -0.0784485 0
    outer loop
      vertex 11.1483 31.657 0.599999
      vertex 11.2 31 0
      vertex 11.2 31 0.599999
    endloop
  endfacet
  facet normal -0.760353 -0.64951 0
    outer loop
      vertex 10.3979 33.4687 0
      vertex 9.96985 33.9698 0.599999
      vertex 9.96985 33.9698 0
    endloop
  endfacet
  facet normal -0.760353 -0.64951 0
    outer loop
      vertex 9.96985 33.9698 0.599999
      vertex 10.3979 33.4687 0
      vertex 10.3979 33.4687 0.599999
    endloop
  endfacet
  facet normal 0.649516 0.760348 -0
    outer loop
      vertex 4.5313 27.6021 0
      vertex 4.03015 28.0302 0.599999
      vertex 4.5313 27.6021 0.599999
    endloop
  endfacet
  facet normal 0.649516 0.760348 0
    outer loop
      vertex 4.03015 28.0302 0.599999
      vertex 4.5313 27.6021 0
      vertex 4.03015 28.0302 0
    endloop
  endfacet
  facet normal 0.852622 -0.522529 0
    outer loop
      vertex 3.25777 32.9068 0.599999
      vertex 3.60213 33.4687 0
      vertex 3.60213 33.4687 0.599999
    endloop
  endfacet
  facet normal 0.852622 -0.522529 0
    outer loop
      vertex 3.60213 33.4687 0
      vertex 3.25777 32.9068 0.599999
      vertex 3.25777 32.9068 0
    endloop
  endfacet
  facet normal -0.852662 -0.522462 0
    outer loop
      vertex 10.7422 32.9068 0
      vertex 10.3979 33.4687 0.599999
      vertex 10.3979 33.4687 0
    endloop
  endfacet
  facet normal -0.852662 -0.522462 0
    outer loop
      vertex 10.3979 33.4687 0.599999
      vertex 10.7422 32.9068 0
      vertex 10.7422 32.9068 0.599999
    endloop
  endfacet
  facet normal 0.522435 0.852679 -0
    outer loop
      vertex 5.09324 27.2578 0
      vertex 4.5313 27.6021 0.599999
      vertex 5.09324 27.2578 0.599999
    endloop
  endfacet
  facet normal 0.522435 0.852679 0
    outer loop
      vertex 4.5313 27.6021 0.599999
      vertex 5.09324 27.2578 0
      vertex 4.5313 27.6021 0
    endloop
  endfacet
  facet normal -0.38267 -0.923885 0
    outer loop
      vertex 8.29787 34.9944 0
      vertex 8.90676 34.7422 0.599999
      vertex 8.29787 34.9944 0.599999
    endloop
  endfacet
  facet normal -0.38267 -0.923885 -0
    outer loop
      vertex 8.90676 34.7422 0.599999
      vertex 8.29787 34.9944 0
      vertex 8.90676 34.7422 0
    endloop
  endfacet
  facet normal -0.923887 0.382664 0
    outer loop
      vertex 10.7422 29.0932 0
      vertex 10.9944 29.7021 0.599999
      vertex 10.9944 29.7021 0
    endloop
  endfacet
  facet normal -0.923887 0.382664 0
    outer loop
      vertex 10.9944 29.7021 0.599999
      vertex 10.7422 29.0932 0
      vertex 10.7422 29.0932 0.599999
    endloop
  endfacet
  facet normal 0.923882 0.382677 0
    outer loop
      vertex 3.25777 29.0932 0.599999
      vertex 3.00556 29.7021 0
      vertex 3.00556 29.7021 0.599999
    endloop
  endfacet
  facet normal 0.923882 0.382677 0
    outer loop
      vertex 3.00556 29.7021 0
      vertex 3.25777 29.0932 0.599999
      vertex 3.25777 29.0932 0
    endloop
  endfacet
  facet normal 0.649516 -0.760348 0
    outer loop
      vertex 4.03015 33.9698 0
      vertex 4.5313 34.3979 0.599999
      vertex 4.03015 33.9698 0.599999
    endloop
  endfacet
  facet normal 0.649516 -0.760348 0
    outer loop
      vertex 4.5313 34.3979 0.599999
      vertex 4.03015 33.9698 0
      vertex 4.5313 34.3979 0
    endloop
  endfacet
  facet normal -0.233511 0.972354 0
    outer loop
      vertex 8.29787 27.0056 0
      vertex 7.65702 26.8517 0.599999
      vertex 8.29787 27.0056 0.599999
    endloop
  endfacet
  facet normal -0.233511 0.972354 0
    outer loop
      vertex 7.65702 26.8517 0.599999
      vertex 8.29787 27.0056 0
      vertex 7.65702 26.8517 0
    endloop
  endfacet
  facet normal -0.522435 0.852679 0
    outer loop
      vertex 9.4687 27.6021 0
      vertex 8.90676 27.2578 0.599999
      vertex 9.4687 27.6021 0.599999
    endloop
  endfacet
  facet normal -0.522435 0.852679 0
    outer loop
      vertex 8.90676 27.2578 0.599999
      vertex 9.4687 27.6021 0
      vertex 8.90676 27.2578 0
    endloop
  endfacet
  facet normal -0.233511 -0.972354 0
    outer loop
      vertex 7.65702 35.1483 0
      vertex 8.29787 34.9944 0.599999
      vertex 7.65702 35.1483 0.599999
    endloop
  endfacet
  facet normal -0.233511 -0.972354 -0
    outer loop
      vertex 8.29787 34.9944 0.599999
      vertex 7.65702 35.1483 0
      vertex 8.29787 34.9944 0
    endloop
  endfacet
  facet normal 0.38267 0.923885 -0
    outer loop
      vertex 5.70213 27.0056 0
      vertex 5.09324 27.2578 0.599999
      vertex 5.70213 27.0056 0.599999
    endloop
  endfacet
  facet normal 0.38267 0.923885 0
    outer loop
      vertex 5.09324 27.2578 0.599999
      vertex 5.70213 27.0056 0
      vertex 5.09324 27.2578 0
    endloop
  endfacet
  facet normal 0.996917 0.0784636 0
    outer loop
      vertex 2.85171 30.343 0.599999
      vertex 2.8 31 0
      vertex 2.8 31 0.599999
    endloop
  endfacet
  facet normal 0.996917 0.0784636 0
    outer loop
      vertex 2.8 31 0
      vertex 2.85171 30.343 0.599999
      vertex 2.85171 30.343 0
    endloop
  endfacet
  facet normal 0.852622 0.522529 0
    outer loop
      vertex 3.60213 28.5313 0.599999
      vertex 3.25777 29.0932 0
      vertex 3.25777 29.0932 0.599999
    endloop
  endfacet
  facet normal 0.852622 0.522529 0
    outer loop
      vertex 3.25777 29.0932 0
      vertex 3.60213 28.5313 0.599999
      vertex 3.60213 28.5313 0
    endloop
  endfacet
  facet normal -0.0784461 0.996918 0
    outer loop
      vertex 7.65702 26.8517 0
      vertex 7 26.8 0.599999
      vertex 7.65702 26.8517 0.599999
    endloop
  endfacet
  facet normal -0.0784461 0.996918 0
    outer loop
      vertex 7 26.8 0.599999
      vertex 7.65702 26.8517 0
      vertex 7 26.8 0
    endloop
  endfacet
  facet normal -0.852662 0.522462 0
    outer loop
      vertex 10.3979 28.5313 0
      vertex 10.7422 29.0932 0.599999
      vertex 10.7422 29.0932 0
    endloop
  endfacet
  facet normal -0.852662 0.522462 0
    outer loop
      vertex 10.7422 29.0932 0.599999
      vertex 10.3979 28.5313 0
      vertex 10.3979 28.5313 0.599999
    endloop
  endfacet
  facet normal 0.522435 -0.852679 0
    outer loop
      vertex 4.5313 34.3979 0
      vertex 5.09324 34.7422 0.599999
      vertex 4.5313 34.3979 0.599999
    endloop
  endfacet
  facet normal 0.522435 -0.852679 0
    outer loop
      vertex 5.09324 34.7422 0.599999
      vertex 4.5313 34.3979 0
      vertex 5.09324 34.7422 0
    endloop
  endfacet
  facet normal 0.760376 -0.649483 0
    outer loop
      vertex 3.60213 33.4687 0.599999
      vertex 4.03015 33.9698 0
      vertex 4.03015 33.9698 0.599999
    endloop
  endfacet
  facet normal 0.760376 -0.649483 0
    outer loop
      vertex 4.03015 33.9698 0
      vertex 3.60213 33.4687 0.599999
      vertex 3.60213 33.4687 0
    endloop
  endfacet
  facet normal -0.649516 -0.760348 0
    outer loop
      vertex 9.4687 34.3979 0
      vertex 9.96985 33.9698 0.599999
      vertex 9.4687 34.3979 0.599999
    endloop
  endfacet
  facet normal -0.649516 -0.760348 -0
    outer loop
      vertex 9.96985 33.9698 0.599999
      vertex 9.4687 34.3979 0
      vertex 9.96985 33.9698 0
    endloop
  endfacet
  facet normal 0.972376 -0.233422 0
    outer loop
      vertex 2.85171 31.657 0.599999
      vertex 3.00556 32.2979 0
      vertex 3.00556 32.2979 0.599999
    endloop
  endfacet
  facet normal 0.972376 -0.233422 0
    outer loop
      vertex 3.00556 32.2979 0
      vertex 2.85171 31.657 0.599999
      vertex 2.85171 31.657 0
    endloop
  endfacet
  facet normal -0.38267 0.923885 0
    outer loop
      vertex 8.90676 27.2578 0
      vertex 8.29787 27.0056 0.599999
      vertex 8.90676 27.2578 0.599999
    endloop
  endfacet
  facet normal -0.38267 0.923885 0
    outer loop
      vertex 8.29787 27.0056 0.599999
      vertex 8.90676 27.2578 0
      vertex 8.29787 27.0056 0
    endloop
  endfacet
  facet normal -0.522435 -0.852679 0
    outer loop
      vertex 8.90676 34.7422 0
      vertex 9.4687 34.3979 0.599999
      vertex 8.90676 34.7422 0.599999
    endloop
  endfacet
  facet normal -0.522435 -0.852679 -0
    outer loop
      vertex 9.4687 34.3979 0.599999
      vertex 8.90676 34.7422 0
      vertex 9.4687 34.3979 0
    endloop
  endfacet
  facet normal 0.0784449 0.996918 -0
    outer loop
      vertex 7 26.8 0
      vertex 6.34297 26.8517 0.599999
      vertex 7 26.8 0.599999
    endloop
  endfacet
  facet normal 0.0784449 0.996918 0
    outer loop
      vertex 6.34297 26.8517 0.599999
      vertex 7 26.8 0
      vertex 6.34297 26.8517 0
    endloop
  endfacet
  facet normal 0.38267 -0.923885 0
    outer loop
      vertex 5.09324 34.7422 0
      vertex 5.70213 34.9944 0.599999
      vertex 5.09324 34.7422 0.599999
    endloop
  endfacet
  facet normal 0.38267 -0.923885 0
    outer loop
      vertex 5.70213 34.9944 0.599999
      vertex 5.09324 34.7422 0
      vertex 5.70213 34.9944 0
    endloop
  endfacet
  facet normal 0.233514 -0.972353 0
    outer loop
      vertex 5.70213 34.9944 0
      vertex 6.34297 35.1483 0.599999
      vertex 5.70213 34.9944 0.599999
    endloop
  endfacet
  facet normal 0.233514 -0.972353 0
    outer loop
      vertex 6.34297 35.1483 0.599999
      vertex 5.70213 34.9944 0
      vertex 6.34297 35.1483 0
    endloop
  endfacet
  facet normal 0.760376 0.649483 0
    outer loop
      vertex 4.03015 28.0302 0.599999
      vertex 3.60213 28.5313 0
      vertex 3.60213 28.5313 0.599999
    endloop
  endfacet
  facet normal 0.760376 0.649483 0
    outer loop
      vertex 3.60213 28.5313 0
      vertex 4.03015 28.0302 0.599999
      vertex 4.03015 28.0302 0
    endloop
  endfacet
  facet normal -0.760353 0.64951 0
    outer loop
      vertex 9.96985 28.0302 0
      vertex 10.3979 28.5313 0.599999
      vertex 10.3979 28.5313 0
    endloop
  endfacet
  facet normal -0.760353 0.64951 0
    outer loop
      vertex 10.3979 28.5313 0.599999
      vertex 9.96985 28.0302 0
      vertex 9.96985 28.0302 0.599999
    endloop
  endfacet
  facet normal -0.996918 0.0784485 0
    outer loop
      vertex 11.1483 30.343 0
      vertex 11.2 31 0.599999
      vertex 11.2 31 0
    endloop
  endfacet
  facet normal -0.996918 0.0784485 0
    outer loop
      vertex 11.2 31 0.599999
      vertex 11.1483 30.343 0
      vertex 11.1483 30.343 0.599999
    endloop
  endfacet
  facet normal -0.923887 -0.382664 0
    outer loop
      vertex 10.9944 32.2979 0
      vertex 10.7422 32.9068 0.599999
      vertex 10.7422 32.9068 0
    endloop
  endfacet
  facet normal -0.923887 -0.382664 0
    outer loop
      vertex 10.7422 32.9068 0.599999
      vertex 10.9944 32.2979 0
      vertex 10.9944 32.2979 0.599999
    endloop
  endfacet
  facet normal -0.972358 0.233493 0
    outer loop
      vertex 10.9944 29.7021 0
      vertex 11.1483 30.343 0.599999
      vertex 11.1483 30.343 0
    endloop
  endfacet
  facet normal -0.972358 0.233493 0
    outer loop
      vertex 11.1483 30.343 0.599999
      vertex 10.9944 29.7021 0
      vertex 10.9944 29.7021 0.599999
    endloop
  endfacet
  facet normal -0.649516 0.760348 0
    outer loop
      vertex 9.96985 28.0302 0
      vertex 9.4687 27.6021 0.599999
      vertex 9.96985 28.0302 0.599999
    endloop
  endfacet
  facet normal -0.649516 0.760348 0
    outer loop
      vertex 9.4687 27.6021 0.599999
      vertex 9.96985 28.0302 0
      vertex 9.4687 27.6021 0
    endloop
  endfacet
  facet normal 0.233514 0.972353 -0
    outer loop
      vertex 6.34297 26.8517 0
      vertex 5.70213 27.0056 0.599999
      vertex 6.34297 26.8517 0.599999
    endloop
  endfacet
  facet normal 0.233514 0.972353 0
    outer loop
      vertex 5.70213 27.0056 0.599999
      vertex 6.34297 26.8517 0
      vertex 5.70213 27.0056 0
    endloop
  endfacet
  facet normal 0.972376 0.233422 0
    outer loop
      vertex 3.00556 29.7021 0.599999
      vertex 2.85171 30.343 0
      vertex 2.85171 30.343 0.599999
    endloop
  endfacet
  facet normal 0.972376 0.233422 0
    outer loop
      vertex 2.85171 30.343 0
      vertex 3.00556 29.7021 0.599999
      vertex 3.00556 29.7021 0
    endloop
  endfacet
  facet normal 0.996917 -0.0784636 0
    outer loop
      vertex 2.8 31 0.599999
      vertex 2.85171 31.657 0
      vertex 2.85171 31.657 0.599999
    endloop
  endfacet
  facet normal 0.996917 -0.0784636 0
    outer loop
      vertex 2.85171 31.657 0
      vertex 2.8 31 0.599999
      vertex 2.8 31 0
    endloop
  endfacet
  facet normal 0.0784449 -0.996918 0
    outer loop
      vertex 6.34297 35.1483 0
      vertex 7 35.2 0.599999
      vertex 6.34297 35.1483 0.599999
    endloop
  endfacet
  facet normal 0.0784449 -0.996918 0
    outer loop
      vertex 7 35.2 0.599999
      vertex 6.34297 35.1483 0
      vertex 7 35.2 0
    endloop
  endfacet
  facet normal -0.0784461 -0.996918 0
    outer loop
      vertex 7 35.2 0
      vertex 7.65702 35.1483 0.599999
      vertex 7 35.2 0.599999
    endloop
  endfacet
  facet normal -0.0784461 -0.996918 -0
    outer loop
      vertex 7.65702 35.1483 0.599999
      vertex 7 35.2 0
      vertex 7.65702 35.1483 0
    endloop
  endfacet
  facet normal 0 0 -1
    outer loop
      vertex 11.1483 30.343 0.599999
      vertex 11.1483 31.657 0.599999
      vertex 11.2 31 0.599999
    endloop
  endfacet
  facet normal 0 0 -1
    outer loop
      vertex 10.9944 29.7021 0.599999
      vertex 11.1483 31.657 0.599999
      vertex 11.1483 30.343 0.599999
    endloop
  endfacet
  facet normal 0 0 -1
    outer loop
      vertex 10.9944 29.7021 0.599999
      vertex 10.9944 32.2979 0.599999
      vertex 11.1483 31.657 0.599999
    endloop
  endfacet
  facet normal 0 0 -1
    outer loop
      vertex 10.7422 29.0932 0.599999
      vertex 10.9944 32.2979 0.599999
      vertex 10.9944 29.7021 0.599999
    endloop
  endfacet
  facet normal 0 0 -1
    outer loop
      vertex 10.7422 29.0932 0.599999
      vertex 10.7422 32.9068 0.599999
      vertex 10.9944 32.2979 0.599999
    endloop
  endfacet
  facet normal 0 0 -1
    outer loop
      vertex 10.3979 28.5313 0.599999
      vertex 10.7422 32.9068 0.599999
      vertex 10.7422 29.0932 0.599999
    endloop
  endfacet
  facet normal 0 0 -1
    outer loop
      vertex 10.3979 28.5313 0.599999
      vertex 10.3979 33.4687 0.599999
      vertex 10.7422 32.9068 0.599999
    endloop
  endfacet
  facet normal 0 0 -1
    outer loop
      vertex 9.96985 28.0302 0.599999
      vertex 10.3979 33.4687 0.599999
      vertex 10.3979 28.5313 0.599999
    endloop
  endfacet
  facet normal 0 0 -1
    outer loop
      vertex 9.96985 28.0302 0.599999
      vertex 9.96985 33.9698 0.599999
      vertex 10.3979 33.4687 0.599999
    endloop
  endfacet
  facet normal 0 0 -1
    outer loop
      vertex 9.4687 27.6021 0.599999
      vertex 9.96985 33.9698 0.599999
      vertex 9.96985 28.0302 0.599999
    endloop
  endfacet
  facet normal 0 0 -1
    outer loop
      vertex 9.4687 27.6021 0.599999
      vertex 9.4687 34.3979 0.599999
      vertex 9.96985 33.9698 0.599999
    endloop
  endfacet
  facet normal 0 0 -1
    outer loop
      vertex 8.90676 27.2578 0.599999
      vertex 9.4687 34.3979 0.599999
      vertex 9.4687 27.6021 0.599999
    endloop
  endfacet
  facet normal 0 0 -1
    outer loop
      vertex 8.90676 27.2578 0.599999
      vertex 8.90676 34.7422 0.599999
      vertex 9.4687 34.3979 0.599999
    endloop
  endfacet
  facet normal 0 0 -1
    outer loop
      vertex 8.29787 27.0056 0.599999
      vertex 8.90676 34.7422 0.599999
      vertex 8.90676 27.2578 0.599999
    endloop
  endfacet
  facet normal 0 0 -1
    outer loop
      vertex 8.29787 27.0056 0.599999
      vertex 8.29787 34.9944 0.599999
      vertex 8.90676 34.7422 0.599999
    endloop
  endfacet
  facet normal 0 0 -1
    outer loop
      vertex 7.65702 26.8517 0.599999
      vertex 8.29787 34.9944 0.599999
      vertex 8.29787 27.0056 0.599999
    endloop
  endfacet
  facet normal 0 0 -1
    outer loop
      vertex 7.65702 26.8517 0.599999
      vertex 7.65702 35.1483 0.599999
      vertex 8.29787 34.9944 0.599999
    endloop
  endfacet
  facet normal 0 0 -1
    outer loop
      vertex 7 26.8 0.599999
      vertex 7.65702 35.1483 0.599999
      vertex 7.65702 26.8517 0.599999
    endloop
  endfacet
  facet normal 0 0 -1
    outer loop
      vertex 7 26.8 0.599999
      vertex 7 35.2 0.599999
      vertex 7.65702 35.1483 0.599999
    endloop
  endfacet
  facet normal 0 0 -1
    outer loop
      vertex 6.34297 26.8517 0.599999
      vertex 7 35.2 0.599999
      vertex 7 26.8 0.599999
    endloop
  endfacet
  facet normal 0 0 -1
    outer loop
      vertex 6.34297 26.8517 0.599999
      vertex 6.34297 35.1483 0.599999
      vertex 7 35.2 0.599999
    endloop
  endfacet
  facet normal 0 0 -1
    outer loop
      vertex 5.70213 27.0056 0.599999
      vertex 6.34297 35.1483 0.599999
      vertex 6.34297 26.8517 0.599999
    endloop
  endfacet
  facet normal 0 0 -1
    outer loop
      vertex 5.70213 27.0056 0.599999
      vertex 5.70213 34.9944 0.599999
      vertex 6.34297 35.1483 0.599999
    endloop
  endfacet
  facet normal 0 0 -1
    outer loop
      vertex 5.09324 27.2578 0.599999
      vertex 5.70213 34.9944 0.599999
      vertex 5.70213 27.0056 0.599999
    endloop
  endfacet
  facet normal 0 0 -1
    outer loop
      vertex 5.09324 27.2578 0.599999
      vertex 5.09324 34.7422 0.599999
      vertex 5.70213 34.9944 0.599999
    endloop
  endfacet
  facet normal 0 0 -1
    outer loop
      vertex 4.5313 27.6021 0.599999
      vertex 5.09324 34.7422 0.599999
      vertex 5.09324 27.2578 0.599999
    endloop
  endfacet
  facet normal 0 0 -1
    outer loop
      vertex 4.5313 27.6021 0.599999
      vertex 4.5313 34.3979 0.599999
      vertex 5.09324 34.7422 0.599999
    endloop
  endfacet
  facet normal 0 0 -1
    outer loop
      vertex 4.03015 28.0302 0.599999
      vertex 4.5313 34.3979 0.599999
      vertex 4.5313 27.6021 0.599999
    endloop
  endfacet
  facet normal 0 0 -1
    outer loop
      vertex 4.03015 28.0302 0.599999
      vertex 4.03015 33.9698 0.599999
      vertex 4.5313 34.3979 0.599999
    endloop
  endfacet
  facet normal 0 0 -1
    outer loop
      vertex 3.60213 28.5313 0.599999
      vertex 4.03015 33.9698 0.599999
      vertex 4.03015 28.0302 0.599999
    endloop
  endfacet
  facet normal 0 0 -1
    outer loop
      vertex 3.60213 28.5313 0.599999
      vertex 3.60213 33.4687 0.599999
      vertex 4.03015 33.9698 0.599999
    endloop
  endfacet
  facet normal 0 0 -1
    outer loop
      vertex 3.25777 29.0932 0.599999
      vertex 3.60213 33.4687 0.599999
      vertex 3.60213 28.5313 0.599999
    endloop
  endfacet
  facet normal 0 0 -1
    outer loop
      vertex 3.25777 29.0932 0.599999
      vertex 3.25777 32.9068 0.599999
      vertex 3.60213 33.4687 0.599999
    endloop
  endfacet
  facet normal 0 0 -1
    outer loop
      vertex 3.00556 29.7021 0.599999
      vertex 3.25777 32.9068 0.599999
      vertex 3.25777 29.0932 0.599999
    endloop
  endfacet
  facet normal 0 0 -1
    outer loop
      vertex 3.00556 29.7021 0.599999
      vertex 3.00556 32.2979 0.599999
      vertex 3.25777 32.9068 0.599999
    endloop
  endfacet
  facet normal 0 0 -1
    outer loop
      vertex 2.85171 30.343 0.599999
      vertex 3.00556 32.2979 0.599999
      vertex 3.00556 29.7021 0.599999
    endloop
  endfacet
  facet normal 0 0 -1
    outer loop
      vertex 2.85171 30.343 0.599999
      vertex 2.85171 31.657 0.599999
      vertex 3.00556 32.2979 0.599999
    endloop
  endfacet
  facet normal 0 -0 -1
    outer loop
      vertex 2.85171 31.657 0.599999
      vertex 2.85171 30.343 0.599999
      vertex 2.8 31 0.599999
    endloop
  endfacet
  facet normal 0.923882 -0.382677 0
    outer loop
      vertex 3.00556 32.2979 0.599999
      vertex 3.25777 32.9068 0
      vertex 3.25777 32.9068 0.599999
    endloop
  endfacet
  facet normal 0.923882 -0.382677 0
    outer loop
      vertex 3.25777 32.9068 0
      vertex 3.00556 32.2979 0.599999
      vertex 3.00556 32.2979 0
    endloop
  endfacet
  facet normal -0.972354 -0.233511 0
    outer loop
      vertex 61.1483 7.65702 0
      vertex 60.9944 8.29787 0.599999
      vertex 60.9944 8.29787 0
    endloop
  endfacet
  facet normal -0.972354 -0.233511 0
    outer loop
      vertex 60.9944 8.29787 0.599999
      vertex 61.1483 7.65702 0
      vertex 61.1483 7.65702 0.599999
    endloop
  endfacet
  facet normal -0.996918 -0.0784461 0
    outer loop
      vertex 61.2 7 0
      vertex 61.1483 7.65702 0.599999
      vertex 61.1483 7.65702 0
    endloop
  endfacet
  facet normal -0.996918 -0.0784461 0
    outer loop
      vertex 61.1483 7.65702 0.599999
      vertex 61.2 7 0
      vertex 61.2 7 0.599999
    endloop
  endfacet
  facet normal -0.760348 -0.649516 0
    outer loop
      vertex 60.3979 9.4687 0
      vertex 59.9698 9.96985 0.599999
      vertex 59.9698 9.96985 0
    endloop
  endfacet
  facet normal -0.760348 -0.649516 0
    outer loop
      vertex 59.9698 9.96985 0.599999
      vertex 60.3979 9.4687 0
      vertex 60.3979 9.4687 0.599999
    endloop
  endfacet
  facet normal 0.649483 0.760376 -0
    outer loop
      vertex 54.5313 3.60213 0
      vertex 54.0302 4.03015 0.599999
      vertex 54.5313 3.60213 0.599999
    endloop
  endfacet
  facet normal 0.649483 0.760376 0
    outer loop
      vertex 54.0302 4.03015 0.599999
      vertex 54.5313 3.60213 0
      vertex 54.0302 4.03015 0
    endloop
  endfacet
  facet normal 0.852679 -0.522435 0
    outer loop
      vertex 53.2578 8.90676 0.599999
      vertex 53.6021 9.4687 0
      vertex 53.6021 9.4687 0.599999
    endloop
  endfacet
  facet normal 0.852679 -0.522435 0
    outer loop
      vertex 53.6021 9.4687 0
      vertex 53.2578 8.90676 0.599999
      vertex 53.2578 8.90676 0
    endloop
  endfacet
  facet normal -0.852679 -0.522435 0
    outer loop
      vertex 60.7422 8.90676 0
      vertex 60.3979 9.4687 0.599999
      vertex 60.3979 9.4687 0
    endloop
  endfacet
  facet normal -0.852679 -0.522435 0
    outer loop
      vertex 60.3979 9.4687 0.599999
      vertex 60.7422 8.90676 0
      vertex 60.7422 8.90676 0.599999
    endloop
  endfacet
  facet normal 0.522529 0.852622 -0
    outer loop
      vertex 55.0932 3.25777 0
      vertex 54.5313 3.60213 0.599999
      vertex 55.0932 3.25777 0.599999
    endloop
  endfacet
  facet normal 0.522529 0.852622 0
    outer loop
      vertex 54.5313 3.60213 0.599999
      vertex 55.0932 3.25777 0
      vertex 54.5313 3.60213 0
    endloop
  endfacet
  facet normal -0.382664 -0.923887 0
    outer loop
      vertex 58.2979 10.9944 0
      vertex 58.9068 10.7422 0.599999
      vertex 58.2979 10.9944 0.599999
    endloop
  endfacet
  facet normal -0.382664 -0.923887 -0
    outer loop
      vertex 58.9068 10.7422 0.599999
      vertex 58.2979 10.9944 0
      vertex 58.9068 10.7422 0
    endloop
  endfacet
  facet normal -0.923885 0.38267 0
    outer loop
      vertex 60.7422 5.09324 0
      vertex 60.9944 5.70213 0.599999
      vertex 60.9944 5.70213 0
    endloop
  endfacet
  facet normal -0.923885 0.38267 0
    outer loop
      vertex 60.9944 5.70213 0.599999
      vertex 60.7422 5.09324 0
      vertex 60.7422 5.09324 0.599999
    endloop
  endfacet
  facet normal 0.923885 0.38267 0
    outer loop
      vertex 53.2578 5.09324 0.599999
      vertex 53.0056 5.70213 0
      vertex 53.0056 5.70213 0.599999
    endloop
  endfacet
  facet normal 0.923885 0.38267 0
    outer loop
      vertex 53.0056 5.70213 0
      vertex 53.2578 5.09324 0.599999
      vertex 53.2578 5.09324 0
    endloop
  endfacet
  facet normal 0.64951 -0.760353 0
    outer loop
      vertex 54.0302 9.96985 0
      vertex 54.5313 10.3979 0.599999
      vertex 54.0302 9.96985 0.599999
    endloop
  endfacet
  facet normal 0.64951 -0.760353 0
    outer loop
      vertex 54.5313 10.3979 0.599999
      vertex 54.0302 9.96985 0
      vertex 54.5313 10.3979 0
    endloop
  endfacet
  facet normal -0.233422 0.972376 0
    outer loop
      vertex 58.2979 3.00556 0
      vertex 57.657 2.85171 0.599999
      vertex 58.2979 3.00556 0.599999
    endloop
  endfacet
  facet normal -0.233422 0.972376 0
    outer loop
      vertex 57.657 2.85171 0.599999
      vertex 58.2979 3.00556 0
      vertex 57.657 2.85171 0
    endloop
  endfacet
  facet normal -0.522529 0.852622 0
    outer loop
      vertex 59.4687 3.60213 0
      vertex 58.9068 3.25777 0.599999
      vertex 59.4687 3.60213 0.599999
    endloop
  endfacet
  facet normal -0.522529 0.852622 0
    outer loop
      vertex 58.9068 3.25777 0.599999
      vertex 59.4687 3.60213 0
      vertex 58.9068 3.25777 0
    endloop
  endfacet
  facet normal -0.233493 -0.972358 0
    outer loop
      vertex 57.657 11.1483 0
      vertex 58.2979 10.9944 0.599999
      vertex 57.657 11.1483 0.599999
    endloop
  endfacet
  facet normal -0.233493 -0.972358 -0
    outer loop
      vertex 58.2979 10.9944 0.599999
      vertex 57.657 11.1483 0
      vertex 58.2979 10.9944 0
    endloop
  endfacet
  facet normal 0.382677 0.923882 -0
    outer loop
      vertex 55.7021 3.00556 0
      vertex 55.0932 3.25777 0.599999
      vertex 55.7021 3.00556 0.599999
    endloop
  endfacet
  facet normal 0.382677 0.923882 0
    outer loop
      vertex 55.0932 3.25777 0.599999
      vertex 55.7021 3.00556 0
      vertex 55.0932 3.25777 0
    endloop
  endfacet
  facet normal 0.996918 0.0784449 0
    outer loop
      vertex 52.8517 6.34297 0.599999
      vertex 52.8 7 0
      vertex 52.8 7 0.599999
    endloop
  endfacet
  facet normal 0.996918 0.0784449 0
    outer loop
      vertex 52.8 7 0
      vertex 52.8517 6.34297 0.599999
      vertex 52.8517 6.34297 0
    endloop
  endfacet
  facet normal -0.0784636 0.996917 0
    outer loop
      vertex 57.657 2.85171 0
      vertex 57 2.8 0.599999
      vertex 57.657 2.85171 0.599999
    endloop
  endfacet
  facet normal -0.0784636 0.996917 0
    outer loop
      vertex 57 2.8 0.599999
      vertex 57.657 2.85171 0
      vertex 57 2.8 0
    endloop
  endfacet
  facet normal -0.852679 0.522435 0
    outer loop
      vertex 60.3979 4.5313 0
      vertex 60.7422 5.09324 0.599999
      vertex 60.7422 5.09324 0
    endloop
  endfacet
  facet normal -0.852679 0.522435 0
    outer loop
      vertex 60.7422 5.09324 0.599999
      vertex 60.3979 4.5313 0
      vertex 60.3979 4.5313 0.599999
    endloop
  endfacet
  facet normal 0.522462 -0.852662 0
    outer loop
      vertex 54.5313 10.3979 0
      vertex 55.0932 10.7422 0.599999
      vertex 54.5313 10.3979 0.599999
    endloop
  endfacet
  facet normal 0.522462 -0.852662 0
    outer loop
      vertex 55.0932 10.7422 0.599999
      vertex 54.5313 10.3979 0
      vertex 55.0932 10.7422 0
    endloop
  endfacet
  facet normal 0.760348 -0.649516 0
    outer loop
      vertex 53.6021 9.4687 0.599999
      vertex 54.0302 9.96985 0
      vertex 54.0302 9.96985 0.599999
    endloop
  endfacet
  facet normal 0.760348 -0.649516 0
    outer loop
      vertex 54.0302 9.96985 0
      vertex 53.6021 9.4687 0.599999
      vertex 53.6021 9.4687 0
    endloop
  endfacet
  facet normal -0.64951 -0.760353 0
    outer loop
      vertex 59.4687 10.3979 0
      vertex 59.9698 9.96985 0.599999
      vertex 59.4687 10.3979 0.599999
    endloop
  endfacet
  facet normal -0.64951 -0.760353 -0
    outer loop
      vertex 59.9698 9.96985 0.599999
      vertex 59.4687 10.3979 0
      vertex 59.9698 9.96985 0
    endloop
  endfacet
  facet normal 0.972354 -0.233511 0
    outer loop
      vertex 52.8517 7.65702 0.599999
      vertex 53.0056 8.29787 0
      vertex 53.0056 8.29787 0.599999
    endloop
  endfacet
  facet normal 0.972354 -0.233511 0
    outer loop
      vertex 53.0056 8.29787 0
      vertex 52.8517 7.65702 0.599999
      vertex 52.8517 7.65702 0
    endloop
  endfacet
  facet normal -0.382677 0.923882 0
    outer loop
      vertex 58.9068 3.25777 0
      vertex 58.2979 3.00556 0.599999
      vertex 58.9068 3.25777 0.599999
    endloop
  endfacet
  facet normal -0.382677 0.923882 0
    outer loop
      vertex 58.2979 3.00556 0.599999
      vertex 58.9068 3.25777 0
      vertex 58.2979 3.00556 0
    endloop
  endfacet
  facet normal -0.522462 -0.852662 0
    outer loop
      vertex 58.9068 10.7422 0
      vertex 59.4687 10.3979 0.599999
      vertex 58.9068 10.7422 0.599999
    endloop
  endfacet
  facet normal -0.522462 -0.852662 -0
    outer loop
      vertex 59.4687 10.3979 0.599999
      vertex 58.9068 10.7422 0
      vertex 59.4687 10.3979 0
    endloop
  endfacet
  facet normal 0.0784636 0.996917 -0
    outer loop
      vertex 57 2.8 0
      vertex 56.343 2.85171 0.599999
      vertex 57 2.8 0.599999
    endloop
  endfacet
  facet normal 0.0784636 0.996917 0
    outer loop
      vertex 56.343 2.85171 0.599999
      vertex 57 2.8 0
      vertex 56.343 2.85171 0
    endloop
  endfacet
  facet normal 0.382664 -0.923887 0
    outer loop
      vertex 55.0932 10.7422 0
      vertex 55.7021 10.9944 0.599999
      vertex 55.0932 10.7422 0.599999
    endloop
  endfacet
  facet normal 0.382664 -0.923887 0
    outer loop
      vertex 55.7021 10.9944 0.599999
      vertex 55.0932 10.7422 0
      vertex 55.7021 10.9944 0
    endloop
  endfacet
  facet normal 0.233493 -0.972358 0
    outer loop
      vertex 55.7021 10.9944 0
      vertex 56.343 11.1483 0.599999
      vertex 55.7021 10.9944 0.599999
    endloop
  endfacet
  facet normal 0.233493 -0.972358 0
    outer loop
      vertex 56.343 11.1483 0.599999
      vertex 55.7021 10.9944 0
      vertex 56.343 11.1483 0
    endloop
  endfacet
  facet normal 0.760348 0.649516 0
    outer loop
      vertex 54.0302 4.03015 0.599999
      vertex 53.6021 4.5313 0
      vertex 53.6021 4.5313 0.599999
    endloop
  endfacet
  facet normal 0.760348 0.649516 0
    outer loop
      vertex 53.6021 4.5313 0
      vertex 54.0302 4.03015 0.599999
      vertex 54.0302 4.03015 0
    endloop
  endfacet
  facet normal -0.760348 0.649516 0
    outer loop
      vertex 59.9698 4.03015 0
      vertex 60.3979 4.5313 0.599999
      vertex 60.3979 4.5313 0
    endloop
  endfacet
  facet normal -0.760348 0.649516 0
    outer loop
      vertex 60.3979 4.5313 0.599999
      vertex 59.9698 4.03015 0
      vertex 59.9698 4.03015 0.599999
    endloop
  endfacet
  facet normal -0.996918 0.0784449 0
    outer loop
      vertex 61.1483 6.34297 0
      vertex 61.2 7 0.599999
      vertex 61.2 7 0
    endloop
  endfacet
  facet normal -0.996918 0.0784449 0
    outer loop
      vertex 61.2 7 0.599999
      vertex 61.1483 6.34297 0
      vertex 61.1483 6.34297 0.599999
    endloop
  endfacet
  facet normal -0.923885 -0.38267 0
    outer loop
      vertex 60.9944 8.29787 0
      vertex 60.7422 8.90676 0.599999
      vertex 60.7422 8.90676 0
    endloop
  endfacet
  facet normal -0.923885 -0.38267 0
    outer loop
      vertex 60.7422 8.90676 0.599999
      vertex 60.9944 8.29787 0
      vertex 60.9944 8.29787 0.599999
    endloop
  endfacet
  facet normal -0.972353 0.233514 0
    outer loop
      vertex 60.9944 5.70213 0
      vertex 61.1483 6.34297 0.599999
      vertex 61.1483 6.34297 0
    endloop
  endfacet
  facet normal -0.972353 0.233514 0
    outer loop
      vertex 61.1483 6.34297 0.599999
      vertex 60.9944 5.70213 0
      vertex 60.9944 5.70213 0.599999
    endloop
  endfacet
  facet normal -0.649483 0.760376 0
    outer loop
      vertex 59.9698 4.03015 0
      vertex 59.4687 3.60213 0.599999
      vertex 59.9698 4.03015 0.599999
    endloop
  endfacet
  facet normal -0.649483 0.760376 0
    outer loop
      vertex 59.4687 3.60213 0.599999
      vertex 59.9698 4.03015 0
      vertex 59.4687 3.60213 0
    endloop
  endfacet
  facet normal 0.852679 0.522435 0
    outer loop
      vertex 53.6021 4.5313 0.599999
      vertex 53.2578 5.09324 0
      vertex 53.2578 5.09324 0.599999
    endloop
  endfacet
  facet normal 0.852679 0.522435 0
    outer loop
      vertex 53.2578 5.09324 0
      vertex 53.6021 4.5313 0.599999
      vertex 53.6021 4.5313 0
    endloop
  endfacet
  facet normal 0.233422 0.972376 -0
    outer loop
      vertex 56.343 2.85171 0
      vertex 55.7021 3.00556 0.599999
      vertex 56.343 2.85171 0.599999
    endloop
  endfacet
  facet normal 0.233422 0.972376 0
    outer loop
      vertex 55.7021 3.00556 0.599999
      vertex 56.343 2.85171 0
      vertex 55.7021 3.00556 0
    endloop
  endfacet
  facet normal 0.972353 0.233514 0
    outer loop
      vertex 53.0056 5.70213 0.599999
      vertex 52.8517 6.34297 0
      vertex 52.8517 6.34297 0.599999
    endloop
  endfacet
  facet normal 0.972353 0.233514 0
    outer loop
      vertex 52.8517 6.34297 0
      vertex 53.0056 5.70213 0.599999
      vertex 53.0056 5.70213 0
    endloop
  endfacet
  facet normal 0.996918 -0.0784461 0
    outer loop
      vertex 52.8 7 0.599999
      vertex 52.8517 7.65702 0
      vertex 52.8517 7.65702 0.599999
    endloop
  endfacet
  facet normal 0.996918 -0.0784461 0
    outer loop
      vertex 52.8517 7.65702 0
      vertex 52.8 7 0.599999
      vertex 52.8 7 0
    endloop
  endfacet
  facet normal 0.0784485 -0.996918 0
    outer loop
      vertex 56.343 11.1483 0
      vertex 57 11.2 0.599999
      vertex 56.343 11.1483 0.599999
    endloop
  endfacet
  facet normal 0.0784485 -0.996918 0
    outer loop
      vertex 57 11.2 0.599999
      vertex 56.343 11.1483 0
      vertex 57 11.2 0
    endloop
  endfacet
  facet normal -0.0784485 -0.996918 0
    outer loop
      vertex 57 11.2 0
      vertex 57.657 11.1483 0.599999
      vertex 57 11.2 0.599999
    endloop
  endfacet
  facet normal -0.0784485 -0.996918 -0
    outer loop
      vertex 57.657 11.1483 0.599999
      vertex 57 11.2 0
      vertex 57.657 11.1483 0
    endloop
  endfacet
  facet normal 0 0 -1
    outer loop
      vertex 61.1483 6.34297 0.599999
      vertex 61.1483 7.65702 0.599999
      vertex 61.2 7 0.599999
    endloop
  endfacet
  facet normal 0 0 -1
    outer loop
      vertex 60.9944 5.70213 0.599999
      vertex 61.1483 7.65702 0.599999
      vertex 61.1483 6.34297 0.599999
    endloop
  endfacet
  facet normal 0 0 -1
    outer loop
      vertex 60.9944 5.70213 0.599999
      vertex 60.9944 8.29787 0.599999
      vertex 61.1483 7.65702 0.599999
    endloop
  endfacet
  facet normal 0 0 -1
    outer loop
      vertex 60.7422 5.09324 0.599999
      vertex 60.9944 8.29787 0.599999
      vertex 60.9944 5.70213 0.599999
    endloop
  endfacet
  facet normal 0 0 -1
    outer loop
      vertex 60.7422 5.09324 0.599999
      vertex 60.7422 8.90676 0.599999
      vertex 60.9944 8.29787 0.599999
    endloop
  endfacet
  facet normal 0 0 -1
    outer loop
      vertex 60.3979 4.5313 0.599999
      vertex 60.7422 8.90676 0.599999
      vertex 60.7422 5.09324 0.599999
    endloop
  endfacet
  facet normal 0 0 -1
    outer loop
      vertex 60.3979 4.5313 0.599999
      vertex 60.3979 9.4687 0.599999
      vertex 60.7422 8.90676 0.599999
    endloop
  endfacet
  facet normal 0 0 -1
    outer loop
      vertex 59.9698 4.03015 0.599999
      vertex 60.3979 9.4687 0.599999
      vertex 60.3979 4.5313 0.599999
    endloop
  endfacet
  facet normal 0 0 -1
    outer loop
      vertex 59.9698 4.03015 0.599999
      vertex 59.9698 9.96985 0.599999
      vertex 60.3979 9.4687 0.599999
    endloop
  endfacet
  facet normal 0 0 -1
    outer loop
      vertex 59.4687 3.60213 0.599999
      vertex 59.9698 9.96985 0.599999
      vertex 59.9698 4.03015 0.599999
    endloop
  endfacet
  facet normal 0 0 -1
    outer loop
      vertex 59.4687 3.60213 0.599999
      vertex 59.4687 10.3979 0.599999
      vertex 59.9698 9.96985 0.599999
    endloop
  endfacet
  facet normal 0 0 -1
    outer loop
      vertex 58.9068 3.25777 0.599999
      vertex 59.4687 10.3979 0.599999
      vertex 59.4687 3.60213 0.599999
    endloop
  endfacet
  facet normal 0 0 -1
    outer loop
      vertex 58.9068 3.25777 0.599999
      vertex 58.9068 10.7422 0.599999
      vertex 59.4687 10.3979 0.599999
    endloop
  endfacet
  facet normal 0 0 -1
    outer loop
      vertex 58.2979 3.00556 0.599999
      vertex 58.9068 10.7422 0.599999
      vertex 58.9068 3.25777 0.599999
    endloop
  endfacet
  facet normal 0 0 -1
    outer loop
      vertex 58.2979 3.00556 0.599999
      vertex 58.2979 10.9944 0.599999
      vertex 58.9068 10.7422 0.599999
    endloop
  endfacet
  facet normal 0 0 -1
    outer loop
      vertex 57.657 2.85171 0.599999
      vertex 58.2979 10.9944 0.599999
      vertex 58.2979 3.00556 0.599999
    endloop
  endfacet
  facet normal 0 0 -1
    outer loop
      vertex 57.657 2.85171 0.599999
      vertex 57.657 11.1483 0.599999
      vertex 58.2979 10.9944 0.599999
    endloop
  endfacet
  facet normal 0 0 -1
    outer loop
      vertex 57 2.8 0.599999
      vertex 57.657 11.1483 0.599999
      vertex 57.657 2.85171 0.599999
    endloop
  endfacet
  facet normal 0 0 -1
    outer loop
      vertex 57 2.8 0.599999
      vertex 57 11.2 0.599999
      vertex 57.657 11.1483 0.599999
    endloop
  endfacet
  facet normal 0 0 -1
    outer loop
      vertex 56.343 2.85171 0.599999
      vertex 57 11.2 0.599999
      vertex 57 2.8 0.599999
    endloop
  endfacet
  facet normal 0 0 -1
    outer loop
      vertex 56.343 2.85171 0.599999
      vertex 56.343 11.1483 0.599999
      vertex 57 11.2 0.599999
    endloop
  endfacet
  facet normal 0 0 -1
    outer loop
      vertex 55.7021 3.00556 0.599999
      vertex 56.343 11.1483 0.599999
      vertex 56.343 2.85171 0.599999
    endloop
  endfacet
  facet normal 0 0 -1
    outer loop
      vertex 55.7021 3.00556 0.599999
      vertex 55.7021 10.9944 0.599999
      vertex 56.343 11.1483 0.599999
    endloop
  endfacet
  facet normal 0 0 -1
    outer loop
      vertex 55.0932 3.25777 0.599999
      vertex 55.7021 10.9944 0.599999
      vertex 55.7021 3.00556 0.599999
    endloop
  endfacet
  facet normal 0 0 -1
    outer loop
      vertex 55.0932 3.25777 0.599999
      vertex 55.0932 10.7422 0.599999
      vertex 55.7021 10.9944 0.599999
    endloop
  endfacet
  facet normal 0 0 -1
    outer loop
      vertex 54.5313 3.60213 0.599999
      vertex 55.0932 10.7422 0.599999
      vertex 55.0932 3.25777 0.599999
    endloop
  endfacet
  facet normal 0 0 -1
    outer loop
      vertex 54.5313 3.60213 0.599999
      vertex 54.5313 10.3979 0.599999
      vertex 55.0932 10.7422 0.599999
    endloop
  endfacet
  facet normal 0 0 -1
    outer loop
      vertex 54.0302 4.03015 0.599999
      vertex 54.5313 10.3979 0.599999
      vertex 54.5313 3.60213 0.599999
    endloop
  endfacet
  facet normal 0 0 -1
    outer loop
      vertex 54.0302 4.03015 0.599999
      vertex 54.0302 9.96985 0.599999
      vertex 54.5313 10.3979 0.599999
    endloop
  endfacet
  facet normal 0 0 -1
    outer loop
      vertex 53.6021 4.5313 0.599999
      vertex 54.0302 9.96985 0.599999
      vertex 54.0302 4.03015 0.599999
    endloop
  endfacet
  facet normal 0 0 -1
    outer loop
      vertex 53.6021 4.5313 0.599999
      vertex 53.6021 9.4687 0.599999
      vertex 54.0302 9.96985 0.599999
    endloop
  endfacet
  facet normal 0 0 -1
    outer loop
      vertex 53.2578 5.09324 0.599999
      vertex 53.6021 9.4687 0.599999
      vertex 53.6021 4.5313 0.599999
    endloop
  endfacet
  facet normal 0 0 -1
    outer loop
      vertex 53.2578 5.09324 0.599999
      vertex 53.2578 8.90676 0.599999
      vertex 53.6021 9.4687 0.599999
    endloop
  endfacet
  facet normal 0 0 -1
    outer loop
      vertex 53.0056 5.70213 0.599999
      vertex 53.2578 8.90676 0.599999
      vertex 53.2578 5.09324 0.599999
    endloop
  endfacet
  facet normal 0 0 -1
    outer loop
      vertex 53.0056 5.70213 0.599999
      vertex 53.0056 8.29787 0.599999
      vertex 53.2578 8.90676 0.599999
    endloop
  endfacet
  facet normal 0 0 -1
    outer loop
      vertex 52.8517 6.34297 0.599999
      vertex 53.0056 8.29787 0.599999
      vertex 53.0056 5.70213 0.599999
    endloop
  endfacet
  facet normal 0 0 -1
    outer loop
      vertex 52.8517 6.34297 0.599999
      vertex 52.8517 7.65702 0.599999
      vertex 53.0056 8.29787 0.599999
    endloop
  endfacet
  facet normal 0 -0 -1
    outer loop
      vertex 52.8517 7.65702 0.599999
      vertex 52.8517 6.34297 0.599999
      vertex 52.8 7 0.599999
    endloop
  endfacet
  facet normal 0.923885 -0.38267 0
    outer loop
      vertex 53.0056 8.29787 0.599999
      vertex 53.2578 8.90676 0
      vertex 53.2578 8.90676 0.599999
    endloop
  endfacet
  facet normal 0.923885 -0.38267 0
    outer loop
      vertex 53.2578 8.90676 0
      vertex 53.0056 8.29787 0.599999
      vertex 53.0056 8.29787 0
    endloop
  endfacet
  facet normal -0.972358 -0.233493 0
    outer loop
      vertex 61.1483 31.657 0
      vertex 60.9944 32.2979 0.599999
      vertex 60.9944 32.2979 0
    endloop
  endfacet
  facet normal -0.972358 -0.233493 0
    outer loop
      vertex 60.9944 32.2979 0.599999
      vertex 61.1483 31.657 0
      vertex 61.1483 31.657 0.599999
    endloop
  endfacet
  facet normal -0.996918 -0.0784485 0
    outer loop
      vertex 61.2 31 0
      vertex 61.1483 31.657 0.599999
      vertex 61.1483 31.657 0
    endloop
  endfacet
  facet normal -0.996918 -0.0784485 0
    outer loop
      vertex 61.1483 31.657 0.599999
      vertex 61.2 31 0
      vertex 61.2 31 0.599999
    endloop
  endfacet
  facet normal -0.760316 -0.649553 0
    outer loop
      vertex 60.3979 33.4687 0
      vertex 59.9698 33.9698 0.599999
      vertex 59.9698 33.9698 0
    endloop
  endfacet
  facet normal -0.760316 -0.649553 0
    outer loop
      vertex 59.9698 33.9698 0.599999
      vertex 60.3979 33.4687 0
      vertex 60.3979 33.4687 0.599999
    endloop
  endfacet
  facet normal 0.649553 0.760316 -0
    outer loop
      vertex 54.5313 27.6021 0
      vertex 54.0302 28.0302 0.599999
      vertex 54.5313 27.6021 0.599999
    endloop
  endfacet
  facet normal 0.649553 0.760316 0
    outer loop
      vertex 54.0302 28.0302 0.599999
      vertex 54.5313 27.6021 0
      vertex 54.0302 28.0302 0
    endloop
  endfacet
  facet normal 0.852662 -0.522462 0
    outer loop
      vertex 53.2578 32.9068 0.599999
      vertex 53.6021 33.4687 0
      vertex 53.6021 33.4687 0.599999
    endloop
  endfacet
  facet normal 0.852662 -0.522462 0
    outer loop
      vertex 53.6021 33.4687 0
      vertex 53.2578 32.9068 0.599999
      vertex 53.2578 32.9068 0
    endloop
  endfacet
  facet normal -0.852662 -0.522462 0
    outer loop
      vertex 60.7422 32.9068 0
      vertex 60.3979 33.4687 0.599999
      vertex 60.3979 33.4687 0
    endloop
  endfacet
  facet normal -0.852662 -0.522462 0
    outer loop
      vertex 60.3979 33.4687 0.599999
      vertex 60.7422 32.9068 0
      vertex 60.7422 32.9068 0.599999
    endloop
  endfacet
  facet normal 0.522462 0.852662 -0
    outer loop
      vertex 55.0932 27.2578 0
      vertex 54.5313 27.6021 0.599999
      vertex 55.0932 27.2578 0.599999
    endloop
  endfacet
  facet normal 0.522462 0.852662 0
    outer loop
      vertex 54.5313 27.6021 0.599999
      vertex 55.0932 27.2578 0
      vertex 54.5313 27.6021 0
    endloop
  endfacet
  facet normal -0.382664 -0.923887 0
    outer loop
      vertex 58.2979 34.9944 0
      vertex 58.9068 34.7422 0.599999
      vertex 58.2979 34.9944 0.599999
    endloop
  endfacet
  facet normal -0.382664 -0.923887 -0
    outer loop
      vertex 58.9068 34.7422 0.599999
      vertex 58.2979 34.9944 0
      vertex 58.9068 34.7422 0
    endloop
  endfacet
  facet normal -0.923887 0.382664 0
    outer loop
      vertex 60.7422 29.0932 0
      vertex 60.9944 29.7021 0.599999
      vertex 60.9944 29.7021 0
    endloop
  endfacet
  facet normal -0.923887 0.382664 0
    outer loop
      vertex 60.9944 29.7021 0.599999
      vertex 60.7422 29.0932 0
      vertex 60.7422 29.0932 0.599999
    endloop
  endfacet
  facet normal 0.923887 0.382664 0
    outer loop
      vertex 53.2578 29.0932 0.599999
      vertex 53.0056 29.7021 0
      vertex 53.0056 29.7021 0.599999
    endloop
  endfacet
  facet normal 0.923887 0.382664 0
    outer loop
      vertex 53.0056 29.7021 0
      vertex 53.2578 29.0932 0.599999
      vertex 53.2578 29.0932 0
    endloop
  endfacet
  facet normal 0.649553 -0.760316 0
    outer loop
      vertex 54.0302 33.9698 0
      vertex 54.5313 34.3979 0.599999
      vertex 54.0302 33.9698 0.599999
    endloop
  endfacet
  facet normal 0.649553 -0.760316 0
    outer loop
      vertex 54.5313 34.3979 0.599999
      vertex 54.0302 33.9698 0
      vertex 54.5313 34.3979 0
    endloop
  endfacet
  facet normal -0.233493 0.972358 0
    outer loop
      vertex 58.2979 27.0056 0
      vertex 57.657 26.8517 0.599999
      vertex 58.2979 27.0056 0.599999
    endloop
  endfacet
  facet normal -0.233493 0.972358 0
    outer loop
      vertex 57.657 26.8517 0.599999
      vertex 58.2979 27.0056 0
      vertex 57.657 26.8517 0
    endloop
  endfacet
  facet normal -0.522462 0.852662 0
    outer loop
      vertex 59.4687 27.6021 0
      vertex 58.9068 27.2578 0.599999
      vertex 59.4687 27.6021 0.599999
    endloop
  endfacet
  facet normal -0.522462 0.852662 0
    outer loop
      vertex 58.9068 27.2578 0.599999
      vertex 59.4687 27.6021 0
      vertex 58.9068 27.2578 0
    endloop
  endfacet
  facet normal -0.233493 -0.972358 0
    outer loop
      vertex 57.657 35.1483 0
      vertex 58.2979 34.9944 0.599999
      vertex 57.657 35.1483 0.599999
    endloop
  endfacet
  facet normal -0.233493 -0.972358 -0
    outer loop
      vertex 58.2979 34.9944 0.599999
      vertex 57.657 35.1483 0
      vertex 58.2979 34.9944 0
    endloop
  endfacet
  facet normal 0.382664 0.923887 -0
    outer loop
      vertex 55.7021 27.0056 0
      vertex 55.0932 27.2578 0.599999
      vertex 55.7021 27.0056 0.599999
    endloop
  endfacet
  facet normal 0.382664 0.923887 0
    outer loop
      vertex 55.0932 27.2578 0.599999
      vertex 55.7021 27.0056 0
      vertex 55.0932 27.2578 0
    endloop
  endfacet
  facet normal 0.996918 0.0784485 0
    outer loop
      vertex 52.8517 30.343 0.599999
      vertex 52.8 31 0
      vertex 52.8 31 0.599999
    endloop
  endfacet
  facet normal 0.996918 0.0784485 0
    outer loop
      vertex 52.8 31 0
      vertex 52.8517 30.343 0.599999
      vertex 52.8517 30.343 0
    endloop
  endfacet
  facet normal -0.0784485 0.996918 0
    outer loop
      vertex 57.657 26.8517 0
      vertex 57 26.8 0.599999
      vertex 57.657 26.8517 0.599999
    endloop
  endfacet
  facet normal -0.0784485 0.996918 0
    outer loop
      vertex 57 26.8 0.599999
      vertex 57.657 26.8517 0
      vertex 57 26.8 0
    endloop
  endfacet
  facet normal -0.852662 0.522462 0
    outer loop
      vertex 60.3979 28.5313 0
      vertex 60.7422 29.0932 0.599999
      vertex 60.7422 29.0932 0
    endloop
  endfacet
  facet normal -0.852662 0.522462 0
    outer loop
      vertex 60.7422 29.0932 0.599999
      vertex 60.3979 28.5313 0
      vertex 60.3979 28.5313 0.599999
    endloop
  endfacet
  facet normal 0.522462 -0.852662 0
    outer loop
      vertex 54.5313 34.3979 0
      vertex 55.0932 34.7422 0.599999
      vertex 54.5313 34.3979 0.599999
    endloop
  endfacet
  facet normal 0.522462 -0.852662 0
    outer loop
      vertex 55.0932 34.7422 0.599999
      vertex 54.5313 34.3979 0
      vertex 55.0932 34.7422 0
    endloop
  endfacet
  facet normal 0.760316 -0.649553 0
    outer loop
      vertex 53.6021 33.4687 0.599999
      vertex 54.0302 33.9698 0
      vertex 54.0302 33.9698 0.599999
    endloop
  endfacet
  facet normal 0.760316 -0.649553 0
    outer loop
      vertex 54.0302 33.9698 0
      vertex 53.6021 33.4687 0.599999
      vertex 53.6021 33.4687 0
    endloop
  endfacet
  facet normal -0.649553 -0.760316 0
    outer loop
      vertex 59.4687 34.3979 0
      vertex 59.9698 33.9698 0.599999
      vertex 59.4687 34.3979 0.599999
    endloop
  endfacet
  facet normal -0.649553 -0.760316 -0
    outer loop
      vertex 59.9698 33.9698 0.599999
      vertex 59.4687 34.3979 0
      vertex 59.9698 33.9698 0
    endloop
  endfacet
  facet normal 0.972358 -0.233493 0
    outer loop
      vertex 52.8517 31.657 0.599999
      vertex 53.0056 32.2979 0
      vertex 53.0056 32.2979 0.599999
    endloop
  endfacet
  facet normal 0.972358 -0.233493 0
    outer loop
      vertex 53.0056 32.2979 0
      vertex 52.8517 31.657 0.599999
      vertex 52.8517 31.657 0
    endloop
  endfacet
  facet normal -0.382664 0.923887 0
    outer loop
      vertex 58.9068 27.2578 0
      vertex 58.2979 27.0056 0.599999
      vertex 58.9068 27.2578 0.599999
    endloop
  endfacet
  facet normal -0.382664 0.923887 0
    outer loop
      vertex 58.2979 27.0056 0.599999
      vertex 58.9068 27.2578 0
      vertex 58.2979 27.0056 0
    endloop
  endfacet
  facet normal -0.522462 -0.852662 0
    outer loop
      vertex 58.9068 34.7422 0
      vertex 59.4687 34.3979 0.599999
      vertex 58.9068 34.7422 0.599999
    endloop
  endfacet
  facet normal -0.522462 -0.852662 -0
    outer loop
      vertex 59.4687 34.3979 0.599999
      vertex 58.9068 34.7422 0
      vertex 59.4687 34.3979 0
    endloop
  endfacet
  facet normal 0.0784485 0.996918 -0
    outer loop
      vertex 57 26.8 0
      vertex 56.343 26.8517 0.599999
      vertex 57 26.8 0.599999
    endloop
  endfacet
  facet normal 0.0784485 0.996918 0
    outer loop
      vertex 56.343 26.8517 0.599999
      vertex 57 26.8 0
      vertex 56.343 26.8517 0
    endloop
  endfacet
  facet normal 0.382664 -0.923887 0
    outer loop
      vertex 55.0932 34.7422 0
      vertex 55.7021 34.9944 0.599999
      vertex 55.0932 34.7422 0.599999
    endloop
  endfacet
  facet normal 0.382664 -0.923887 0
    outer loop
      vertex 55.7021 34.9944 0.599999
      vertex 55.0932 34.7422 0
      vertex 55.7021 34.9944 0
    endloop
  endfacet
  facet normal 0.233493 -0.972358 0
    outer loop
      vertex 55.7021 34.9944 0
      vertex 56.343 35.1483 0.599999
      vertex 55.7021 34.9944 0.599999
    endloop
  endfacet
  facet normal 0.233493 -0.972358 0
    outer loop
      vertex 56.343 35.1483 0.599999
      vertex 55.7021 34.9944 0
      vertex 56.343 35.1483 0
    endloop
  endfacet
  facet normal 0.760316 0.649553 0
    outer loop
      vertex 54.0302 28.0302 0.599999
      vertex 53.6021 28.5313 0
      vertex 53.6021 28.5313 0.599999
    endloop
  endfacet
  facet normal 0.760316 0.649553 0
    outer loop
      vertex 53.6021 28.5313 0
      vertex 54.0302 28.0302 0.599999
      vertex 54.0302 28.0302 0
    endloop
  endfacet
  facet normal -0.760316 0.649553 0
    outer loop
      vertex 59.9698 28.0302 0
      vertex 60.3979 28.5313 0.599999
      vertex 60.3979 28.5313 0
    endloop
  endfacet
  facet normal -0.760316 0.649553 0
    outer loop
      vertex 60.3979 28.5313 0.599999
      vertex 59.9698 28.0302 0
      vertex 59.9698 28.0302 0.599999
    endloop
  endfacet
  facet normal -0.996918 0.0784485 0
    outer loop
      vertex 61.1483 30.343 0
      vertex 61.2 31 0.599999
      vertex 61.2 31 0
    endloop
  endfacet
  facet normal -0.996918 0.0784485 0
    outer loop
      vertex 61.2 31 0.599999
      vertex 61.1483 30.343 0
      vertex 61.1483 30.343 0.599999
    endloop
  endfacet
  facet normal -0.923887 -0.382664 0
    outer loop
      vertex 60.9944 32.2979 0
      vertex 60.7422 32.9068 0.599999
      vertex 60.7422 32.9068 0
    endloop
  endfacet
  facet normal -0.923887 -0.382664 0
    outer loop
      vertex 60.7422 32.9068 0.599999
      vertex 60.9944 32.2979 0
      vertex 60.9944 32.2979 0.599999
    endloop
  endfacet
  facet normal -0.972358 0.233493 0
    outer loop
      vertex 60.9944 29.7021 0
      vertex 61.1483 30.343 0.599999
      vertex 61.1483 30.343 0
    endloop
  endfacet
  facet normal -0.972358 0.233493 0
    outer loop
      vertex 61.1483 30.343 0.599999
      vertex 60.9944 29.7021 0
      vertex 60.9944 29.7021 0.599999
    endloop
  endfacet
  facet normal -0.649553 0.760316 0
    outer loop
      vertex 59.9698 28.0302 0
      vertex 59.4687 27.6021 0.599999
      vertex 59.9698 28.0302 0.599999
    endloop
  endfacet
  facet normal -0.649553 0.760316 0
    outer loop
      vertex 59.4687 27.6021 0.599999
      vertex 59.9698 28.0302 0
      vertex 59.4687 27.6021 0
    endloop
  endfacet
  facet normal 0.852662 0.522462 0
    outer loop
      vertex 53.6021 28.5313 0.599999
      vertex 53.2578 29.0932 0
      vertex 53.2578 29.0932 0.599999
    endloop
  endfacet
  facet normal 0.852662 0.522462 0
    outer loop
      vertex 53.2578 29.0932 0
      vertex 53.6021 28.5313 0.599999
      vertex 53.6021 28.5313 0
    endloop
  endfacet
  facet normal 0.233493 0.972358 -0
    outer loop
      vertex 56.343 26.8517 0
      vertex 55.7021 27.0056 0.599999
      vertex 56.343 26.8517 0.599999
    endloop
  endfacet
  facet normal 0.233493 0.972358 0
    outer loop
      vertex 55.7021 27.0056 0.599999
      vertex 56.343 26.8517 0
      vertex 55.7021 27.0056 0
    endloop
  endfacet
  facet normal 0.972358 0.233493 0
    outer loop
      vertex 53.0056 29.7021 0.599999
      vertex 52.8517 30.343 0
      vertex 52.8517 30.343 0.599999
    endloop
  endfacet
  facet normal 0.972358 0.233493 0
    outer loop
      vertex 52.8517 30.343 0
      vertex 53.0056 29.7021 0.599999
      vertex 53.0056 29.7021 0
    endloop
  endfacet
  facet normal 0.996918 -0.0784485 0
    outer loop
      vertex 52.8 31 0.599999
      vertex 52.8517 31.657 0
      vertex 52.8517 31.657 0.599999
    endloop
  endfacet
  facet normal 0.996918 -0.0784485 0
    outer loop
      vertex 52.8517 31.657 0
      vertex 52.8 31 0.599999
      vertex 52.8 31 0
    endloop
  endfacet
  facet normal 0.0784485 -0.996918 0
    outer loop
      vertex 56.343 35.1483 0
      vertex 57 35.2 0.599999
      vertex 56.343 35.1483 0.599999
    endloop
  endfacet
  facet normal 0.0784485 -0.996918 0
    outer loop
      vertex 57 35.2 0.599999
      vertex 56.343 35.1483 0
      vertex 57 35.2 0
    endloop
  endfacet
  facet normal -0.0784485 -0.996918 0
    outer loop
      vertex 57 35.2 0
      vertex 57.657 35.1483 0.599999
      vertex 57 35.2 0.599999
    endloop
  endfacet
  facet normal -0.0784485 -0.996918 -0
    outer loop
      vertex 57.657 35.1483 0.599999
      vertex 57 35.2 0
      vertex 57.657 35.1483 0
    endloop
  endfacet
  facet normal 0 0 -1
    outer loop
      vertex 61.1483 30.343 0.599999
      vertex 61.1483 31.657 0.599999
      vertex 61.2 31 0.599999
    endloop
  endfacet
  facet normal 0 0 -1
    outer loop
      vertex 60.9944 29.7021 0.599999
      vertex 61.1483 31.657 0.599999
      vertex 61.1483 30.343 0.599999
    endloop
  endfacet
  facet normal 0 0 -1
    outer loop
      vertex 60.9944 29.7021 0.599999
      vertex 60.9944 32.2979 0.599999
      vertex 61.1483 31.657 0.599999
    endloop
  endfacet
  facet normal 0 0 -1
    outer loop
      vertex 60.7422 29.0932 0.599999
      vertex 60.9944 32.2979 0.599999
      vertex 60.9944 29.7021 0.599999
    endloop
  endfacet
  facet normal 0 0 -1
    outer loop
      vertex 60.7422 29.0932 0.599999
      vertex 60.7422 32.9068 0.599999
      vertex 60.9944 32.2979 0.599999
    endloop
  endfacet
  facet normal 0 0 -1
    outer loop
      vertex 60.3979 28.5313 0.599999
      vertex 60.7422 32.9068 0.599999
      vertex 60.7422 29.0932 0.599999
    endloop
  endfacet
  facet normal 0 0 -1
    outer loop
      vertex 60.3979 28.5313 0.599999
      vertex 60.3979 33.4687 0.599999
      vertex 60.7422 32.9068 0.599999
    endloop
  endfacet
  facet normal 0 0 -1
    outer loop
      vertex 59.9698 28.0302 0.599999
      vertex 60.3979 33.4687 0.599999
      vertex 60.3979 28.5313 0.599999
    endloop
  endfacet
  facet normal 0 0 -1
    outer loop
      vertex 59.9698 28.0302 0.599999
      vertex 59.9698 33.9698 0.599999
      vertex 60.3979 33.4687 0.599999
    endloop
  endfacet
  facet normal 0 0 -1
    outer loop
      vertex 59.4687 27.6021 0.599999
      vertex 59.9698 33.9698 0.599999
      vertex 59.9698 28.0302 0.599999
    endloop
  endfacet
  facet normal 0 0 -1
    outer loop
      vertex 59.4687 27.6021 0.599999
      vertex 59.4687 34.3979 0.599999
      vertex 59.9698 33.9698 0.599999
    endloop
  endfacet
  facet normal 0 0 -1
    outer loop
      vertex 58.9068 27.2578 0.599999
      vertex 59.4687 34.3979 0.599999
      vertex 59.4687 27.6021 0.599999
    endloop
  endfacet
  facet normal 0 0 -1
    outer loop
      vertex 58.9068 27.2578 0.599999
      vertex 58.9068 34.7422 0.599999
      vertex 59.4687 34.3979 0.599999
    endloop
  endfacet
  facet normal 0 0 -1
    outer loop
      vertex 58.2979 27.0056 0.599999
      vertex 58.9068 34.7422 0.599999
      vertex 58.9068 27.2578 0.599999
    endloop
  endfacet
  facet normal 0 0 -1
    outer loop
      vertex 58.2979 27.0056 0.599999
      vertex 58.2979 34.9944 0.599999
      vertex 58.9068 34.7422 0.599999
    endloop
  endfacet
  facet normal 0 0 -1
    outer loop
      vertex 57.657 26.8517 0.599999
      vertex 58.2979 34.9944 0.599999
      vertex 58.2979 27.0056 0.599999
    endloop
  endfacet
  facet normal 0 0 -1
    outer loop
      vertex 57.657 26.8517 0.599999
      vertex 57.657 35.1483 0.599999
      vertex 58.2979 34.9944 0.599999
    endloop
  endfacet
  facet normal 0 0 -1
    outer loop
      vertex 57 26.8 0.599999
      vertex 57.657 35.1483 0.599999
      vertex 57.657 26.8517 0.599999
    endloop
  endfacet
  facet normal 0 0 -1
    outer loop
      vertex 57 26.8 0.599999
      vertex 57 35.2 0.599999
      vertex 57.657 35.1483 0.599999
    endloop
  endfacet
  facet normal 0 0 -1
    outer loop
      vertex 56.343 26.8517 0.599999
      vertex 57 35.2 0.599999
      vertex 57 26.8 0.599999
    endloop
  endfacet
  facet normal 0 0 -1
    outer loop
      vertex 56.343 26.8517 0.599999
      vertex 56.343 35.1483 0.599999
      vertex 57 35.2 0.599999
    endloop
  endfacet
  facet normal 0 0 -1
    outer loop
      vertex 55.7021 27.0056 0.599999
      vertex 56.343 35.1483 0.599999
      vertex 56.343 26.8517 0.599999
    endloop
  endfacet
  facet normal 0 0 -1
    outer loop
      vertex 55.7021 27.0056 0.599999
      vertex 55.7021 34.9944 0.599999
      vertex 56.343 35.1483 0.599999
    endloop
  endfacet
  facet normal 0 0 -1
    outer loop
      vertex 55.0932 27.2578 0.599999
      vertex 55.7021 34.9944 0.599999
      vertex 55.7021 27.0056 0.599999
    endloop
  endfacet
  facet normal 0 0 -1
    outer loop
      vertex 55.0932 27.2578 0.599999
      vertex 55.0932 34.7422 0.599999
      vertex 55.7021 34.9944 0.599999
    endloop
  endfacet
  facet normal 0 0 -1
    outer loop
      vertex 54.5313 27.6021 0.599999
      vertex 55.0932 34.7422 0.599999
      vertex 55.0932 27.2578 0.599999
    endloop
  endfacet
  facet normal 0 0 -1
    outer loop
      vertex 54.5313 27.6021 0.599999
      vertex 54.5313 34.3979 0.599999
      vertex 55.0932 34.7422 0.599999
    endloop
  endfacet
  facet normal 0 0 -1
    outer loop
      vertex 54.0302 28.0302 0.599999
      vertex 54.5313 34.3979 0.599999
      vertex 54.5313 27.6021 0.599999
    endloop
  endfacet
  facet normal 0 0 -1
    outer loop
      vertex 54.0302 28.0302 0.599999
      vertex 54.0302 33.9698 0.599999
      vertex 54.5313 34.3979 0.599999
    endloop
  endfacet
  facet normal 0 0 -1
    outer loop
      vertex 53.6021 28.5313 0.599999
      vertex 54.0302 33.9698 0.599999
      vertex 54.0302 28.0302 0.599999
    endloop
  endfacet
  facet normal 0 0 -1
    outer loop
      vertex 53.6021 28.5313 0.599999
      vertex 53.6021 33.4687 0.599999
      vertex 54.0302 33.9698 0.599999
    endloop
  endfacet
  facet normal 0 0 -1
    outer loop
      vertex 53.2578 29.0932 0.599999
      vertex 53.6021 33.4687 0.599999
      vertex 53.6021 28.5313 0.599999
    endloop
  endfacet
  facet normal 0 0 -1
    outer loop
      vertex 53.2578 29.0932 0.599999
      vertex 53.2578 32.9068 0.599999
      vertex 53.6021 33.4687 0.599999
    endloop
  endfacet
  facet normal 0 0 -1
    outer loop
      vertex 53.0056 29.7021 0.599999
      vertex 53.2578 32.9068 0.599999
      vertex 53.2578 29.0932 0.599999
    endloop
  endfacet
  facet normal 0 0 -1
    outer loop
      vertex 53.0056 29.7021 0.599999
      vertex 53.0056 32.2979 0.599999
      vertex 53.2578 32.9068 0.599999
    endloop
  endfacet
  facet normal 0 0 -1
    outer loop
      vertex 52.8517 30.343 0.599999
      vertex 53.0056 32.2979 0.599999
      vertex 53.0056 29.7021 0.599999
    endloop
  endfacet
  facet normal 0 0 -1
    outer loop
      vertex 52.8517 30.343 0.599999
      vertex 52.8517 31.657 0.599999
      vertex 53.0056 32.2979 0.599999
    endloop
  endfacet
  facet normal 0 -0 -1
    outer loop
      vertex 52.8517 31.657 0.599999
      vertex 52.8517 30.343 0.599999
      vertex 52.8 31 0.599999
    endloop
  endfacet
  facet normal 0.923887 -0.382664 0
    outer loop
      vertex 53.0056 32.2979 0.599999
      vertex 53.2578 32.9068 0
      vertex 53.2578 32.9068 0.599999
    endloop
  endfacet
  facet normal 0.923887 -0.382664 0
    outer loop
      vertex 53.2578 32.9068 0
      vertex 53.0056 32.2979 0.599999
      vertex 53.0056 32.2979 0
    endloop
  endfacet
endsolid OpenSCAD_Model
